[     299ms] [INFO] %cDownload the React DevTools for a better development experience: https://react.dev/link/react-devtools font-weight:bold @ webpack-internal:///(app-pages-browser)/./node_modules/next/dist/compiled/react-dom/cjs/react-dom-client.development.js:24514
[     465ms] [WARNING] Image with src "/logo/logo.webp" has either width or height modified, but not the other. If you use CSS to change the size of your image, also include the styles 'width: "auto"' or 'height: "auto"' to maintain the aspect ratio. @ webpack-internal:///(app-pages-browser)/./node_modules/next/dist/shared/lib/utils/warn-once.js:15
[    3513ms] [WARNING] The resource http://localhost:3000/_next/image?url=%2Fbest%20shots%2FProduct%20image%2Fproduct-bodywash.webp&w=3840&q=75 was preloaded using link preload but not used within a few seconds from the window's load event. Please make sure it has an appropriate `as` value and it is preloaded intentionally. @ http://localhost:3000/:0
[    3513ms] [WARNING] The resource http://localhost:3000/_next/image?url=%2Flogo%2Flogo.webp&w=384&q=75 was preloaded using link preload but not used within a few seconds from the window's load event. Please make sure it has an appropriate `as` value and it is preloaded intentionally. @ http://localhost:3000/:0
[    8519ms] [WARNING] The resource http://localhost:3000/_next/image?url=%2Fbest%20shots%2FProduct%20image%2Fproduct-bodywash.webp&w=3840&q=75 was preloaded using link preload but not used within a few seconds from the window's load event. Please make sure it has an appropriate `as` value and it is preloaded intentionally. @ http://localhost:3000/:0
[    8519ms] [WARNING] The resource http://localhost:3000/_next/image?url=%2Flogo%2Flogo.webp&w=384&q=75 was preloaded using link preload but not used within a few seconds from the window's load event. Please make sure it has an appropriate `as` value and it is preloaded intentionally. @ http://localhost:3000/:0
[   18331ms] [WARNING] The resource http://localhost:3000/_next/image?url=%2Fbest%20shots%2FProduct%20image%2Fproduct-bodywash.webp&w=3840&q=75 was preloaded using link preload but not used within a few seconds from the window's load event. Please make sure it has an appropriate `as` value and it is preloaded intentionally. @ http://localhost:3000/:0
[   18331ms] [WARNING] The resource http://localhost:3000/_next/image?url=%2Flogo%2Flogo.webp&w=384&q=75 was preloaded using link preload but not used within a few seconds from the window's load event. Please make sure it has an appropriate `as` value and it is preloaded intentionally. @ http://localhost:3000/:0
[   23678ms] [WARNING] The resource http://localhost:3000/_next/image?url=%2Fbest%20shots%2FProduct%20image%2Fproduct-bodywash.webp&w=3840&q=75 was preloaded using link preload but not used within a few seconds from the window's load event. Please make sure it has an appropriate `as` value and it is preloaded intentionally. @ http://localhost:3000/:0
[   23679ms] [WARNING] The resource http://localhost:3000/_next/image?url=%2Flogo%2Flogo.webp&w=384&q=75 was preloaded using link preload but not used within a few seconds from the window's load event. Please make sure it has an appropriate `as` value and it is preloaded intentionally. @ http://localhost:3000/:0
[   33403ms] [WARNING] The resource http://localhost:3000/_next/image?url=%2Fbest%20shots%2FProduct%20image%2Fproduct-bodywash.webp&w=3840&q=75 was preloaded using link preload but not used within a few seconds from the window's load event. Please make sure it has an appropriate `as` value and it is preloaded intentionally. @ http://localhost:3000/:0
[   33403ms] [WARNING] The resource http://localhost:3000/_next/image?url=%2Flogo%2Flogo.webp&w=384&q=75 was preloaded using link preload but not used within a few seconds from the window's load event. Please make sure it has an appropriate `as` value and it is preloaded intentionally. @ http://localhost:3000/:0
[   38736ms] [WARNING] The resource http://localhost:3000/_next/image?url=%2Fbest%20shots%2FProduct%20image%2Fproduct-bodywash.webp&w=3840&q=75 was preloaded using link preload but not used within a few seconds from the window's load event. Please make sure it has an appropriate `as` value and it is preloaded intentionally. @ http://localhost:3000/:0
[   38736ms] [WARNING] The resource http://localhost:3000/_next/image?url=%2Flogo%2Flogo.webp&w=384&q=75 was preloaded using link preload but not used within a few seconds from the window's load event. Please make sure it has an appropriate `as` value and it is preloaded intentionally. @ http://localhost:3000/:0
[   48470ms] [WARNING] The resource http://localhost:3000/_next/image?url=%2Fbest%20shots%2FProduct%20image%2Fproduct-bodywash.webp&w=3840&q=75 was preloaded using link preload but not used within a few seconds from the window's load event. Please make sure it has an appropriate `as` value and it is preloaded intentionally. @ http://localhost:3000/:0
[   48470ms] [WARNING] The resource http://localhost:3000/_next/image?url=%2Flogo%2Flogo.webp&w=384&q=75 was preloaded using link preload but not used within a few seconds from the window's load event. Please make sure it has an appropriate `as` value and it is preloaded intentionally. @ http://localhost:3000/:0
[   53810ms] [WARNING] The resource http://localhost:3000/_next/image?url=%2Fbest%20shots%2FProduct%20image%2Fproduct-bodywash.webp&w=3840&q=75 was preloaded using link preload but not used within a few seconds from the window's load event. Please make sure it has an appropriate `as` value and it is preloaded intentionally. @ http://localhost:3000/:0
[   53810ms] [WARNING] The resource http://localhost:3000/_next/image?url=%2Flogo%2Flogo.webp&w=384&q=75 was preloaded using link preload but not used within a few seconds from the window's load event. Please make sure it has an appropriate `as` value and it is preloaded intentionally. @ http://localhost:3000/:0
[   63542ms] [WARNING] The resource http://localhost:3000/_next/image?url=%2Fbest%20shots%2FProduct%20image%2Fproduct-bodywash.webp&w=3840&q=75 was preloaded using link preload but not used within a few seconds from the window's load event. Please make sure it has an appropriate `as` value and it is preloaded intentionally. @ http://localhost:3000/:0
[   63542ms] [WARNING] The resource http://localhost:3000/_next/image?url=%2Flogo%2Flogo.webp&w=384&q=75 was preloaded using link preload but not used within a few seconds from the window's load event. Please make sure it has an appropriate `as` value and it is preloaded intentionally. @ http://localhost:3000/:0
[   68770ms] [WARNING] The resource http://localhost:3000/_next/image?url=%2Fbest%20shots%2FProduct%20image%2Fproduct-bodywash.webp&w=3840&q=75 was preloaded using link preload but not used within a few seconds from the window's load event. Please make sure it has an appropriate `as` value and it is preloaded intentionally. @ http://localhost:3000/:0
[   68770ms] [WARNING] The resource http://localhost:3000/_next/image?url=%2Flogo%2Flogo.webp&w=384&q=75 was preloaded using link preload but not used within a few seconds from the window's load event. Please make sure it has an appropriate `as` value and it is preloaded intentionally. @ http://localhost:3000/:0
[   78604ms] [WARNING] The resource http://localhost:3000/_next/image?url=%2Fbest%20shots%2FProduct%20image%2Fproduct-bodywash.webp&w=3840&q=75 was preloaded using link preload but not used within a few seconds from the window's load event. Please make sure it has an appropriate `as` value and it is preloaded intentionally. @ http://localhost:3000/:0
[   78604ms] [WARNING] The resource http://localhost:3000/_next/image?url=%2Flogo%2Flogo.webp&w=384&q=75 was preloaded using link preload but not used within a few seconds from the window's load event. Please make sure it has an appropriate `as` value and it is preloaded intentionally. @ http://localhost:3000/:0
[   83832ms] [WARNING] The resource http://localhost:3000/_next/image?url=%2Fbest%20shots%2FProduct%20image%2Fproduct-bodywash.webp&w=3840&q=75 was preloaded using link preload but not used within a few seconds from the window's load event. Please make sure it has an appropriate `as` value and it is preloaded intentionally. @ http://localhost:3000/:0
[   83832ms] [WARNING] The resource http://localhost:3000/_next/image?url=%2Flogo%2Flogo.webp&w=384&q=75 was preloaded using link preload but not used within a few seconds from the window's load event. Please make sure it has an appropriate `as` value and it is preloaded intentionally. @ http://localhost:3000/:0
[   93671ms] [WARNING] The resource http://localhost:3000/_next/image?url=%2Fbest%20shots%2FProduct%20image%2Fproduct-bodywash.webp&w=3840&q=75 was preloaded using link preload but not used within a few seconds from the window's load event. Please make sure it has an appropriate `as` value and it is preloaded intentionally. @ http://localhost:3000/:0
[   93671ms] [WARNING] The resource http://localhost:3000/_next/image?url=%2Flogo%2Flogo.webp&w=384&q=75 was preloaded using link preload but not used within a few seconds from the window's load event. Please make sure it has an appropriate `as` value and it is preloaded intentionally. @ http://localhost:3000/:0
[   98904ms] [WARNING] The resource http://localhost:3000/_next/image?url=%2Fbest%20shots%2FProduct%20image%2Fproduct-bodywash.webp&w=3840&q=75 was preloaded using link preload but not used within a few seconds from the window's load event. Please make sure it has an appropriate `as` value and it is preloaded intentionally. @ http://localhost:3000/:0
[   98904ms] [WARNING] The resource http://localhost:3000/_next/image?url=%2Flogo%2Flogo.webp&w=384&q=75 was preloaded using link preload but not used within a few seconds from the window's load event. Please make sure it has an appropriate `as` value and it is preloaded intentionally. @ http://localhost:3000/:0
[  108737ms] [WARNING] The resource http://localhost:3000/_next/image?url=%2Fbest%20shots%2FProduct%20image%2Fproduct-bodywash.webp&w=3840&q=75 was preloaded using link preload but not used within a few seconds from the window's load event. Please make sure it has an appropriate `as` value and it is preloaded intentionally. @ http://localhost:3000/:0
[  108737ms] [WARNING] The resource http://localhost:3000/_next/image?url=%2Flogo%2Flogo.webp&w=384&q=75 was preloaded using link preload but not used within a few seconds from the window's load event. Please make sure it has an appropriate `as` value and it is preloaded intentionally. @ http://localhost:3000/:0
[  113994ms] [WARNING] The resource http://localhost:3000/_next/image?url=%2Fbest%20shots%2FProduct%20image%2Fproduct-bodywash.webp&w=3840&q=75 was preloaded using link preload but not used within a few seconds from the window's load event. Please make sure it has an appropriate `as` value and it is preloaded intentionally. @ http://localhost:3000/:0
[  113994ms] [WARNING] The resource http://localhost:3000/_next/image?url=%2Flogo%2Flogo.webp&w=384&q=75 was preloaded using link preload but not used within a few seconds from the window's load event. Please make sure it has an appropriate `as` value and it is preloaded intentionally. @ http://localhost:3000/:0
[  123803ms] [WARNING] The resource http://localhost:3000/_next/image?url=%2Fbest%20shots%2FProduct%20image%2Fproduct-bodywash.webp&w=3840&q=75 was preloaded using link preload but not used within a few seconds from the window's load event. Please make sure it has an appropriate `as` value and it is preloaded intentionally. @ http://localhost:3000/:0
[  123803ms] [WARNING] The resource http://localhost:3000/_next/image?url=%2Flogo%2Flogo.webp&w=384&q=75 was preloaded using link preload but not used within a few seconds from the window's load event. Please make sure it has an appropriate `as` value and it is preloaded intentionally. @ http://localhost:3000/:0
[  129138ms] [WARNING] The resource http://localhost:3000/_next/image?url=%2Fbest%20shots%2FProduct%20image%2Fproduct-bodywash.webp&w=3840&q=75 was preloaded using link preload but not used within a few seconds from the window's load event. Please make sure it has an appropriate `as` value and it is preloaded intentionally. @ http://localhost:3000/:0
[  129138ms] [WARNING] The resource http://localhost:3000/_next/image?url=%2Flogo%2Flogo.webp&w=384&q=75 was preloaded using link preload but not used within a few seconds from the window's load event. Please make sure it has an appropriate `as` value and it is preloaded intentionally. @ http://localhost:3000/:0
[  138868ms] [WARNING] The resource http://localhost:3000/_next/image?url=%2Fbest%20shots%2FProduct%20image%2Fproduct-bodywash.webp&w=3840&q=75 was preloaded using link preload but not used within a few seconds from the window's load event. Please make sure it has an appropriate `as` value and it is preloaded intentionally. @ http://localhost:3000/:0
[  138868ms] [WARNING] The resource http://localhost:3000/_next/image?url=%2Flogo%2Flogo.webp&w=384&q=75 was preloaded using link preload but not used within a few seconds from the window's load event. Please make sure it has an appropriate `as` value and it is preloaded intentionally. @ http://localhost:3000/:0
[  144219ms] [WARNING] The resource http://localhost:3000/_next/image?url=%2Fbest%20shots%2FProduct%20image%2Fproduct-bodywash.webp&w=3840&q=75 was preloaded using link preload but not used within a few seconds from the window's load event. Please make sure it has an appropriate `as` value and it is preloaded intentionally. @ http://localhost:3000/:0
[  144219ms] [WARNING] The resource http://localhost:3000/_next/image?url=%2Flogo%2Flogo.webp&w=384&q=75 was preloaded using link preload but not used within a few seconds from the window's load event. Please make sure it has an appropriate `as` value and it is preloaded intentionally. @ http://localhost:3000/:0
[  153939ms] [WARNING] The resource http://localhost:3000/_next/image?url=%2Fbest%20shots%2FProduct%20image%2Fproduct-bodywash.webp&w=3840&q=75 was preloaded using link preload but not used within a few seconds from the window's load event. Please make sure it has an appropriate `as` value and it is preloaded intentionally. @ http://localhost:3000/:0
[  153939ms] [WARNING] The resource http://localhost:3000/_next/image?url=%2Flogo%2Flogo.webp&w=384&q=75 was preloaded using link preload but not used within a few seconds from the window's load event. Please make sure it has an appropriate `as` value and it is preloaded intentionally. @ http://localhost:3000/:0
[  159170ms] [WARNING] The resource http://localhost:3000/_next/image?url=%2Fbest%20shots%2FProduct%20image%2Fproduct-bodywash.webp&w=3840&q=75 was preloaded using link preload but not used within a few seconds from the window's load event. Please make sure it has an appropriate `as` value and it is preloaded intentionally. @ http://localhost:3000/:0
[  159170ms] [WARNING] The resource http://localhost:3000/_next/image?url=%2Flogo%2Flogo.webp&w=384&q=75 was preloaded using link preload but not used within a few seconds from the window's load event. Please make sure it has an appropriate `as` value and it is preloaded intentionally. @ http://localhost:3000/:0
[  169006ms] [WARNING] The resource http://localhost:3000/_next/image?url=%2Fbest%20shots%2FProduct%20image%2Fproduct-bodywash.webp&w=3840&q=75 was preloaded using link preload but not used within a few seconds from the window's load event. Please make sure it has an appropriate `as` value and it is preloaded intentionally. @ http://localhost:3000/:0
[  169006ms] [WARNING] The resource http://localhost:3000/_next/image?url=%2Flogo%2Flogo.webp&w=384&q=75 was preloaded using link preload but not used within a few seconds from the window's load event. Please make sure it has an appropriate `as` value and it is preloaded intentionally. @ http://localhost:3000/:0
[  174248ms] [WARNING] The resource http://localhost:3000/_next/image?url=%2Fbest%20shots%2FProduct%20image%2Fproduct-bodywash.webp&w=3840&q=75 was preloaded using link preload but not used within a few seconds from the window's load event. Please make sure it has an appropriate `as` value and it is preloaded intentionally. @ http://localhost:3000/:0
[  174248ms] [WARNING] The resource http://localhost:3000/_next/image?url=%2Flogo%2Flogo.webp&w=384&q=75 was preloaded using link preload but not used within a few seconds from the window's load event. Please make sure it has an appropriate `as` value and it is preloaded intentionally. @ http://localhost:3000/:0
[  183167ms] [WARNING] The resource http://localhost:3000/_next/image?url=%2Fbest%20shots%2FProduct%20image%2Fproduct-bodywash.webp&w=3840&q=75 was preloaded using link preload but not used within a few seconds from the window's load event. Please make sure it has an appropriate `as` value and it is preloaded intentionally. @ http://localhost:3000/:0
[  183167ms] [WARNING] The resource http://localhost:3000/_next/image?url=%2Flogo%2Flogo.webp&w=384&q=75 was preloaded using link preload but not used within a few seconds from the window's load event. Please make sure it has an appropriate `as` value and it is preloaded intentionally. @ http://localhost:3000/:0
[  186179ms] [WARNING] The resource http://localhost:3000/_next/image?url=%2Fbest%20shots%2FProduct%20image%2Fproduct-bodywash.webp&w=3840&q=75 was preloaded using link preload but not used within a few seconds from the window's load event. Please make sure it has an appropriate `as` value and it is preloaded intentionally. @ http://localhost:3000/:0
[  186179ms] [WARNING] The resource http://localhost:3000/_next/image?url=%2Flogo%2Flogo.webp&w=384&q=75 was preloaded using link preload but not used within a few seconds from the window's load event. Please make sure it has an appropriate `as` value and it is preloaded intentionally. @ http://localhost:3000/:0
[  199434ms] [WARNING] The resource http://localhost:3000/_next/image?url=%2Fbest%20shots%2FProduct%20image%2Fproduct-bodywash.webp&w=3840&q=75 was preloaded using link preload but not used within a few seconds from the window's load event. Please make sure it has an appropriate `as` value and it is preloaded intentionally. @ http://localhost:3000/:0
[  199434ms] [WARNING] The resource http://localhost:3000/_next/image?url=%2Flogo%2Flogo.webp&w=384&q=75 was preloaded using link preload but not used within a few seconds from the window's load event. Please make sure it has an appropriate `as` value and it is preloaded intentionally. @ http://localhost:3000/:0
[  212349ms] [WARNING] The resource http://localhost:3000/_next/image?url=%2Fbest%20shots%2FProduct%20image%2Fproduct-bodywash.webp&w=3840&q=75 was preloaded using link preload but not used within a few seconds from the window's load event. Please make sure it has an appropriate `as` value and it is preloaded intentionally. @ http://localhost:3000/:0
[  212349ms] [WARNING] The resource http://localhost:3000/_next/image?url=%2Flogo%2Flogo.webp&w=384&q=75 was preloaded using link preload but not used within a few seconds from the window's load event. Please make sure it has an appropriate `as` value and it is preloaded intentionally. @ http://localhost:3000/:0
[  222200ms] [WARNING] The resource http://localhost:3000/_next/image?url=%2Fbest%20shots%2FProduct%20image%2Fproduct-bodywash.webp&w=3840&q=75 was preloaded using link preload but not used within a few seconds from the window's load event. Please make sure it has an appropriate `as` value and it is preloaded intentionally. @ http://localhost:3000/:0
[  222200ms] [WARNING] The resource http://localhost:3000/_next/image?url=%2Flogo%2Flogo.webp&w=384&q=75 was preloaded using link preload but not used within a few seconds from the window's load event. Please make sure it has an appropriate `as` value and it is preloaded intentionally. @ http://localhost:3000/:0
[  227540ms] [WARNING] The resource http://localhost:3000/_next/image?url=%2Fbest%20shots%2FProduct%20image%2Fproduct-bodywash.webp&w=3840&q=75 was preloaded using link preload but not used within a few seconds from the window's load event. Please make sure it has an appropriate `as` value and it is preloaded intentionally. @ http://localhost:3000/:0
[  227540ms] [WARNING] The resource http://localhost:3000/_next/image?url=%2Flogo%2Flogo.webp&w=384&q=75 was preloaded using link preload but not used within a few seconds from the window's load event. Please make sure it has an appropriate `as` value and it is preloaded intentionally. @ http://localhost:3000/:0
[  237274ms] [WARNING] The resource http://localhost:3000/_next/image?url=%2Fbest%20shots%2FProduct%20image%2Fproduct-bodywash.webp&w=3840&q=75 was preloaded using link preload but not used within a few seconds from the window's load event. Please make sure it has an appropriate `as` value and it is preloaded intentionally. @ http://localhost:3000/:0
[  237274ms] [WARNING] The resource http://localhost:3000/_next/image?url=%2Flogo%2Flogo.webp&w=384&q=75 was preloaded using link preload but not used within a few seconds from the window's load event. Please make sure it has an appropriate `as` value and it is preloaded intentionally. @ http://localhost:3000/:0
[  242603ms] [WARNING] The resource http://localhost:3000/_next/image?url=%2Fbest%20shots%2FProduct%20image%2Fproduct-bodywash.webp&w=3840&q=75 was preloaded using link preload but not used within a few seconds from the window's load event. Please make sure it has an appropriate `as` value and it is preloaded intentionally. @ http://localhost:3000/:0
[  242603ms] [WARNING] The resource http://localhost:3000/_next/image?url=%2Flogo%2Flogo.webp&w=384&q=75 was preloaded using link preload but not used within a few seconds from the window's load event. Please make sure it has an appropriate `as` value and it is preloaded intentionally. @ http://localhost:3000/:0
[  252347ms] [WARNING] The resource http://localhost:3000/_next/image?url=%2Fbest%20shots%2FProduct%20image%2Fproduct-bodywash.webp&w=3840&q=75 was preloaded using link preload but not used within a few seconds from the window's load event. Please make sure it has an appropriate `as` value and it is preloaded intentionally. @ http://localhost:3000/:0
[  252347ms] [WARNING] The resource http://localhost:3000/_next/image?url=%2Flogo%2Flogo.webp&w=384&q=75 was preloaded using link preload but not used within a few seconds from the window's load event. Please make sure it has an appropriate `as` value and it is preloaded intentionally. @ http://localhost:3000/:0
[  257641ms] [WARNING] The resource http://localhost:3000/_next/image?url=%2Fbest%20shots%2FProduct%20image%2Fproduct-bodywash.webp&w=3840&q=75 was preloaded using link preload but not used within a few seconds from the window's load event. Please make sure it has an appropriate `as` value and it is preloaded intentionally. @ http://localhost:3000/:0
[  257641ms] [WARNING] The resource http://localhost:3000/_next/image?url=%2Flogo%2Flogo.webp&w=384&q=75 was preloaded using link preload but not used within a few seconds from the window's load event. Please make sure it has an appropriate `as` value and it is preloaded intentionally. @ http://localhost:3000/:0
[  267408ms] [WARNING] The resource http://localhost:3000/_next/image?url=%2Fbest%20shots%2FProduct%20image%2Fproduct-bodywash.webp&w=3840&q=75 was preloaded using link preload but not used within a few seconds from the window's load event. Please make sure it has an appropriate `as` value and it is preloaded intentionally. @ http://localhost:3000/:0
[  267408ms] [WARNING] The resource http://localhost:3000/_next/image?url=%2Flogo%2Flogo.webp&w=384&q=75 was preloaded using link preload but not used within a few seconds from the window's load event. Please make sure it has an appropriate `as` value and it is preloaded intentionally. @ http://localhost:3000/:0
[  272742ms] [WARNING] The resource http://localhost:3000/_next/image?url=%2Fbest%20shots%2FProduct%20image%2Fproduct-bodywash.webp&w=3840&q=75 was preloaded using link preload but not used within a few seconds from the window's load event. Please make sure it has an appropriate `as` value and it is preloaded intentionally. @ http://localhost:3000/:0
[  272742ms] [WARNING] The resource http://localhost:3000/_next/image?url=%2Flogo%2Flogo.webp&w=384&q=75 was preloaded using link preload but not used within a few seconds from the window's load event. Please make sure it has an appropriate `as` value and it is preloaded intentionally. @ http://localhost:3000/:0
[  282475ms] [WARNING] The resource http://localhost:3000/_next/image?url=%2Fbest%20shots%2FProduct%20image%2Fproduct-bodywash.webp&w=3840&q=75 was preloaded using link preload but not used within a few seconds from the window's load event. Please make sure it has an appropriate `as` value and it is preloaded intentionally. @ http://localhost:3000/:0
[  282475ms] [WARNING] The resource http://localhost:3000/_next/image?url=%2Flogo%2Flogo.webp&w=384&q=75 was preloaded using link preload but not used within a few seconds from the window's load event. Please make sure it has an appropriate `as` value and it is preloaded intentionally. @ http://localhost:3000/:0
[  287718ms] [WARNING] The resource http://localhost:3000/_next/image?url=%2Fbest%20shots%2FProduct%20image%2Fproduct-bodywash.webp&w=3840&q=75 was preloaded using link preload but not used within a few seconds from the window's load event. Please make sure it has an appropriate `as` value and it is preloaded intentionally. @ http://localhost:3000/:0
[  287718ms] [WARNING] The resource http://localhost:3000/_next/image?url=%2Flogo%2Flogo.webp&w=384&q=75 was preloaded using link preload but not used within a few seconds from the window's load event. Please make sure it has an appropriate `as` value and it is preloaded intentionally. @ http://localhost:3000/:0
[  288834ms] [LOG] [Fast Refresh] rebuilding @ webpack-internal:///(app-pages-browser)/./node_modules/next/dist/client/components/react-dev-overlay/app/hot-reloader-client.js:239
[  289211ms] [LOG] [Fast Refresh] done in 376ms @ webpack-internal:///(app-pages-browser)/./node_modules/next/dist/client/components/react-dev-overlay/app/hot-reloader-client.js:66
[  289302ms] [ERROR] %o

%s

%s
 NotFoundError: Failed to execute 'insertBefore' on 'Node': The node before which the new node is to be inserted is not a child of this node.
    at insertOrAppendPlacementNode (webpack-internal:///(app-pages-browser)/./node_modules/next/dist/compiled/react-dom/cjs/react-dom-client.development.js:11200:27)
    at insertOrAppendPlacementNode (webpack-internal:///(app-pages-browser)/./node_modules/next/dist/compiled/react-dom/cjs/react-dom-client.development.js:11203:11)
    at commitPlacement (webpack-internal:///(app-pages-browser)/./node_modules/next/dist/compiled/react-dom/cjs/react-dom-client.development.js:11236:13)
    at runWithFiberInDEV (webpack-internal:///(app-pages-browser)/./node_modules/next/dist/compiled/react-dom/cjs/react-dom-client.development.js:544:16)
    at commitReconciliationEffects (webpack-internal:///(app-pages-browser)/./node_modules/next/dist/compiled/react-dom/cjs/react-dom-client.development.js:12370:11)
    at commitMutationEffectsOnFiber (webpack-internal:///(app-pages-browser)/./node_modules/next/dist/compiled/react-dom/cjs/react-dom-client.development.js:11916:11)
    at recursivelyTraverseMutationEffects (webpack-internal:///(app-pages-browser)/./node_modules/next/dist/compiled/react-dom/cjs/react-dom-client.development.js:11904:11)
    at commitMutationEffectsOnFiber (webpack-internal:///(app-pages-browser)/./node_modules/next/dist/compiled/react-dom/cjs/react-dom-client.development.js:12139:11)
    at recursivelyTraverseMutationEffects (webpack-internal:///(app-pages-browser)/./node_modules/next/dist/compiled/react-dom/cjs/react-dom-client.development.js:11904:11)
    at commitMutationEffectsOnFiber (webpack-internal:///(app-pages-browser)/./node_modules/next/dist/compiled/react-dom/cjs/react-dom-client.development.js:12362:11)
    at recursivelyTraverseMutationEffects (webpack-internal:///(app-pages-browser)/./node_modules/next/dist/compiled/react-dom/cjs/react-dom-client.development.js:11904:11)
    at commitMutationEffectsOnFiber (webpack-internal:///(app-pages-browser)/./node_modules/next/dist/compiled/react-dom/cjs/react-dom-client.development.js:12362:11)
    at recursivelyTraverseMutationEffects (webpack-internal:///(app-pages-browser)/./node_modules/next/dist/compiled/react-dom/cjs/react-dom-client.development.js:11904:11)
    at commitMutationEffectsOnFiber (webpack-internal:///(app-pages-browser)/./node_modules/next/dist/compiled/react-dom/cjs/react-dom-client.development.js:11915:11)
    at recursivelyTraverseMutationEffects (webpack-internal:///(app-pages-browser)/./node_modules/next/dist/compiled/react-dom/cjs/react-dom-client.development.js:11904:11)
    at commitMutationEffectsOnFiber (webpack-internal:///(app-pages-browser)/./node_modules/next/dist/compiled/react-dom/cjs/react-dom-client.development.js:11931:11)
    at recursivelyTraverseMutationEffects (webpack-internal:///(app-pages-browser)/./node_modules/next/dist/compiled/react-dom/cjs/react-dom-client.development.js:11904:11)
    at commitMutationEffectsOnFiber (webpack-internal:///(app-pages-browser)/./node_modules/next/dist/compiled/react-dom/cjs/react-dom-client.development.js:11915:11)
    at recursivelyTraverseMutationEffects (webpack-internal:///(app-pages-browser)/./node_modules/next/dist/compiled/react-dom/cjs/react-dom-client.development.js:11904:11)
    at commitMutationEffectsOnFiber (webpack-internal:///(app-pages-browser)/./node_modules/next/dist/compiled/react-dom/cjs/react-dom-client.development.js:11931:11)
    at recursivelyTraverseMutationEffects (webpack-internal:///(app-pages-browser)/./node_modules/next/dist/compiled/react-dom/cjs/react-dom-client.development.js:11904:11)
    at commitMutationEffectsOnFiber (webpack-internal:///(app-pages-browser)/./node_modules/next/dist/compiled/react-dom/cjs/react-dom-client.development.js:11915:11)
    at recursivelyTraverseMutationEffects (webpack-internal:///(app-pages-browser)/./node_modules/next/dist/compiled/react-dom/cjs/react-dom-client.development.js:11904:11)
    at commitMutationEffectsOnFiber (webpack-internal:///(app-pages-browser)/./node_modules/next/dist/compiled/react-dom/cjs/react-dom-client.development.js:11915:11)
    at recursivelyTraverseMutationEffects (webpack-internal:///(app-pages-browser)/./node_modules/next/dist/compiled/react-dom/cjs/react-dom-client.development.js:11904:11)
    at commitMutationEffectsOnFiber (webpack-internal:///(app-pages-browser)/./node_modules/next/dist/compiled/react-dom/cjs/react-dom-client.development.js:11915:11)
    at recursivelyTraverseMutationEffects (webpack-internal:///(app-pages-browser)/./node_modules/next/dist/compiled/react-dom/cjs/react-dom-client.development.js:11904:11)
    at commitMutationEffectsOnFiber (webpack-internal:///(app-pages-browser)/./node_modules/next/dist/compiled/react-dom/cjs/react-dom-client.development.js:11931:11)
    at recursivelyTraverseMutationEffects (webpack-internal:///(app-pages-browser)/./node_modules/next/dist/compiled/react-dom/cjs/react-dom-client.development.js:11904:11)
    at commitMutationEffectsOnFiber (webpack-internal:///(app-pages-browser)/./node_modules/next/dist/compiled/react-dom/cjs/react-dom-client.development.js:11915:11)
    at recursivelyTraverseMutationEffects (webpack-internal:///(app-pages-browser)/./node_modules/next/dist/compiled/react-dom/cjs/react-dom-client.development.js:11904:11)
    at commitMutationEffectsOnFiber (webpack-internal:///(app-pages-browser)/./node_modules/next/dist/compiled/react-dom/cjs/react-dom-client.development.js:11915:11)
    at recursivelyTraverseMutationEffects (webpack-internal:///(app-pages-browser)/./node_modules/next/dist/compiled/react-dom/cjs/react-dom-client.development.js:11904:11)
    at commitMutationEffectsOnFiber (webpack-internal:///(app-pages-browser)/./node_modules/next/dist/compiled/react-dom/cjs/react-dom-client.development.js:12362:11)
    at recursivelyTraverseMutationEffects (webpack-internal:///(app-pages-browser)/./node_modules/next/dist/compiled/react-dom/cjs/react-dom-client.development.js:11904:11)
    at commitMutationEffectsOnFiber (webpack-internal:///(app-pages-browser)/./node_modules/next/dist/compiled/react-dom/cjs/react-dom-client.development.js:11915:11)
    at recursivelyTraverseMutationEffects (webpack-internal:///(app-pages-browser)/./node_modules/next/dist/compiled/react-dom/cjs/react-dom-client.development.js:11904:11)
    at commitMutationEffectsOnFiber (webpack-internal:///(app-pages-browser)/./node_modules/next/dist/compiled/react-dom/cjs/react-dom-client.development.js:12362:11)
    at recursivelyTraverseMutationEffects (webpack-internal:///(app-pages-browser)/./node_modules/next/dist/compiled/react-dom/cjs/react-dom-client.development.js:11904:11)
    at commitMutationEffectsOnFiber (webpack-internal:///(app-pages-browser)/./node_modules/next/dist/compiled/react-dom/cjs/react-dom-client.development.js:12362:11)
    at recursivelyTraverseMutationEffects (webpack-internal:///(app-pages-browser)/./node_modules/next/dist/compiled/react-dom/cjs/react-dom-client.development.js:11904:11)
    at commitMutationEffectsOnFiber (webpack-internal:///(app-pages-browser)/./node_modules/next/dist/compiled/react-dom/cjs/react-dom-client.development.js:11915:11)
    at recursivelyTraverseMutationEffects (webpack-internal:///(app-pages-browser)/./node_modules/next/dist/compiled/react-dom/cjs/react-dom-client.development.js:11904:11)
    at commitMutationEffectsOnFiber (webpack-internal:///(app-pages-browser)/./node_modules/next/dist/compiled/react-dom/cjs/react-dom-client.development.js:11915:11)
    at recursivelyTraverseMutationEffects (webpack-internal:///(app-pages-browser)/./node_modules/next/dist/compiled/react-dom/cjs/react-dom-client.development.js:11904:11)
    at commitMutationEffectsOnFiber (webpack-internal:///(app-pages-browser)/./node_modules/next/dist/compiled/react-dom/cjs/react-dom-client.development.js:12139:11)
    at recursivelyTraverseMutationEffects (webpack-internal:///(app-pages-browser)/./node_modules/next/dist/compiled/react-dom/cjs/react-dom-client.development.js:11904:11)
    at commitMutationEffectsOnFiber (webpack-internal:///(app-pages-browser)/./node_modules/next/dist/compiled/react-dom/cjs/react-dom-client.development.js:12139:11)
    at recursivelyTraverseMutationEffects (webpack-internal:///(app-pages-browser)/./node_modules/next/dist/compiled/react-dom/cjs/react-dom-client.development.js:11904:11)
    at commitMutationEffectsOnFiber (webpack-internal:///(app-pages-browser)/./node_modules/next/dist/compiled/react-dom/cjs/react-dom-client.development.js:12362:11) The above error occurred in the <NotFoundErrorBoundary> component. React will try to recreate this component tree from scratch using the error boundary you provided, ReactDevOverlay. @ webpack-internal:///(app-pages-browser)/./node_modules/next/dist/client/components/globals/intercept-console-error.js:28
[  292441ms] [WARNING] The resource http://localhost:3000/_next/image?url=%2Flogo%2Flogo.webp&w=384&q=75 was preloaded using link preload but not used within a few seconds from the window's load event. Please make sure it has an appropriate `as` value and it is preloaded intentionally. @ http://localhost:3000/:0
[  395427ms] [LOG] [Fast Refresh] rebuilding @ webpack-internal:///(app-pages-browser)/./node_modules/next/dist/client/components/react-dev-overlay/app/hot-reloader-client.js:239
[  395999ms] [INFO] %cDownload the React DevTools for a better development experience: https://react.dev/link/react-devtools font-weight:bold @ webpack-internal:///(app-pages-browser)/./node_modules/next/dist/compiled/react-dom/cjs/react-dom-client.development.js:24514
[  396190ms] [WARNING] Image with src "/logo/logo.webp" has either width or height modified, but not the other. If you use CSS to change the size of your image, also include the styles 'width: "auto"' or 'height: "auto"' to maintain the aspect ratio. @ webpack-internal:///(app-pages-browser)/./node_modules/next/dist/shared/lib/utils/warn-once.js:15
[  399237ms] [WARNING] The resource http://localhost:3000/_next/image?url=%2Fbest%20shots%2FProduct%20image%2Fproduct-bodywash.webp&w=3840&q=75 was preloaded using link preload but not used within a few seconds from the window's load event. Please make sure it has an appropriate `as` value and it is preloaded intentionally. @ http://localhost:3000/:0
[  399237ms] [WARNING] The resource http://localhost:3000/_next/image?url=%2Flogo%2Flogo.webp&w=384&q=75 was preloaded using link preload but not used within a few seconds from the window's load event. Please make sure it has an appropriate `as` value and it is preloaded intentionally. @ http://localhost:3000/:0
[  404374ms] [WARNING] The resource http://localhost:3000/_next/image?url=%2Fbest%20shots%2FProduct%20image%2Fproduct-bodywash.webp&w=3840&q=75 was preloaded using link preload but not used within a few seconds from the window's load event. Please make sure it has an appropriate `as` value and it is preloaded intentionally. @ http://localhost:3000/:0
[  404374ms] [WARNING] The resource http://localhost:3000/_next/image?url=%2Flogo%2Flogo.webp&w=384&q=75 was preloaded using link preload but not used within a few seconds from the window's load event. Please make sure it has an appropriate `as` value and it is preloaded intentionally. @ http://localhost:3000/:0
[  414195ms] [WARNING] The resource http://localhost:3000/_next/image?url=%2Fbest%20shots%2FProduct%20image%2Fproduct-bodywash.webp&w=3840&q=75 was preloaded using link preload but not used within a few seconds from the window's load event. Please make sure it has an appropriate `as` value and it is preloaded intentionally. @ http://localhost:3000/:0
[  414195ms] [WARNING] The resource http://localhost:3000/_next/image?url=%2Flogo%2Flogo.webp&w=384&q=75 was preloaded using link preload but not used within a few seconds from the window's load event. Please make sure it has an appropriate `as` value and it is preloaded intentionally. @ http://localhost:3000/:0
[  419528ms] [WARNING] The resource http://localhost:3000/_next/image?url=%2Fbest%20shots%2FProduct%20image%2Fproduct-bodywash.webp&w=3840&q=75 was preloaded using link preload but not used within a few seconds from the window's load event. Please make sure it has an appropriate `as` value and it is preloaded intentionally. @ http://localhost:3000/:0
[  419528ms] [WARNING] The resource http://localhost:3000/_next/image?url=%2Flogo%2Flogo.webp&w=384&q=75 was preloaded using link preload but not used within a few seconds from the window's load event. Please make sure it has an appropriate `as` value and it is preloaded intentionally. @ http://localhost:3000/:0
[  429274ms] [WARNING] The resource http://localhost:3000/_next/image?url=%2Fbest%20shots%2FProduct%20image%2Fproduct-bodywash.webp&w=3840&q=75 was preloaded using link preload but not used within a few seconds from the window's load event. Please make sure it has an appropriate `as` value and it is preloaded intentionally. @ http://localhost:3000/:0
[  429274ms] [WARNING] The resource http://localhost:3000/_next/image?url=%2Flogo%2Flogo.webp&w=384&q=75 was preloaded using link preload but not used within a few seconds from the window's load event. Please make sure it has an appropriate `as` value and it is preloaded intentionally. @ http://localhost:3000/:0
[  434496ms] [WARNING] The resource http://localhost:3000/_next/image?url=%2Fbest%20shots%2FProduct%20image%2Fproduct-bodywash.webp&w=3840&q=75 was preloaded using link preload but not used within a few seconds from the window's load event. Please make sure it has an appropriate `as` value and it is preloaded intentionally. @ http://localhost:3000/:0
[  434496ms] [WARNING] The resource http://localhost:3000/_next/image?url=%2Flogo%2Flogo.webp&w=384&q=75 was preloaded using link preload but not used within a few seconds from the window's load event. Please make sure it has an appropriate `as` value and it is preloaded intentionally. @ http://localhost:3000/:0
[  444345ms] [WARNING] The resource http://localhost:3000/_next/image?url=%2Fbest%20shots%2FProduct%20image%2Fproduct-bodywash.webp&w=3840&q=75 was preloaded using link preload but not used within a few seconds from the window's load event. Please make sure it has an appropriate `as` value and it is preloaded intentionally. @ http://localhost:3000/:0
[  444346ms] [WARNING] The resource http://localhost:3000/_next/image?url=%2Flogo%2Flogo.webp&w=384&q=75 was preloaded using link preload but not used within a few seconds from the window's load event. Please make sure it has an appropriate `as` value and it is preloaded intentionally. @ http://localhost:3000/:0
[  449677ms] [WARNING] The resource http://localhost:3000/_next/image?url=%2Fbest%20shots%2FProduct%20image%2Fproduct-bodywash.webp&w=3840&q=75 was preloaded using link preload but not used within a few seconds from the window's load event. Please make sure it has an appropriate `as` value and it is preloaded intentionally. @ http://localhost:3000/:0
[  449677ms] [WARNING] The resource http://localhost:3000/_next/image?url=%2Flogo%2Flogo.webp&w=384&q=75 was preloaded using link preload but not used within a few seconds from the window's load event. Please make sure it has an appropriate `as` value and it is preloaded intentionally. @ http://localhost:3000/:0
[  459413ms] [WARNING] The resource http://localhost:3000/_next/image?url=%2Fbest%20shots%2FProduct%20image%2Fproduct-bodywash.webp&w=3840&q=75 was preloaded using link preload but not used within a few seconds from the window's load event. Please make sure it has an appropriate `as` value and it is preloaded intentionally. @ http://localhost:3000/:0
[  459413ms] [WARNING] The resource http://localhost:3000/_next/image?url=%2Flogo%2Flogo.webp&w=384&q=75 was preloaded using link preload but not used within a few seconds from the window's load event. Please make sure it has an appropriate `as` value and it is preloaded intentionally. @ http://localhost:3000/:0
[  464645ms] [WARNING] The resource http://localhost:3000/_next/image?url=%2Fbest%20shots%2FProduct%20image%2Fproduct-bodywash.webp&w=3840&q=75 was preloaded using link preload but not used within a few seconds from the window's load event. Please make sure it has an appropriate `as` value and it is preloaded intentionally. @ http://localhost:3000/:0
[  464645ms] [WARNING] The resource http://localhost:3000/_next/image?url=%2Flogo%2Flogo.webp&w=384&q=75 was preloaded using link preload but not used within a few seconds from the window's load event. Please make sure it has an appropriate `as` value and it is preloaded intentionally. @ http://localhost:3000/:0
[  474480ms] [WARNING] The resource http://localhost:3000/_next/image?url=%2Fbest%20shots%2FProduct%20image%2Fproduct-bodywash.webp&w=3840&q=75 was preloaded using link preload but not used within a few seconds from the window's load event. Please make sure it has an appropriate `as` value and it is preloaded intentionally. @ http://localhost:3000/:0
[  474480ms] [WARNING] The resource http://localhost:3000/_next/image?url=%2Flogo%2Flogo.webp&w=384&q=75 was preloaded using link preload but not used within a few seconds from the window's load event. Please make sure it has an appropriate `as` value and it is preloaded intentionally. @ http://localhost:3000/:0
[  479809ms] [WARNING] The resource http://localhost:3000/_next/image?url=%2Fbest%20shots%2FProduct%20image%2Fproduct-bodywash.webp&w=3840&q=75 was preloaded using link preload but not used within a few seconds from the window's load event. Please make sure it has an appropriate `as` value and it is preloaded intentionally. @ http://localhost:3000/:0
[  479809ms] [WARNING] The resource http://localhost:3000/_next/image?url=%2Flogo%2Flogo.webp&w=384&q=75 was preloaded using link preload but not used within a few seconds from the window's load event. Please make sure it has an appropriate `as` value and it is preloaded intentionally. @ http://localhost:3000/:0
[  489544ms] [WARNING] The resource http://localhost:3000/_next/image?url=%2Fbest%20shots%2FProduct%20image%2Fproduct-bodywash.webp&w=3840&q=75 was preloaded using link preload but not used within a few seconds from the window's load event. Please make sure it has an appropriate `as` value and it is preloaded intentionally. @ http://localhost:3000/:0
[  489544ms] [WARNING] The resource http://localhost:3000/_next/image?url=%2Flogo%2Flogo.webp&w=384&q=75 was preloaded using link preload but not used within a few seconds from the window's load event. Please make sure it has an appropriate `as` value and it is preloaded intentionally. @ http://localhost:3000/:0
[  494878ms] [WARNING] The resource http://localhost:3000/_next/image?url=%2Fbest%20shots%2FProduct%20image%2Fproduct-bodywash.webp&w=3840&q=75 was preloaded using link preload but not used within a few seconds from the window's load event. Please make sure it has an appropriate `as` value and it is preloaded intentionally. @ http://localhost:3000/:0
[  494878ms] [WARNING] The resource http://localhost:3000/_next/image?url=%2Flogo%2Flogo.webp&w=384&q=75 was preloaded using link preload but not used within a few seconds from the window's load event. Please make sure it has an appropriate `as` value and it is preloaded intentionally. @ http://localhost:3000/:0
[  504612ms] [WARNING] The resource http://localhost:3000/_next/image?url=%2Fbest%20shots%2FProduct%20image%2Fproduct-bodywash.webp&w=3840&q=75 was preloaded using link preload but not used within a few seconds from the window's load event. Please make sure it has an appropriate `as` value and it is preloaded intentionally. @ http://localhost:3000/:0
[  504612ms] [WARNING] The resource http://localhost:3000/_next/image?url=%2Flogo%2Flogo.webp&w=384&q=75 was preloaded using link preload but not used within a few seconds from the window's load event. Please make sure it has an appropriate `as` value and it is preloaded intentionally. @ http://localhost:3000/:0
[  509947ms] [WARNING] The resource http://localhost:3000/_next/image?url=%2Fbest%20shots%2FProduct%20image%2Fproduct-bodywash.webp&w=3840&q=75 was preloaded using link preload but not used within a few seconds from the window's load event. Please make sure it has an appropriate `as` value and it is preloaded intentionally. @ http://localhost:3000/:0
[  509947ms] [WARNING] The resource http://localhost:3000/_next/image?url=%2Flogo%2Flogo.webp&w=384&q=75 was preloaded using link preload but not used within a few seconds from the window's load event. Please make sure it has an appropriate `as` value and it is preloaded intentionally. @ http://localhost:3000/:0
[  519681ms] [WARNING] The resource http://localhost:3000/_next/image?url=%2Fbest%20shots%2FProduct%20image%2Fproduct-bodywash.webp&w=3840&q=75 was preloaded using link preload but not used within a few seconds from the window's load event. Please make sure it has an appropriate `as` value and it is preloaded intentionally. @ http://localhost:3000/:0
[  519681ms] [WARNING] The resource http://localhost:3000/_next/image?url=%2Flogo%2Flogo.webp&w=384&q=75 was preloaded using link preload but not used within a few seconds from the window's load event. Please make sure it has an appropriate `as` value and it is preloaded intentionally. @ http://localhost:3000/:0
[  525006ms] [WARNING] The resource http://localhost:3000/_next/image?url=%2Fbest%20shots%2FProduct%20image%2Fproduct-bodywash.webp&w=3840&q=75 was preloaded using link preload but not used within a few seconds from the window's load event. Please make sure it has an appropriate `as` value and it is preloaded intentionally. @ http://localhost:3000/:0
[  525006ms] [WARNING] The resource http://localhost:3000/_next/image?url=%2Flogo%2Flogo.webp&w=384&q=75 was preloaded using link preload but not used within a few seconds from the window's load event. Please make sure it has an appropriate `as` value and it is preloaded intentionally. @ http://localhost:3000/:0
[  534748ms] [WARNING] The resource http://localhost:3000/_next/image?url=%2Fbest%20shots%2FProduct%20image%2Fproduct-bodywash.webp&w=3840&q=75 was preloaded using link preload but not used within a few seconds from the window's load event. Please make sure it has an appropriate `as` value and it is preloaded intentionally. @ http://localhost:3000/:0
[  534748ms] [WARNING] The resource http://localhost:3000/_next/image?url=%2Flogo%2Flogo.webp&w=384&q=75 was preloaded using link preload but not used within a few seconds from the window's load event. Please make sure it has an appropriate `as` value and it is preloaded intentionally. @ http://localhost:3000/:0
[  540096ms] [WARNING] The resource http://localhost:3000/_next/image?url=%2Fbest%20shots%2FProduct%20image%2Fproduct-bodywash.webp&w=3840&q=75 was preloaded using link preload but not used within a few seconds from the window's load event. Please make sure it has an appropriate `as` value and it is preloaded intentionally. @ http://localhost:3000/:0
[  540096ms] [WARNING] The resource http://localhost:3000/_next/image?url=%2Flogo%2Flogo.webp&w=384&q=75 was preloaded using link preload but not used within a few seconds from the window's load event. Please make sure it has an appropriate `as` value and it is preloaded intentionally. @ http://localhost:3000/:0
[  549815ms] [WARNING] The resource http://localhost:3000/_next/image?url=%2Fbest%20shots%2FProduct%20image%2Fproduct-bodywash.webp&w=3840&q=75 was preloaded using link preload but not used within a few seconds from the window's load event. Please make sure it has an appropriate `as` value and it is preloaded intentionally. @ http://localhost:3000/:0
[  549815ms] [WARNING] The resource http://localhost:3000/_next/image?url=%2Flogo%2Flogo.webp&w=384&q=75 was preloaded using link preload but not used within a few seconds from the window's load event. Please make sure it has an appropriate `as` value and it is preloaded intentionally. @ http://localhost:3000/:0
[  555148ms] [WARNING] The resource http://localhost:3000/_next/image?url=%2Fbest%20shots%2FProduct%20image%2Fproduct-bodywash.webp&w=3840&q=75 was preloaded using link preload but not used within a few seconds from the window's load event. Please make sure it has an appropriate `as` value and it is preloaded intentionally. @ http://localhost:3000/:0
[  555148ms] [WARNING] The resource http://localhost:3000/_next/image?url=%2Flogo%2Flogo.webp&w=384&q=75 was preloaded using link preload but not used within a few seconds from the window's load event. Please make sure it has an appropriate `as` value and it is preloaded intentionally. @ http://localhost:3000/:0
[  564882ms] [WARNING] The resource http://localhost:3000/_next/image?url=%2Fbest%20shots%2FProduct%20image%2Fproduct-bodywash.webp&w=3840&q=75 was preloaded using link preload but not used within a few seconds from the window's load event. Please make sure it has an appropriate `as` value and it is preloaded intentionally. @ http://localhost:3000/:0
[  564882ms] [WARNING] The resource http://localhost:3000/_next/image?url=%2Flogo%2Flogo.webp&w=384&q=75 was preloaded using link preload but not used within a few seconds from the window's load event. Please make sure it has an appropriate `as` value and it is preloaded intentionally. @ http://localhost:3000/:0
[  570215ms] [WARNING] The resource http://localhost:3000/_next/image?url=%2Fbest%20shots%2FProduct%20image%2Fproduct-bodywash.webp&w=3840&q=75 was preloaded using link preload but not used within a few seconds from the window's load event. Please make sure it has an appropriate `as` value and it is preloaded intentionally. @ http://localhost:3000/:0
[  570215ms] [WARNING] The resource http://localhost:3000/_next/image?url=%2Flogo%2Flogo.webp&w=384&q=75 was preloaded using link preload but not used within a few seconds from the window's load event. Please make sure it has an appropriate `as` value and it is preloaded intentionally. @ http://localhost:3000/:0
[  579948ms] [WARNING] The resource http://localhost:3000/_next/image?url=%2Fbest%20shots%2FProduct%20image%2Fproduct-bodywash.webp&w=3840&q=75 was preloaded using link preload but not used within a few seconds from the window's load event. Please make sure it has an appropriate `as` value and it is preloaded intentionally. @ http://localhost:3000/:0
[  579948ms] [WARNING] The resource http://localhost:3000/_next/image?url=%2Flogo%2Flogo.webp&w=384&q=75 was preloaded using link preload but not used within a few seconds from the window's load event. Please make sure it has an appropriate `as` value and it is preloaded intentionally. @ http://localhost:3000/:0
[  585281ms] [WARNING] The resource http://localhost:3000/_next/image?url=%2Fbest%20shots%2FProduct%20image%2Fproduct-bodywash.webp&w=3840&q=75 was preloaded using link preload but not used within a few seconds from the window's load event. Please make sure it has an appropriate `as` value and it is preloaded intentionally. @ http://localhost:3000/:0
[  585281ms] [WARNING] The resource http://localhost:3000/_next/image?url=%2Flogo%2Flogo.webp&w=384&q=75 was preloaded using link preload but not used within a few seconds from the window's load event. Please make sure it has an appropriate `as` value and it is preloaded intentionally. @ http://localhost:3000/:0
[  595016ms] [WARNING] The resource http://localhost:3000/_next/image?url=%2Fbest%20shots%2FProduct%20image%2Fproduct-bodywash.webp&w=3840&q=75 was preloaded using link preload but not used within a few seconds from the window's load event. Please make sure it has an appropriate `as` value and it is preloaded intentionally. @ http://localhost:3000/:0
[  595016ms] [WARNING] The resource http://localhost:3000/_next/image?url=%2Flogo%2Flogo.webp&w=384&q=75 was preloaded using link preload but not used within a few seconds from the window's load event. Please make sure it has an appropriate `as` value and it is preloaded intentionally. @ http://localhost:3000/:0
[  600349ms] [WARNING] The resource http://localhost:3000/_next/image?url=%2Fbest%20shots%2FProduct%20image%2Fproduct-bodywash.webp&w=3840&q=75 was preloaded using link preload but not used within a few seconds from the window's load event. Please make sure it has an appropriate `as` value and it is preloaded intentionally. @ http://localhost:3000/:0
[  600350ms] [WARNING] The resource http://localhost:3000/_next/image?url=%2Flogo%2Flogo.webp&w=384&q=75 was preloaded using link preload but not used within a few seconds from the window's load event. Please make sure it has an appropriate `as` value and it is preloaded intentionally. @ http://localhost:3000/:0
[  610080ms] [WARNING] The resource http://localhost:3000/_next/image?url=%2Fbest%20shots%2FProduct%20image%2Fproduct-bodywash.webp&w=3840&q=75 was preloaded using link preload but not used within a few seconds from the window's load event. Please make sure it has an appropriate `as` value and it is preloaded intentionally. @ http://localhost:3000/:0
[  610080ms] [WARNING] The resource http://localhost:3000/_next/image?url=%2Flogo%2Flogo.webp&w=384&q=75 was preloaded using link preload but not used within a few seconds from the window's load event. Please make sure it has an appropriate `as` value and it is preloaded intentionally. @ http://localhost:3000/:0
[  615417ms] [WARNING] The resource http://localhost:3000/_next/image?url=%2Fbest%20shots%2FProduct%20image%2Fproduct-bodywash.webp&w=3840&q=75 was preloaded using link preload but not used within a few seconds from the window's load event. Please make sure it has an appropriate `as` value and it is preloaded intentionally. @ http://localhost:3000/:0
[  615417ms] [WARNING] The resource http://localhost:3000/_next/image?url=%2Flogo%2Flogo.webp&w=384&q=75 was preloaded using link preload but not used within a few seconds from the window's load event. Please make sure it has an appropriate `as` value and it is preloaded intentionally. @ http://localhost:3000/:0
[  625150ms] [WARNING] The resource http://localhost:3000/_next/image?url=%2Fbest%20shots%2FProduct%20image%2Fproduct-bodywash.webp&w=3840&q=75 was preloaded using link preload but not used within a few seconds from the window's load event. Please make sure it has an appropriate `as` value and it is preloaded intentionally. @ http://localhost:3000/:0
[  625150ms] [WARNING] The resource http://localhost:3000/_next/image?url=%2Flogo%2Flogo.webp&w=384&q=75 was preloaded using link preload but not used within a few seconds from the window's load event. Please make sure it has an appropriate `as` value and it is preloaded intentionally. @ http://localhost:3000/:0
[  630477ms] [WARNING] The resource http://localhost:3000/_next/image?url=%2Fbest%20shots%2FProduct%20image%2Fproduct-bodywash.webp&w=3840&q=75 was preloaded using link preload but not used within a few seconds from the window's load event. Please make sure it has an appropriate `as` value and it is preloaded intentionally. @ http://localhost:3000/:0
[  630477ms] [WARNING] The resource http://localhost:3000/_next/image?url=%2Flogo%2Flogo.webp&w=384&q=75 was preloaded using link preload but not used within a few seconds from the window's load event. Please make sure it has an appropriate `as` value and it is preloaded intentionally. @ http://localhost:3000/:0
[  640214ms] [WARNING] The resource http://localhost:3000/_next/image?url=%2Fbest%20shots%2FProduct%20image%2Fproduct-bodywash.webp&w=3840&q=75 was preloaded using link preload but not used within a few seconds from the window's load event. Please make sure it has an appropriate `as` value and it is preloaded intentionally. @ http://localhost:3000/:0
[  640214ms] [WARNING] The resource http://localhost:3000/_next/image?url=%2Flogo%2Flogo.webp&w=384&q=75 was preloaded using link preload but not used within a few seconds from the window's load event. Please make sure it has an appropriate `as` value and it is preloaded intentionally. @ http://localhost:3000/:0
[  645550ms] [WARNING] The resource http://localhost:3000/_next/image?url=%2Fbest%20shots%2FProduct%20image%2Fproduct-bodywash.webp&w=3840&q=75 was preloaded using link preload but not used within a few seconds from the window's load event. Please make sure it has an appropriate `as` value and it is preloaded intentionally. @ http://localhost:3000/:0
[  645550ms] [WARNING] The resource http://localhost:3000/_next/image?url=%2Flogo%2Flogo.webp&w=384&q=75 was preloaded using link preload but not used within a few seconds from the window's load event. Please make sure it has an appropriate `as` value and it is preloaded intentionally. @ http://localhost:3000/:0
[  655283ms] [WARNING] The resource http://localhost:3000/_next/image?url=%2Fbest%20shots%2FProduct%20image%2Fproduct-bodywash.webp&w=3840&q=75 was preloaded using link preload but not used within a few seconds from the window's load event. Please make sure it has an appropriate `as` value and it is preloaded intentionally. @ http://localhost:3000/:0
[  655283ms] [WARNING] The resource http://localhost:3000/_next/image?url=%2Flogo%2Flogo.webp&w=384&q=75 was preloaded using link preload but not used within a few seconds from the window's load event. Please make sure it has an appropriate `as` value and it is preloaded intentionally. @ http://localhost:3000/:0
[  660616ms] [WARNING] The resource http://localhost:3000/_next/image?url=%2Fbest%20shots%2FProduct%20image%2Fproduct-bodywash.webp&w=3840&q=75 was preloaded using link preload but not used within a few seconds from the window's load event. Please make sure it has an appropriate `as` value and it is preloaded intentionally. @ http://localhost:3000/:0
[  660616ms] [WARNING] The resource http://localhost:3000/_next/image?url=%2Flogo%2Flogo.webp&w=384&q=75 was preloaded using link preload but not used within a few seconds from the window's load event. Please make sure it has an appropriate `as` value and it is preloaded intentionally. @ http://localhost:3000/:0
[  670346ms] [WARNING] The resource http://localhost:3000/_next/image?url=%2Fbest%20shots%2FProduct%20image%2Fproduct-bodywash.webp&w=3840&q=75 was preloaded using link preload but not used within a few seconds from the window's load event. Please make sure it has an appropriate `as` value and it is preloaded intentionally. @ http://localhost:3000/:0
[  670346ms] [WARNING] The resource http://localhost:3000/_next/image?url=%2Flogo%2Flogo.webp&w=384&q=75 was preloaded using link preload but not used within a few seconds from the window's load event. Please make sure it has an appropriate `as` value and it is preloaded intentionally. @ http://localhost:3000/:0
[  675682ms] [WARNING] The resource http://localhost:3000/_next/image?url=%2Fbest%20shots%2FProduct%20image%2Fproduct-bodywash.webp&w=3840&q=75 was preloaded using link preload but not used within a few seconds from the window's load event. Please make sure it has an appropriate `as` value and it is preloaded intentionally. @ http://localhost:3000/:0
[  675682ms] [WARNING] The resource http://localhost:3000/_next/image?url=%2Flogo%2Flogo.webp&w=384&q=75 was preloaded using link preload but not used within a few seconds from the window's load event. Please make sure it has an appropriate `as` value and it is preloaded intentionally. @ http://localhost:3000/:0
[  685435ms] [WARNING] The resource http://localhost:3000/_next/image?url=%2Fbest%20shots%2FProduct%20image%2Fproduct-bodywash.webp&w=3840&q=75 was preloaded using link preload but not used within a few seconds from the window's load event. Please make sure it has an appropriate `as` value and it is preloaded intentionally. @ http://localhost:3000/:0
[  685435ms] [WARNING] The resource http://localhost:3000/_next/image?url=%2Flogo%2Flogo.webp&w=384&q=75 was preloaded using link preload but not used within a few seconds from the window's load event. Please make sure it has an appropriate `as` value and it is preloaded intentionally. @ http://localhost:3000/:0
[  690668ms] [WARNING] The resource http://localhost:3000/_next/image?url=%2Fbest%20shots%2FProduct%20image%2Fproduct-bodywash.webp&w=3840&q=75 was preloaded using link preload but not used within a few seconds from the window's load event. Please make sure it has an appropriate `as` value and it is preloaded intentionally. @ http://localhost:3000/:0
[  690668ms] [WARNING] The resource http://localhost:3000/_next/image?url=%2Flogo%2Flogo.webp&w=384&q=75 was preloaded using link preload but not used within a few seconds from the window's load event. Please make sure it has an appropriate `as` value and it is preloaded intentionally. @ http://localhost:3000/:0
[  700503ms] [WARNING] The resource http://localhost:3000/_next/image?url=%2Fbest%20shots%2FProduct%20image%2Fproduct-bodywash.webp&w=3840&q=75 was preloaded using link preload but not used within a few seconds from the window's load event. Please make sure it has an appropriate `as` value and it is preloaded intentionally. @ http://localhost:3000/:0
[  700503ms] [WARNING] The resource http://localhost:3000/_next/image?url=%2Flogo%2Flogo.webp&w=384&q=75 was preloaded using link preload but not used within a few seconds from the window's load event. Please make sure it has an appropriate `as` value and it is preloaded intentionally. @ http://localhost:3000/:0
[  705725ms] [WARNING] The resource http://localhost:3000/_next/image?url=%2Fbest%20shots%2FProduct%20image%2Fproduct-bodywash.webp&w=3840&q=75 was preloaded using link preload but not used within a few seconds from the window's load event. Please make sure it has an appropriate `as` value and it is preloaded intentionally. @ http://localhost:3000/:0
[  705725ms] [WARNING] The resource http://localhost:3000/_next/image?url=%2Flogo%2Flogo.webp&w=384&q=75 was preloaded using link preload but not used within a few seconds from the window's load event. Please make sure it has an appropriate `as` value and it is preloaded intentionally. @ http://localhost:3000/:0
[  715568ms] [WARNING] The resource http://localhost:3000/_next/image?url=%2Fbest%20shots%2FProduct%20image%2Fproduct-bodywash.webp&w=3840&q=75 was preloaded using link preload but not used within a few seconds from the window's load event. Please make sure it has an appropriate `as` value and it is preloaded intentionally. @ http://localhost:3000/:0
[  715568ms] [WARNING] The resource http://localhost:3000/_next/image?url=%2Flogo%2Flogo.webp&w=384&q=75 was preloaded using link preload but not used within a few seconds from the window's load event. Please make sure it has an appropriate `as` value and it is preloaded intentionally. @ http://localhost:3000/:0
[  720798ms] [WARNING] The resource http://localhost:3000/_next/image?url=%2Fbest%20shots%2FProduct%20image%2Fproduct-bodywash.webp&w=3840&q=75 was preloaded using link preload but not used within a few seconds from the window's load event. Please make sure it has an appropriate `as` value and it is preloaded intentionally. @ http://localhost:3000/:0
[  720798ms] [WARNING] The resource http://localhost:3000/_next/image?url=%2Flogo%2Flogo.webp&w=384&q=75 was preloaded using link preload but not used within a few seconds from the window's load event. Please make sure it has an appropriate `as` value and it is preloaded intentionally. @ http://localhost:3000/:0
[  730634ms] [WARNING] The resource http://localhost:3000/_next/image?url=%2Fbest%20shots%2FProduct%20image%2Fproduct-bodywash.webp&w=3840&q=75 was preloaded using link preload but not used within a few seconds from the window's load event. Please make sure it has an appropriate `as` value and it is preloaded intentionally. @ http://localhost:3000/:0
[  730634ms] [WARNING] The resource http://localhost:3000/_next/image?url=%2Flogo%2Flogo.webp&w=384&q=75 was preloaded using link preload but not used within a few seconds from the window's load event. Please make sure it has an appropriate `as` value and it is preloaded intentionally. @ http://localhost:3000/:0
[  735893ms] [WARNING] The resource http://localhost:3000/_next/image?url=%2Fbest%20shots%2FProduct%20image%2Fproduct-bodywash.webp&w=3840&q=75 was preloaded using link preload but not used within a few seconds from the window's load event. Please make sure it has an appropriate `as` value and it is preloaded intentionally. @ http://localhost:3000/:0
[  735893ms] [WARNING] The resource http://localhost:3000/_next/image?url=%2Flogo%2Flogo.webp&w=384&q=75 was preloaded using link preload but not used within a few seconds from the window's load event. Please make sure it has an appropriate `as` value and it is preloaded intentionally. @ http://localhost:3000/:0
[  745701ms] [WARNING] The resource http://localhost:3000/_next/image?url=%2Fbest%20shots%2FProduct%20image%2Fproduct-bodywash.webp&w=3840&q=75 was preloaded using link preload but not used within a few seconds from the window's load event. Please make sure it has an appropriate `as` value and it is preloaded intentionally. @ http://localhost:3000/:0
[  745701ms] [WARNING] The resource http://localhost:3000/_next/image?url=%2Flogo%2Flogo.webp&w=384&q=75 was preloaded using link preload but not used within a few seconds from the window's load event. Please make sure it has an appropriate `as` value and it is preloaded intentionally. @ http://localhost:3000/:0
[  750935ms] [WARNING] The resource http://localhost:3000/_next/image?url=%2Fbest%20shots%2FProduct%20image%2Fproduct-bodywash.webp&w=3840&q=75 was preloaded using link preload but not used within a few seconds from the window's load event. Please make sure it has an appropriate `as` value and it is preloaded intentionally. @ http://localhost:3000/:0
[  750935ms] [WARNING] The resource http://localhost:3000/_next/image?url=%2Flogo%2Flogo.webp&w=384&q=75 was preloaded using link preload but not used within a few seconds from the window's load event. Please make sure it has an appropriate `as` value and it is preloaded intentionally. @ http://localhost:3000/:0
[  760768ms] [WARNING] The resource http://localhost:3000/_next/image?url=%2Fbest%20shots%2FProduct%20image%2Fproduct-bodywash.webp&w=3840&q=75 was preloaded using link preload but not used within a few seconds from the window's load event. Please make sure it has an appropriate `as` value and it is preloaded intentionally. @ http://localhost:3000/:0
[  760768ms] [WARNING] The resource http://localhost:3000/_next/image?url=%2Flogo%2Flogo.webp&w=384&q=75 was preloaded using link preload but not used within a few seconds from the window's load event. Please make sure it has an appropriate `as` value and it is preloaded intentionally. @ http://localhost:3000/:0
[  766003ms] [WARNING] The resource http://localhost:3000/_next/image?url=%2Fbest%20shots%2FProduct%20image%2Fproduct-bodywash.webp&w=3840&q=75 was preloaded using link preload but not used within a few seconds from the window's load event. Please make sure it has an appropriate `as` value and it is preloaded intentionally. @ http://localhost:3000/:0
[  766003ms] [WARNING] The resource http://localhost:3000/_next/image?url=%2Flogo%2Flogo.webp&w=384&q=75 was preloaded using link preload but not used within a few seconds from the window's load event. Please make sure it has an appropriate `as` value and it is preloaded intentionally. @ http://localhost:3000/:0
[  775832ms] [WARNING] The resource http://localhost:3000/_next/image?url=%2Fbest%20shots%2FProduct%20image%2Fproduct-bodywash.webp&w=3840&q=75 was preloaded using link preload but not used within a few seconds from the window's load event. Please make sure it has an appropriate `as` value and it is preloaded intentionally. @ http://localhost:3000/:0
[  775832ms] [WARNING] The resource http://localhost:3000/_next/image?url=%2Flogo%2Flogo.webp&w=384&q=75 was preloaded using link preload but not used within a few seconds from the window's load event. Please make sure it has an appropriate `as` value and it is preloaded intentionally. @ http://localhost:3000/:0
[  781091ms] [WARNING] The resource http://localhost:3000/_next/image?url=%2Fbest%20shots%2FProduct%20image%2Fproduct-bodywash.webp&w=3840&q=75 was preloaded using link preload but not used within a few seconds from the window's load event. Please make sure it has an appropriate `as` value and it is preloaded intentionally. @ http://localhost:3000/:0
[  781091ms] [WARNING] The resource http://localhost:3000/_next/image?url=%2Flogo%2Flogo.webp&w=384&q=75 was preloaded using link preload but not used within a few seconds from the window's load event. Please make sure it has an appropriate `as` value and it is preloaded intentionally. @ http://localhost:3000/:0
[  790908ms] [WARNING] The resource http://localhost:3000/_next/image?url=%2Fbest%20shots%2FProduct%20image%2Fproduct-bodywash.webp&w=3840&q=75 was preloaded using link preload but not used within a few seconds from the window's load event. Please make sure it has an appropriate `as` value and it is preloaded intentionally. @ http://localhost:3000/:0
[  790908ms] [WARNING] The resource http://localhost:3000/_next/image?url=%2Flogo%2Flogo.webp&w=384&q=75 was preloaded using link preload but not used within a few seconds from the window's load event. Please make sure it has an appropriate `as` value and it is preloaded intentionally. @ http://localhost:3000/:0
[  796136ms] [WARNING] The resource http://localhost:3000/_next/image?url=%2Fbest%20shots%2FProduct%20image%2Fproduct-bodywash.webp&w=3840&q=75 was preloaded using link preload but not used within a few seconds from the window's load event. Please make sure it has an appropriate `as` value and it is preloaded intentionally. @ http://localhost:3000/:0
[  796136ms] [WARNING] The resource http://localhost:3000/_next/image?url=%2Flogo%2Flogo.webp&w=384&q=75 was preloaded using link preload but not used within a few seconds from the window's load event. Please make sure it has an appropriate `as` value and it is preloaded intentionally. @ http://localhost:3000/:0
[  805971ms] [WARNING] The resource http://localhost:3000/_next/image?url=%2Fbest%20shots%2FProduct%20image%2Fproduct-bodywash.webp&w=3840&q=75 was preloaded using link preload but not used within a few seconds from the window's load event. Please make sure it has an appropriate `as` value and it is preloaded intentionally. @ http://localhost:3000/:0
[  805971ms] [WARNING] The resource http://localhost:3000/_next/image?url=%2Flogo%2Flogo.webp&w=384&q=75 was preloaded using link preload but not used within a few seconds from the window's load event. Please make sure it has an appropriate `as` value and it is preloaded intentionally. @ http://localhost:3000/:0
[  811194ms] [WARNING] The resource http://localhost:3000/_next/image?url=%2Fbest%20shots%2FProduct%20image%2Fproduct-bodywash.webp&w=3840&q=75 was preloaded using link preload but not used within a few seconds from the window's load event. Please make sure it has an appropriate `as` value and it is preloaded intentionally. @ http://localhost:3000/:0
[  811194ms] [WARNING] The resource http://localhost:3000/_next/image?url=%2Flogo%2Flogo.webp&w=384&q=75 was preloaded using link preload but not used within a few seconds from the window's load event. Please make sure it has an appropriate `as` value and it is preloaded intentionally. @ http://localhost:3000/:0
[  821032ms] [WARNING] The resource http://localhost:3000/_next/image?url=%2Fbest%20shots%2FProduct%20image%2Fproduct-bodywash.webp&w=3840&q=75 was preloaded using link preload but not used within a few seconds from the window's load event. Please make sure it has an appropriate `as` value and it is preloaded intentionally. @ http://localhost:3000/:0
[  821032ms] [WARNING] The resource http://localhost:3000/_next/image?url=%2Flogo%2Flogo.webp&w=384&q=75 was preloaded using link preload but not used within a few seconds from the window's load event. Please make sure it has an appropriate `as` value and it is preloaded intentionally. @ http://localhost:3000/:0
[  826288ms] [WARNING] The resource http://localhost:3000/_next/image?url=%2Fbest%20shots%2FProduct%20image%2Fproduct-bodywash.webp&w=3840&q=75 was preloaded using link preload but not used within a few seconds from the window's load event. Please make sure it has an appropriate `as` value and it is preloaded intentionally. @ http://localhost:3000/:0
[  826288ms] [WARNING] The resource http://localhost:3000/_next/image?url=%2Flogo%2Flogo.webp&w=384&q=75 was preloaded using link preload but not used within a few seconds from the window's load event. Please make sure it has an appropriate `as` value and it is preloaded intentionally. @ http://localhost:3000/:0
[  836105ms] [WARNING] The resource http://localhost:3000/_next/image?url=%2Fbest%20shots%2FProduct%20image%2Fproduct-bodywash.webp&w=3840&q=75 was preloaded using link preload but not used within a few seconds from the window's load event. Please make sure it has an appropriate `as` value and it is preloaded intentionally. @ http://localhost:3000/:0
[  836105ms] [WARNING] The resource http://localhost:3000/_next/image?url=%2Flogo%2Flogo.webp&w=384&q=75 was preloaded using link preload but not used within a few seconds from the window's load event. Please make sure it has an appropriate `as` value and it is preloaded intentionally. @ http://localhost:3000/:0
[  841373ms] [WARNING] The resource http://localhost:3000/_next/image?url=%2Fbest%20shots%2FProduct%20image%2Fproduct-bodywash.webp&w=3840&q=75 was preloaded using link preload but not used within a few seconds from the window's load event. Please make sure it has an appropriate `as` value and it is preloaded intentionally. @ http://localhost:3000/:0
[  841373ms] [WARNING] The resource http://localhost:3000/_next/image?url=%2Flogo%2Flogo.webp&w=384&q=75 was preloaded using link preload but not used within a few seconds from the window's load event. Please make sure it has an appropriate `as` value and it is preloaded intentionally. @ http://localhost:3000/:0
[  851185ms] [WARNING] The resource http://localhost:3000/_next/image?url=%2Fbest%20shots%2FProduct%20image%2Fproduct-bodywash.webp&w=3840&q=75 was preloaded using link preload but not used within a few seconds from the window's load event. Please make sure it has an appropriate `as` value and it is preloaded intentionally. @ http://localhost:3000/:0
[  851186ms] [WARNING] The resource http://localhost:3000/_next/image?url=%2Flogo%2Flogo.webp&w=384&q=75 was preloaded using link preload but not used within a few seconds from the window's load event. Please make sure it has an appropriate `as` value and it is preloaded intentionally. @ http://localhost:3000/:0
[  856439ms] [WARNING] The resource http://localhost:3000/_next/image?url=%2Fbest%20shots%2FProduct%20image%2Fproduct-bodywash.webp&w=3840&q=75 was preloaded using link preload but not used within a few seconds from the window's load event. Please make sure it has an appropriate `as` value and it is preloaded intentionally. @ http://localhost:3000/:0
[  856439ms] [WARNING] The resource http://localhost:3000/_next/image?url=%2Flogo%2Flogo.webp&w=384&q=75 was preloaded using link preload but not used within a few seconds from the window's load event. Please make sure it has an appropriate `as` value and it is preloaded intentionally. @ http://localhost:3000/:0
[  866272ms] [WARNING] The resource http://localhost:3000/_next/image?url=%2Fbest%20shots%2FProduct%20image%2Fproduct-bodywash.webp&w=3840&q=75 was preloaded using link preload but not used within a few seconds from the window's load event. Please make sure it has an appropriate `as` value and it is preloaded intentionally. @ http://localhost:3000/:0
[  866272ms] [WARNING] The resource http://localhost:3000/_next/image?url=%2Flogo%2Flogo.webp&w=384&q=75 was preloaded using link preload but not used within a few seconds from the window's load event. Please make sure it has an appropriate `as` value and it is preloaded intentionally. @ http://localhost:3000/:0
[  871522ms] [WARNING] The resource http://localhost:3000/_next/image?url=%2Fbest%20shots%2FProduct%20image%2Fproduct-bodywash.webp&w=3840&q=75 was preloaded using link preload but not used within a few seconds from the window's load event. Please make sure it has an appropriate `as` value and it is preloaded intentionally. @ http://localhost:3000/:0
[  871522ms] [WARNING] The resource http://localhost:3000/_next/image?url=%2Flogo%2Flogo.webp&w=384&q=75 was preloaded using link preload but not used within a few seconds from the window's load event. Please make sure it has an appropriate `as` value and it is preloaded intentionally. @ http://localhost:3000/:0
[  881339ms] [WARNING] The resource http://localhost:3000/_next/image?url=%2Fbest%20shots%2FProduct%20image%2Fproduct-bodywash.webp&w=3840&q=75 was preloaded using link preload but not used within a few seconds from the window's load event. Please make sure it has an appropriate `as` value and it is preloaded intentionally. @ http://localhost:3000/:0
[  881339ms] [WARNING] The resource http://localhost:3000/_next/image?url=%2Flogo%2Flogo.webp&w=384&q=75 was preloaded using link preload but not used within a few seconds from the window's load event. Please make sure it has an appropriate `as` value and it is preloaded intentionally. @ http://localhost:3000/:0
[  886645ms] [WARNING] The resource http://localhost:3000/_next/image?url=%2Fbest%20shots%2FProduct%20image%2Fproduct-bodywash.webp&w=3840&q=75 was preloaded using link preload but not used within a few seconds from the window's load event. Please make sure it has an appropriate `as` value and it is preloaded intentionally. @ http://localhost:3000/:0
[  886645ms] [WARNING] The resource http://localhost:3000/_next/image?url=%2Flogo%2Flogo.webp&w=384&q=75 was preloaded using link preload but not used within a few seconds from the window's load event. Please make sure it has an appropriate `as` value and it is preloaded intentionally. @ http://localhost:3000/:0
[  896406ms] [WARNING] The resource http://localhost:3000/_next/image?url=%2Fbest%20shots%2FProduct%20image%2Fproduct-bodywash.webp&w=3840&q=75 was preloaded using link preload but not used within a few seconds from the window's load event. Please make sure it has an appropriate `as` value and it is preloaded intentionally. @ http://localhost:3000/:0
[  896406ms] [WARNING] The resource http://localhost:3000/_next/image?url=%2Flogo%2Flogo.webp&w=384&q=75 was preloaded using link preload but not used within a few seconds from the window's load event. Please make sure it has an appropriate `as` value and it is preloaded intentionally. @ http://localhost:3000/:0
[  901752ms] [WARNING] The resource http://localhost:3000/_next/image?url=%2Fbest%20shots%2FProduct%20image%2Fproduct-bodywash.webp&w=3840&q=75 was preloaded using link preload but not used within a few seconds from the window's load event. Please make sure it has an appropriate `as` value and it is preloaded intentionally. @ http://localhost:3000/:0
[  901753ms] [WARNING] The resource http://localhost:3000/_next/image?url=%2Flogo%2Flogo.webp&w=384&q=75 was preloaded using link preload but not used within a few seconds from the window's load event. Please make sure it has an appropriate `as` value and it is preloaded intentionally. @ http://localhost:3000/:0
[  911467ms] [WARNING] The resource http://localhost:3000/_next/image?url=%2Fbest%20shots%2FProduct%20image%2Fproduct-bodywash.webp&w=3840&q=75 was preloaded using link preload but not used within a few seconds from the window's load event. Please make sure it has an appropriate `as` value and it is preloaded intentionally. @ http://localhost:3000/:0
[  911467ms] [WARNING] The resource http://localhost:3000/_next/image?url=%2Flogo%2Flogo.webp&w=384&q=75 was preloaded using link preload but not used within a few seconds from the window's load event. Please make sure it has an appropriate `as` value and it is preloaded intentionally. @ http://localhost:3000/:0
[  916807ms] [WARNING] The resource http://localhost:3000/_next/image?url=%2Fbest%20shots%2FProduct%20image%2Fproduct-bodywash.webp&w=3840&q=75 was preloaded using link preload but not used within a few seconds from the window's load event. Please make sure it has an appropriate `as` value and it is preloaded intentionally. @ http://localhost:3000/:0
[  916807ms] [WARNING] The resource http://localhost:3000/_next/image?url=%2Flogo%2Flogo.webp&w=384&q=75 was preloaded using link preload but not used within a few seconds from the window's load event. Please make sure it has an appropriate `as` value and it is preloaded intentionally. @ http://localhost:3000/:0
[  926540ms] [WARNING] The resource http://localhost:3000/_next/image?url=%2Fbest%20shots%2FProduct%20image%2Fproduct-bodywash.webp&w=3840&q=75 was preloaded using link preload but not used within a few seconds from the window's load event. Please make sure it has an appropriate `as` value and it is preloaded intentionally. @ http://localhost:3000/:0
[  926540ms] [WARNING] The resource http://localhost:3000/_next/image?url=%2Flogo%2Flogo.webp&w=384&q=75 was preloaded using link preload but not used within a few seconds from the window's load event. Please make sure it has an appropriate `as` value and it is preloaded intentionally. @ http://localhost:3000/:0
[  931772ms] [WARNING] The resource http://localhost:3000/_next/image?url=%2Fbest%20shots%2FProduct%20image%2Fproduct-bodywash.webp&w=3840&q=75 was preloaded using link preload but not used within a few seconds from the window's load event. Please make sure it has an appropriate `as` value and it is preloaded intentionally. @ http://localhost:3000/:0
[  931772ms] [WARNING] The resource http://localhost:3000/_next/image?url=%2Flogo%2Flogo.webp&w=384&q=75 was preloaded using link preload but not used within a few seconds from the window's load event. Please make sure it has an appropriate `as` value and it is preloaded intentionally. @ http://localhost:3000/:0
[  941607ms] [WARNING] The resource http://localhost:3000/_next/image?url=%2Fbest%20shots%2FProduct%20image%2Fproduct-bodywash.webp&w=3840&q=75 was preloaded using link preload but not used within a few seconds from the window's load event. Please make sure it has an appropriate `as` value and it is preloaded intentionally. @ http://localhost:3000/:0
[  941607ms] [WARNING] The resource http://localhost:3000/_next/image?url=%2Flogo%2Flogo.webp&w=384&q=75 was preloaded using link preload but not used within a few seconds from the window's load event. Please make sure it has an appropriate `as` value and it is preloaded intentionally. @ http://localhost:3000/:0
[  946837ms] [WARNING] The resource http://localhost:3000/_next/image?url=%2Fbest%20shots%2FProduct%20image%2Fproduct-bodywash.webp&w=3840&q=75 was preloaded using link preload but not used within a few seconds from the window's load event. Please make sure it has an appropriate `as` value and it is preloaded intentionally. @ http://localhost:3000/:0
[  946837ms] [WARNING] The resource http://localhost:3000/_next/image?url=%2Flogo%2Flogo.webp&w=384&q=75 was preloaded using link preload but not used within a few seconds from the window's load event. Please make sure it has an appropriate `as` value and it is preloaded intentionally. @ http://localhost:3000/:0
[  956668ms] [WARNING] The resource http://localhost:3000/_next/image?url=%2Fbest%20shots%2FProduct%20image%2Fproduct-bodywash.webp&w=3840&q=75 was preloaded using link preload but not used within a few seconds from the window's load event. Please make sure it has an appropriate `as` value and it is preloaded intentionally. @ http://localhost:3000/:0
[  956668ms] [WARNING] The resource http://localhost:3000/_next/image?url=%2Flogo%2Flogo.webp&w=384&q=75 was preloaded using link preload but not used within a few seconds from the window's load event. Please make sure it has an appropriate `as` value and it is preloaded intentionally. @ http://localhost:3000/:0
[  961925ms] [WARNING] The resource http://localhost:3000/_next/image?url=%2Fbest%20shots%2FProduct%20image%2Fproduct-bodywash.webp&w=3840&q=75 was preloaded using link preload but not used within a few seconds from the window's load event. Please make sure it has an appropriate `as` value and it is preloaded intentionally. @ http://localhost:3000/:0
[  961925ms] [WARNING] The resource http://localhost:3000/_next/image?url=%2Flogo%2Flogo.webp&w=384&q=75 was preloaded using link preload but not used within a few seconds from the window's load event. Please make sure it has an appropriate `as` value and it is preloaded intentionally. @ http://localhost:3000/:0
[  971737ms] [WARNING] The resource http://localhost:3000/_next/image?url=%2Fbest%20shots%2FProduct%20image%2Fproduct-bodywash.webp&w=3840&q=75 was preloaded using link preload but not used within a few seconds from the window's load event. Please make sure it has an appropriate `as` value and it is preloaded intentionally. @ http://localhost:3000/:0
[  971737ms] [WARNING] The resource http://localhost:3000/_next/image?url=%2Flogo%2Flogo.webp&w=384&q=75 was preloaded using link preload but not used within a few seconds from the window's load event. Please make sure it has an appropriate `as` value and it is preloaded intentionally. @ http://localhost:3000/:0
[  976990ms] [WARNING] The resource http://localhost:3000/_next/image?url=%2Fbest%20shots%2FProduct%20image%2Fproduct-bodywash.webp&w=3840&q=75 was preloaded using link preload but not used within a few seconds from the window's load event. Please make sure it has an appropriate `as` value and it is preloaded intentionally. @ http://localhost:3000/:0
[  976990ms] [WARNING] The resource http://localhost:3000/_next/image?url=%2Flogo%2Flogo.webp&w=384&q=75 was preloaded using link preload but not used within a few seconds from the window's load event. Please make sure it has an appropriate `as` value and it is preloaded intentionally. @ http://localhost:3000/:0
[  986808ms] [WARNING] The resource http://localhost:3000/_next/image?url=%2Fbest%20shots%2FProduct%20image%2Fproduct-bodywash.webp&w=3840&q=75 was preloaded using link preload but not used within a few seconds from the window's load event. Please make sure it has an appropriate `as` value and it is preloaded intentionally. @ http://localhost:3000/:0
[  986808ms] [WARNING] The resource http://localhost:3000/_next/image?url=%2Flogo%2Flogo.webp&w=384&q=75 was preloaded using link preload but not used within a few seconds from the window's load event. Please make sure it has an appropriate `as` value and it is preloaded intentionally. @ http://localhost:3000/:0
[  992042ms] [WARNING] The resource http://localhost:3000/_next/image?url=%2Fbest%20shots%2FProduct%20image%2Fproduct-bodywash.webp&w=3840&q=75 was preloaded using link preload but not used within a few seconds from the window's load event. Please make sure it has an appropriate `as` value and it is preloaded intentionally. @ http://localhost:3000/:0
[  992042ms] [WARNING] The resource http://localhost:3000/_next/image?url=%2Flogo%2Flogo.webp&w=384&q=75 was preloaded using link preload but not used within a few seconds from the window's load event. Please make sure it has an appropriate `as` value and it is preloaded intentionally. @ http://localhost:3000/:0
[ 1001873ms] [WARNING] The resource http://localhost:3000/_next/image?url=%2Fbest%20shots%2FProduct%20image%2Fproduct-bodywash.webp&w=3840&q=75 was preloaded using link preload but not used within a few seconds from the window's load event. Please make sure it has an appropriate `as` value and it is preloaded intentionally. @ http://localhost:3000/:0
[ 1001873ms] [WARNING] The resource http://localhost:3000/_next/image?url=%2Flogo%2Flogo.webp&w=384&q=75 was preloaded using link preload but not used within a few seconds from the window's load event. Please make sure it has an appropriate `as` value and it is preloaded intentionally. @ http://localhost:3000/:0
[ 1007109ms] [WARNING] The resource http://localhost:3000/_next/image?url=%2Fbest%20shots%2FProduct%20image%2Fproduct-bodywash.webp&w=3840&q=75 was preloaded using link preload but not used within a few seconds from the window's load event. Please make sure it has an appropriate `as` value and it is preloaded intentionally. @ http://localhost:3000/:0
[ 1007109ms] [WARNING] The resource http://localhost:3000/_next/image?url=%2Flogo%2Flogo.webp&w=384&q=75 was preloaded using link preload but not used within a few seconds from the window's load event. Please make sure it has an appropriate `as` value and it is preloaded intentionally. @ http://localhost:3000/:0
[ 1016942ms] [WARNING] The resource http://localhost:3000/_next/image?url=%2Fbest%20shots%2FProduct%20image%2Fproduct-bodywash.webp&w=3840&q=75 was preloaded using link preload but not used within a few seconds from the window's load event. Please make sure it has an appropriate `as` value and it is preloaded intentionally. @ http://localhost:3000/:0
[ 1016942ms] [WARNING] The resource http://localhost:3000/_next/image?url=%2Flogo%2Flogo.webp&w=384&q=75 was preloaded using link preload but not used within a few seconds from the window's load event. Please make sure it has an appropriate `as` value and it is preloaded intentionally. @ http://localhost:3000/:0
[ 1022176ms] [WARNING] The resource http://localhost:3000/_next/image?url=%2Fbest%20shots%2FProduct%20image%2Fproduct-bodywash.webp&w=3840&q=75 was preloaded using link preload but not used within a few seconds from the window's load event. Please make sure it has an appropriate `as` value and it is preloaded intentionally. @ http://localhost:3000/:0
[ 1022176ms] [WARNING] The resource http://localhost:3000/_next/image?url=%2Flogo%2Flogo.webp&w=384&q=75 was preloaded using link preload but not used within a few seconds from the window's load event. Please make sure it has an appropriate `as` value and it is preloaded intentionally. @ http://localhost:3000/:0
[ 1032010ms] [WARNING] The resource http://localhost:3000/_next/image?url=%2Fbest%20shots%2FProduct%20image%2Fproduct-bodywash.webp&w=3840&q=75 was preloaded using link preload but not used within a few seconds from the window's load event. Please make sure it has an appropriate `as` value and it is preloaded intentionally. @ http://localhost:3000/:0
[ 1032010ms] [WARNING] The resource http://localhost:3000/_next/image?url=%2Flogo%2Flogo.webp&w=384&q=75 was preloaded using link preload but not used within a few seconds from the window's load event. Please make sure it has an appropriate `as` value and it is preloaded intentionally. @ http://localhost:3000/:0
[ 1037259ms] [WARNING] The resource http://localhost:3000/_next/image?url=%2Fbest%20shots%2FProduct%20image%2Fproduct-bodywash.webp&w=3840&q=75 was preloaded using link preload but not used within a few seconds from the window's load event. Please make sure it has an appropriate `as` value and it is preloaded intentionally. @ http://localhost:3000/:0
[ 1037259ms] [WARNING] The resource http://localhost:3000/_next/image?url=%2Flogo%2Flogo.webp&w=384&q=75 was preloaded using link preload but not used within a few seconds from the window's load event. Please make sure it has an appropriate `as` value and it is preloaded intentionally. @ http://localhost:3000/:0
[ 1047092ms] [WARNING] The resource http://localhost:3000/_next/image?url=%2Fbest%20shots%2FProduct%20image%2Fproduct-bodywash.webp&w=3840&q=75 was preloaded using link preload but not used within a few seconds from the window's load event. Please make sure it has an appropriate `as` value and it is preloaded intentionally. @ http://localhost:3000/:0
[ 1047092ms] [WARNING] The resource http://localhost:3000/_next/image?url=%2Flogo%2Flogo.webp&w=384&q=75 was preloaded using link preload but not used within a few seconds from the window's load event. Please make sure it has an appropriate `as` value and it is preloaded intentionally. @ http://localhost:3000/:0
[ 1052327ms] [WARNING] The resource http://localhost:3000/_next/image?url=%2Fbest%20shots%2FProduct%20image%2Fproduct-bodywash.webp&w=3840&q=75 was preloaded using link preload but not used within a few seconds from the window's load event. Please make sure it has an appropriate `as` value and it is preloaded intentionally. @ http://localhost:3000/:0
[ 1052327ms] [WARNING] The resource http://localhost:3000/_next/image?url=%2Flogo%2Flogo.webp&w=384&q=75 was preloaded using link preload but not used within a few seconds from the window's load event. Please make sure it has an appropriate `as` value and it is preloaded intentionally. @ http://localhost:3000/:0
[ 1062160ms] [WARNING] The resource http://localhost:3000/_next/image?url=%2Fbest%20shots%2FProduct%20image%2Fproduct-bodywash.webp&w=3840&q=75 was preloaded using link preload but not used within a few seconds from the window's load event. Please make sure it has an appropriate `as` value and it is preloaded intentionally. @ http://localhost:3000/:0
[ 1062160ms] [WARNING] The resource http://localhost:3000/_next/image?url=%2Flogo%2Flogo.webp&w=384&q=75 was preloaded using link preload but not used within a few seconds from the window's load event. Please make sure it has an appropriate `as` value and it is preloaded intentionally. @ http://localhost:3000/:0
[ 1067393ms] [WARNING] The resource http://localhost:3000/_next/image?url=%2Fbest%20shots%2FProduct%20image%2Fproduct-bodywash.webp&w=3840&q=75 was preloaded using link preload but not used within a few seconds from the window's load event. Please make sure it has an appropriate `as` value and it is preloaded intentionally. @ http://localhost:3000/:0
[ 1067393ms] [WARNING] The resource http://localhost:3000/_next/image?url=%2Flogo%2Flogo.webp&w=384&q=75 was preloaded using link preload but not used within a few seconds from the window's load event. Please make sure it has an appropriate `as` value and it is preloaded intentionally. @ http://localhost:3000/:0
[ 1077227ms] [WARNING] The resource http://localhost:3000/_next/image?url=%2Fbest%20shots%2FProduct%20image%2Fproduct-bodywash.webp&w=3840&q=75 was preloaded using link preload but not used within a few seconds from the window's load event. Please make sure it has an appropriate `as` value and it is preloaded intentionally. @ http://localhost:3000/:0
[ 1077227ms] [WARNING] The resource http://localhost:3000/_next/image?url=%2Flogo%2Flogo.webp&w=384&q=75 was preloaded using link preload but not used within a few seconds from the window's load event. Please make sure it has an appropriate `as` value and it is preloaded intentionally. @ http://localhost:3000/:0
[ 1082459ms] [WARNING] The resource http://localhost:3000/_next/image?url=%2Fbest%20shots%2FProduct%20image%2Fproduct-bodywash.webp&w=3840&q=75 was preloaded using link preload but not used within a few seconds from the window's load event. Please make sure it has an appropriate `as` value and it is preloaded intentionally. @ http://localhost:3000/:0
[ 1082459ms] [WARNING] The resource http://localhost:3000/_next/image?url=%2Flogo%2Flogo.webp&w=384&q=75 was preloaded using link preload but not used within a few seconds from the window's load event. Please make sure it has an appropriate `as` value and it is preloaded intentionally. @ http://localhost:3000/:0
[ 1092294ms] [WARNING] The resource http://localhost:3000/_next/image?url=%2Fbest%20shots%2FProduct%20image%2Fproduct-bodywash.webp&w=3840&q=75 was preloaded using link preload but not used within a few seconds from the window's load event. Please make sure it has an appropriate `as` value and it is preloaded intentionally. @ http://localhost:3000/:0
[ 1092294ms] [WARNING] The resource http://localhost:3000/_next/image?url=%2Flogo%2Flogo.webp&w=384&q=75 was preloaded using link preload but not used within a few seconds from the window's load event. Please make sure it has an appropriate `as` value and it is preloaded intentionally. @ http://localhost:3000/:0
[ 1097521ms] [WARNING] The resource http://localhost:3000/_next/image?url=%2Fbest%20shots%2FProduct%20image%2Fproduct-bodywash.webp&w=3840&q=75 was preloaded using link preload but not used within a few seconds from the window's load event. Please make sure it has an appropriate `as` value and it is preloaded intentionally. @ http://localhost:3000/:0
[ 1097521ms] [WARNING] The resource http://localhost:3000/_next/image?url=%2Flogo%2Flogo.webp&w=384&q=75 was preloaded using link preload but not used within a few seconds from the window's load event. Please make sure it has an appropriate `as` value and it is preloaded intentionally. @ http://localhost:3000/:0
[ 1107364ms] [WARNING] The resource http://localhost:3000/_next/image?url=%2Fbest%20shots%2FProduct%20image%2Fproduct-bodywash.webp&w=3840&q=75 was preloaded using link preload but not used within a few seconds from the window's load event. Please make sure it has an appropriate `as` value and it is preloaded intentionally. @ http://localhost:3000/:0
[ 1107364ms] [WARNING] The resource http://localhost:3000/_next/image?url=%2Flogo%2Flogo.webp&w=384&q=75 was preloaded using link preload but not used within a few seconds from the window's load event. Please make sure it has an appropriate `as` value and it is preloaded intentionally. @ http://localhost:3000/:0
[ 1112595ms] [WARNING] The resource http://localhost:3000/_next/image?url=%2Fbest%20shots%2FProduct%20image%2Fproduct-bodywash.webp&w=3840&q=75 was preloaded using link preload but not used within a few seconds from the window's load event. Please make sure it has an appropriate `as` value and it is preloaded intentionally. @ http://localhost:3000/:0
[ 1112595ms] [WARNING] The resource http://localhost:3000/_next/image?url=%2Flogo%2Flogo.webp&w=384&q=75 was preloaded using link preload but not used within a few seconds from the window's load event. Please make sure it has an appropriate `as` value and it is preloaded intentionally. @ http://localhost:3000/:0
[ 1122428ms] [WARNING] The resource http://localhost:3000/_next/image?url=%2Fbest%20shots%2FProduct%20image%2Fproduct-bodywash.webp&w=3840&q=75 was preloaded using link preload but not used within a few seconds from the window's load event. Please make sure it has an appropriate `as` value and it is preloaded intentionally. @ http://localhost:3000/:0
[ 1122428ms] [WARNING] The resource http://localhost:3000/_next/image?url=%2Flogo%2Flogo.webp&w=384&q=75 was preloaded using link preload but not used within a few seconds from the window's load event. Please make sure it has an appropriate `as` value and it is preloaded intentionally. @ http://localhost:3000/:0
[ 1127662ms] [WARNING] The resource http://localhost:3000/_next/image?url=%2Fbest%20shots%2FProduct%20image%2Fproduct-bodywash.webp&w=3840&q=75 was preloaded using link preload but not used within a few seconds from the window's load event. Please make sure it has an appropriate `as` value and it is preloaded intentionally. @ http://localhost:3000/:0
[ 1127662ms] [WARNING] The resource http://localhost:3000/_next/image?url=%2Flogo%2Flogo.webp&w=384&q=75 was preloaded using link preload but not used within a few seconds from the window's load event. Please make sure it has an appropriate `as` value and it is preloaded intentionally. @ http://localhost:3000/:0
[ 1137492ms] [WARNING] The resource http://localhost:3000/_next/image?url=%2Fbest%20shots%2FProduct%20image%2Fproduct-bodywash.webp&w=3840&q=75 was preloaded using link preload but not used within a few seconds from the window's load event. Please make sure it has an appropriate `as` value and it is preloaded intentionally. @ http://localhost:3000/:0
[ 1137492ms] [WARNING] The resource http://localhost:3000/_next/image?url=%2Flogo%2Flogo.webp&w=384&q=75 was preloaded using link preload but not used within a few seconds from the window's load event. Please make sure it has an appropriate `as` value and it is preloaded intentionally. @ http://localhost:3000/:0
[ 1142743ms] [WARNING] The resource http://localhost:3000/_next/image?url=%2Fbest%20shots%2FProduct%20image%2Fproduct-bodywash.webp&w=3840&q=75 was preloaded using link preload but not used within a few seconds from the window's load event. Please make sure it has an appropriate `as` value and it is preloaded intentionally. @ http://localhost:3000/:0
[ 1142743ms] [WARNING] The resource http://localhost:3000/_next/image?url=%2Flogo%2Flogo.webp&w=384&q=75 was preloaded using link preload but not used within a few seconds from the window's load event. Please make sure it has an appropriate `as` value and it is preloaded intentionally. @ http://localhost:3000/:0
[ 1152556ms] [WARNING] The resource http://localhost:3000/_next/image?url=%2Fbest%20shots%2FProduct%20image%2Fproduct-bodywash.webp&w=3840&q=75 was preloaded using link preload but not used within a few seconds from the window's load event. Please make sure it has an appropriate `as` value and it is preloaded intentionally. @ http://localhost:3000/:0
[ 1152556ms] [WARNING] The resource http://localhost:3000/_next/image?url=%2Flogo%2Flogo.webp&w=384&q=75 was preloaded using link preload but not used within a few seconds from the window's load event. Please make sure it has an appropriate `as` value and it is preloaded intentionally. @ http://localhost:3000/:0
[ 1157796ms] [WARNING] The resource http://localhost:3000/_next/image?url=%2Fbest%20shots%2FProduct%20image%2Fproduct-bodywash.webp&w=3840&q=75 was preloaded using link preload but not used within a few seconds from the window's load event. Please make sure it has an appropriate `as` value and it is preloaded intentionally. @ http://localhost:3000/:0
[ 1157796ms] [WARNING] The resource http://localhost:3000/_next/image?url=%2Flogo%2Flogo.webp&w=384&q=75 was preloaded using link preload but not used within a few seconds from the window's load event. Please make sure it has an appropriate `as` value and it is preloaded intentionally. @ http://localhost:3000/:0
[ 1167626ms] [WARNING] The resource http://localhost:3000/_next/image?url=%2Fbest%20shots%2FProduct%20image%2Fproduct-bodywash.webp&w=3840&q=75 was preloaded using link preload but not used within a few seconds from the window's load event. Please make sure it has an appropriate `as` value and it is preloaded intentionally. @ http://localhost:3000/:0
[ 1167626ms] [WARNING] The resource http://localhost:3000/_next/image?url=%2Flogo%2Flogo.webp&w=384&q=75 was preloaded using link preload but not used within a few seconds from the window's load event. Please make sure it has an appropriate `as` value and it is preloaded intentionally. @ http://localhost:3000/:0
[ 1172874ms] [WARNING] The resource http://localhost:3000/_next/image?url=%2Fbest%20shots%2FProduct%20image%2Fproduct-bodywash.webp&w=3840&q=75 was preloaded using link preload but not used within a few seconds from the window's load event. Please make sure it has an appropriate `as` value and it is preloaded intentionally. @ http://localhost:3000/:0
[ 1172875ms] [WARNING] The resource http://localhost:3000/_next/image?url=%2Flogo%2Flogo.webp&w=384&q=75 was preloaded using link preload but not used within a few seconds from the window's load event. Please make sure it has an appropriate `as` value and it is preloaded intentionally. @ http://localhost:3000/:0
[ 1182690ms] [WARNING] The resource http://localhost:3000/_next/image?url=%2Fbest%20shots%2FProduct%20image%2Fproduct-bodywash.webp&w=3840&q=75 was preloaded using link preload but not used within a few seconds from the window's load event. Please make sure it has an appropriate `as` value and it is preloaded intentionally. @ http://localhost:3000/:0
[ 1182690ms] [WARNING] The resource http://localhost:3000/_next/image?url=%2Flogo%2Flogo.webp&w=384&q=75 was preloaded using link preload but not used within a few seconds from the window's load event. Please make sure it has an appropriate `as` value and it is preloaded intentionally. @ http://localhost:3000/:0
[ 1188028ms] [WARNING] The resource http://localhost:3000/_next/image?url=%2Fbest%20shots%2FProduct%20image%2Fproduct-bodywash.webp&w=3840&q=75 was preloaded using link preload but not used within a few seconds from the window's load event. Please make sure it has an appropriate `as` value and it is preloaded intentionally. @ http://localhost:3000/:0
[ 1188028ms] [WARNING] The resource http://localhost:3000/_next/image?url=%2Flogo%2Flogo.webp&w=384&q=75 was preloaded using link preload but not used within a few seconds from the window's load event. Please make sure it has an appropriate `as` value and it is preloaded intentionally. @ http://localhost:3000/:0
[ 1197756ms] [WARNING] The resource http://localhost:3000/_next/image?url=%2Fbest%20shots%2FProduct%20image%2Fproduct-bodywash.webp&w=3840&q=75 was preloaded using link preload but not used within a few seconds from the window's load event. Please make sure it has an appropriate `as` value and it is preloaded intentionally. @ http://localhost:3000/:0
[ 1197756ms] [WARNING] The resource http://localhost:3000/_next/image?url=%2Flogo%2Flogo.webp&w=384&q=75 was preloaded using link preload but not used within a few seconds from the window's load event. Please make sure it has an appropriate `as` value and it is preloaded intentionally. @ http://localhost:3000/:0
[ 1203063ms] [WARNING] The resource http://localhost:3000/_next/image?url=%2Fbest%20shots%2FProduct%20image%2Fproduct-bodywash.webp&w=3840&q=75 was preloaded using link preload but not used within a few seconds from the window's load event. Please make sure it has an appropriate `as` value and it is preloaded intentionally. @ http://localhost:3000/:0
[ 1203063ms] [WARNING] The resource http://localhost:3000/_next/image?url=%2Flogo%2Flogo.webp&w=384&q=75 was preloaded using link preload but not used within a few seconds from the window's load event. Please make sure it has an appropriate `as` value and it is preloaded intentionally. @ http://localhost:3000/:0
[ 1212825ms] [WARNING] The resource http://localhost:3000/_next/image?url=%2Fbest%20shots%2FProduct%20image%2Fproduct-bodywash.webp&w=3840&q=75 was preloaded using link preload but not used within a few seconds from the window's load event. Please make sure it has an appropriate `as` value and it is preloaded intentionally. @ http://localhost:3000/:0
[ 1212825ms] [WARNING] The resource http://localhost:3000/_next/image?url=%2Flogo%2Flogo.webp&w=384&q=75 was preloaded using link preload but not used within a few seconds from the window's load event. Please make sure it has an appropriate `as` value and it is preloaded intentionally. @ http://localhost:3000/:0
[ 1218159ms] [WARNING] The resource http://localhost:3000/_next/image?url=%2Fbest%20shots%2FProduct%20image%2Fproduct-bodywash.webp&w=3840&q=75 was preloaded using link preload but not used within a few seconds from the window's load event. Please make sure it has an appropriate `as` value and it is preloaded intentionally. @ http://localhost:3000/:0
[ 1218159ms] [WARNING] The resource http://localhost:3000/_next/image?url=%2Flogo%2Flogo.webp&w=384&q=75 was preloaded using link preload but not used within a few seconds from the window's load event. Please make sure it has an appropriate `as` value and it is preloaded intentionally. @ http://localhost:3000/:0
[ 1227891ms] [WARNING] The resource http://localhost:3000/_next/image?url=%2Fbest%20shots%2FProduct%20image%2Fproduct-bodywash.webp&w=3840&q=75 was preloaded using link preload but not used within a few seconds from the window's load event. Please make sure it has an appropriate `as` value and it is preloaded intentionally. @ http://localhost:3000/:0
[ 1227891ms] [WARNING] The resource http://localhost:3000/_next/image?url=%2Flogo%2Flogo.webp&w=384&q=75 was preloaded using link preload but not used within a few seconds from the window's load event. Please make sure it has an appropriate `as` value and it is preloaded intentionally. @ http://localhost:3000/:0
[ 1233231ms] [WARNING] The resource http://localhost:3000/_next/image?url=%2Fbest%20shots%2FProduct%20image%2Fproduct-bodywash.webp&w=3840&q=75 was preloaded using link preload but not used within a few seconds from the window's load event. Please make sure it has an appropriate `as` value and it is preloaded intentionally. @ http://localhost:3000/:0
[ 1233231ms] [WARNING] The resource http://localhost:3000/_next/image?url=%2Flogo%2Flogo.webp&w=384&q=75 was preloaded using link preload but not used within a few seconds from the window's load event. Please make sure it has an appropriate `as` value and it is preloaded intentionally. @ http://localhost:3000/:0
[ 1242978ms] [WARNING] The resource http://localhost:3000/_next/image?url=%2Fbest%20shots%2FProduct%20image%2Fproduct-bodywash.webp&w=3840&q=75 was preloaded using link preload but not used within a few seconds from the window's load event. Please make sure it has an appropriate `as` value and it is preloaded intentionally. @ http://localhost:3000/:0
[ 1242978ms] [WARNING] The resource http://localhost:3000/_next/image?url=%2Flogo%2Flogo.webp&w=384&q=75 was preloaded using link preload but not used within a few seconds from the window's load event. Please make sure it has an appropriate `as` value and it is preloaded intentionally. @ http://localhost:3000/:0
[ 1248315ms] [WARNING] The resource http://localhost:3000/_next/image?url=%2Fbest%20shots%2FProduct%20image%2Fproduct-bodywash.webp&w=3840&q=75 was preloaded using link preload but not used within a few seconds from the window's load event. Please make sure it has an appropriate `as` value and it is preloaded intentionally. @ http://localhost:3000/:0
[ 1248315ms] [WARNING] The resource http://localhost:3000/_next/image?url=%2Flogo%2Flogo.webp&w=384&q=75 was preloaded using link preload but not used within a few seconds from the window's load event. Please make sure it has an appropriate `as` value and it is preloaded intentionally. @ http://localhost:3000/:0
[ 1258052ms] [WARNING] The resource http://localhost:3000/_next/image?url=%2Fbest%20shots%2FProduct%20image%2Fproduct-bodywash.webp&w=3840&q=75 was preloaded using link preload but not used within a few seconds from the window's load event. Please make sure it has an appropriate `as` value and it is preloaded intentionally. @ http://localhost:3000/:0
[ 1258052ms] [WARNING] The resource http://localhost:3000/_next/image?url=%2Flogo%2Flogo.webp&w=384&q=75 was preloaded using link preload but not used within a few seconds from the window's load event. Please make sure it has an appropriate `as` value and it is preloaded intentionally. @ http://localhost:3000/:0
[ 1263365ms] [WARNING] The resource http://localhost:3000/_next/image?url=%2Fbest%20shots%2FProduct%20image%2Fproduct-bodywash.webp&w=3840&q=75 was preloaded using link preload but not used within a few seconds from the window's load event. Please make sure it has an appropriate `as` value and it is preloaded intentionally. @ http://localhost:3000/:0
[ 1263365ms] [WARNING] The resource http://localhost:3000/_next/image?url=%2Flogo%2Flogo.webp&w=384&q=75 was preloaded using link preload but not used within a few seconds from the window's load event. Please make sure it has an appropriate `as` value and it is preloaded intentionally. @ http://localhost:3000/:0
[ 1273116ms] [WARNING] The resource http://localhost:3000/_next/image?url=%2Fbest%20shots%2FProduct%20image%2Fproduct-bodywash.webp&w=3840&q=75 was preloaded using link preload but not used within a few seconds from the window's load event. Please make sure it has an appropriate `as` value and it is preloaded intentionally. @ http://localhost:3000/:0
[ 1273116ms] [WARNING] The resource http://localhost:3000/_next/image?url=%2Flogo%2Flogo.webp&w=384&q=75 was preloaded using link preload but not used within a few seconds from the window's load event. Please make sure it has an appropriate `as` value and it is preloaded intentionally. @ http://localhost:3000/:0
[ 1278362ms] [WARNING] The resource http://localhost:3000/_next/image?url=%2Fbest%20shots%2FProduct%20image%2Fproduct-bodywash.webp&w=3840&q=75 was preloaded using link preload but not used within a few seconds from the window's load event. Please make sure it has an appropriate `as` value and it is preloaded intentionally. @ http://localhost:3000/:0
[ 1278362ms] [WARNING] The resource http://localhost:3000/_next/image?url=%2Flogo%2Flogo.webp&w=384&q=75 was preloaded using link preload but not used within a few seconds from the window's load event. Please make sure it has an appropriate `as` value and it is preloaded intentionally. @ http://localhost:3000/:0
[ 1288176ms] [WARNING] The resource http://localhost:3000/_next/image?url=%2Fbest%20shots%2FProduct%20image%2Fproduct-bodywash.webp&w=3840&q=75 was preloaded using link preload but not used within a few seconds from the window's load event. Please make sure it has an appropriate `as` value and it is preloaded intentionally. @ http://localhost:3000/:0
[ 1288176ms] [WARNING] The resource http://localhost:3000/_next/image?url=%2Flogo%2Flogo.webp&w=384&q=75 was preloaded using link preload but not used within a few seconds from the window's load event. Please make sure it has an appropriate `as` value and it is preloaded intentionally. @ http://localhost:3000/:0
[ 1293416ms] [WARNING] The resource http://localhost:3000/_next/image?url=%2Fbest%20shots%2FProduct%20image%2Fproduct-bodywash.webp&w=3840&q=75 was preloaded using link preload but not used within a few seconds from the window's load event. Please make sure it has an appropriate `as` value and it is preloaded intentionally. @ http://localhost:3000/:0
[ 1293416ms] [WARNING] The resource http://localhost:3000/_next/image?url=%2Flogo%2Flogo.webp&w=384&q=75 was preloaded using link preload but not used within a few seconds from the window's load event. Please make sure it has an appropriate `as` value and it is preloaded intentionally. @ http://localhost:3000/:0
[ 1303261ms] [WARNING] The resource http://localhost:3000/_next/image?url=%2Fbest%20shots%2FProduct%20image%2Fproduct-bodywash.webp&w=3840&q=75 was preloaded using link preload but not used within a few seconds from the window's load event. Please make sure it has an appropriate `as` value and it is preloaded intentionally. @ http://localhost:3000/:0
[ 1303261ms] [WARNING] The resource http://localhost:3000/_next/image?url=%2Flogo%2Flogo.webp&w=384&q=75 was preloaded using link preload but not used within a few seconds from the window's load event. Please make sure it has an appropriate `as` value and it is preloaded intentionally. @ http://localhost:3000/:0
[ 1308499ms] [WARNING] The resource http://localhost:3000/_next/image?url=%2Fbest%20shots%2FProduct%20image%2Fproduct-bodywash.webp&w=3840&q=75 was preloaded using link preload but not used within a few seconds from the window's load event. Please make sure it has an appropriate `as` value and it is preloaded intentionally. @ http://localhost:3000/:0
[ 1308499ms] [WARNING] The resource http://localhost:3000/_next/image?url=%2Flogo%2Flogo.webp&w=384&q=75 was preloaded using link preload but not used within a few seconds from the window's load event. Please make sure it has an appropriate `as` value and it is preloaded intentionally. @ http://localhost:3000/:0
[ 1318325ms] [WARNING] The resource http://localhost:3000/_next/image?url=%2Fbest%20shots%2FProduct%20image%2Fproduct-bodywash.webp&w=3840&q=75 was preloaded using link preload but not used within a few seconds from the window's load event. Please make sure it has an appropriate `as` value and it is preloaded intentionally. @ http://localhost:3000/:0
[ 1318326ms] [WARNING] The resource http://localhost:3000/_next/image?url=%2Flogo%2Flogo.webp&w=384&q=75 was preloaded using link preload but not used within a few seconds from the window's load event. Please make sure it has an appropriate `as` value and it is preloaded intentionally. @ http://localhost:3000/:0
[ 1323566ms] [WARNING] The resource http://localhost:3000/_next/image?url=%2Fbest%20shots%2FProduct%20image%2Fproduct-bodywash.webp&w=3840&q=75 was preloaded using link preload but not used within a few seconds from the window's load event. Please make sure it has an appropriate `as` value and it is preloaded intentionally. @ http://localhost:3000/:0
[ 1323566ms] [WARNING] The resource http://localhost:3000/_next/image?url=%2Flogo%2Flogo.webp&w=384&q=75 was preloaded using link preload but not used within a few seconds from the window's load event. Please make sure it has an appropriate `as` value and it is preloaded intentionally. @ http://localhost:3000/:0
[ 1333395ms] [WARNING] The resource http://localhost:3000/_next/image?url=%2Fbest%20shots%2FProduct%20image%2Fproduct-bodywash.webp&w=3840&q=75 was preloaded using link preload but not used within a few seconds from the window's load event. Please make sure it has an appropriate `as` value and it is preloaded intentionally. @ http://localhost:3000/:0
[ 1333395ms] [WARNING] The resource http://localhost:3000/_next/image?url=%2Flogo%2Flogo.webp&w=384&q=75 was preloaded using link preload but not used within a few seconds from the window's load event. Please make sure it has an appropriate `as` value and it is preloaded intentionally. @ http://localhost:3000/:0
[ 1338648ms] [WARNING] The resource http://localhost:3000/_next/image?url=%2Fbest%20shots%2FProduct%20image%2Fproduct-bodywash.webp&w=3840&q=75 was preloaded using link preload but not used within a few seconds from the window's load event. Please make sure it has an appropriate `as` value and it is preloaded intentionally. @ http://localhost:3000/:0
[ 1338648ms] [WARNING] The resource http://localhost:3000/_next/image?url=%2Flogo%2Flogo.webp&w=384&q=75 was preloaded using link preload but not used within a few seconds from the window's load event. Please make sure it has an appropriate `as` value and it is preloaded intentionally. @ http://localhost:3000/:0
[ 1348467ms] [WARNING] The resource http://localhost:3000/_next/image?url=%2Fbest%20shots%2FProduct%20image%2Fproduct-bodywash.webp&w=3840&q=75 was preloaded using link preload but not used within a few seconds from the window's load event. Please make sure it has an appropriate `as` value and it is preloaded intentionally. @ http://localhost:3000/:0
[ 1348467ms] [WARNING] The resource http://localhost:3000/_next/image?url=%2Flogo%2Flogo.webp&w=384&q=75 was preloaded using link preload but not used within a few seconds from the window's load event. Please make sure it has an appropriate `as` value and it is preloaded intentionally. @ http://localhost:3000/:0
[ 1353713ms] [WARNING] The resource http://localhost:3000/_next/image?url=%2Fbest%20shots%2FProduct%20image%2Fproduct-bodywash.webp&w=3840&q=75 was preloaded using link preload but not used within a few seconds from the window's load event. Please make sure it has an appropriate `as` value and it is preloaded intentionally. @ http://localhost:3000/:0
[ 1353713ms] [WARNING] The resource http://localhost:3000/_next/image?url=%2Flogo%2Flogo.webp&w=384&q=75 was preloaded using link preload but not used within a few seconds from the window's load event. Please make sure it has an appropriate `as` value and it is preloaded intentionally. @ http://localhost:3000/:0
[ 1363530ms] [WARNING] The resource http://localhost:3000/_next/image?url=%2Fbest%20shots%2FProduct%20image%2Fproduct-bodywash.webp&w=3840&q=75 was preloaded using link preload but not used within a few seconds from the window's load event. Please make sure it has an appropriate `as` value and it is preloaded intentionally. @ http://localhost:3000/:0
[ 1363530ms] [WARNING] The resource http://localhost:3000/_next/image?url=%2Flogo%2Flogo.webp&w=384&q=75 was preloaded using link preload but not used within a few seconds from the window's load event. Please make sure it has an appropriate `as` value and it is preloaded intentionally. @ http://localhost:3000/:0
[ 1368767ms] [WARNING] The resource http://localhost:3000/_next/image?url=%2Fbest%20shots%2FProduct%20image%2Fproduct-bodywash.webp&w=3840&q=75 was preloaded using link preload but not used within a few seconds from the window's load event. Please make sure it has an appropriate `as` value and it is preloaded intentionally. @ http://localhost:3000/:0
[ 1368767ms] [WARNING] The resource http://localhost:3000/_next/image?url=%2Flogo%2Flogo.webp&w=384&q=75 was preloaded using link preload but not used within a few seconds from the window's load event. Please make sure it has an appropriate `as` value and it is preloaded intentionally. @ http://localhost:3000/:0
[ 1378594ms] [WARNING] The resource http://localhost:3000/_next/image?url=%2Fbest%20shots%2FProduct%20image%2Fproduct-bodywash.webp&w=3840&q=75 was preloaded using link preload but not used within a few seconds from the window's load event. Please make sure it has an appropriate `as` value and it is preloaded intentionally. @ http://localhost:3000/:0
[ 1378594ms] [WARNING] The resource http://localhost:3000/_next/image?url=%2Flogo%2Flogo.webp&w=384&q=75 was preloaded using link preload but not used within a few seconds from the window's load event. Please make sure it has an appropriate `as` value and it is preloaded intentionally. @ http://localhost:3000/:0
[ 1383834ms] [WARNING] The resource http://localhost:3000/_next/image?url=%2Fbest%20shots%2FProduct%20image%2Fproduct-bodywash.webp&w=3840&q=75 was preloaded using link preload but not used within a few seconds from the window's load event. Please make sure it has an appropriate `as` value and it is preloaded intentionally. @ http://localhost:3000/:0
[ 1383834ms] [WARNING] The resource http://localhost:3000/_next/image?url=%2Flogo%2Flogo.webp&w=384&q=75 was preloaded using link preload but not used within a few seconds from the window's load event. Please make sure it has an appropriate `as` value and it is preloaded intentionally. @ http://localhost:3000/:0
[ 1393666ms] [WARNING] The resource http://localhost:3000/_next/image?url=%2Fbest%20shots%2FProduct%20image%2Fproduct-bodywash.webp&w=3840&q=75 was preloaded using link preload but not used within a few seconds from the window's load event. Please make sure it has an appropriate `as` value and it is preloaded intentionally. @ http://localhost:3000/:0
[ 1393666ms] [WARNING] The resource http://localhost:3000/_next/image?url=%2Flogo%2Flogo.webp&w=384&q=75 was preloaded using link preload but not used within a few seconds from the window's load event. Please make sure it has an appropriate `as` value and it is preloaded intentionally. @ http://localhost:3000/:0
[ 1398896ms] [WARNING] The resource http://localhost:3000/_next/image?url=%2Fbest%20shots%2FProduct%20image%2Fproduct-bodywash.webp&w=3840&q=75 was preloaded using link preload but not used within a few seconds from the window's load event. Please make sure it has an appropriate `as` value and it is preloaded intentionally. @ http://localhost:3000/:0
[ 1398896ms] [WARNING] The resource http://localhost:3000/_next/image?url=%2Flogo%2Flogo.webp&w=384&q=75 was preloaded using link preload but not used within a few seconds from the window's load event. Please make sure it has an appropriate `as` value and it is preloaded intentionally. @ http://localhost:3000/:0
[ 1408735ms] [WARNING] The resource http://localhost:3000/_next/image?url=%2Fbest%20shots%2FProduct%20image%2Fproduct-bodywash.webp&w=3840&q=75 was preloaded using link preload but not used within a few seconds from the window's load event. Please make sure it has an appropriate `as` value and it is preloaded intentionally. @ http://localhost:3000/:0
[ 1408735ms] [WARNING] The resource http://localhost:3000/_next/image?url=%2Flogo%2Flogo.webp&w=384&q=75 was preloaded using link preload but not used within a few seconds from the window's load event. Please make sure it has an appropriate `as` value and it is preloaded intentionally. @ http://localhost:3000/:0
[ 1413968ms] [WARNING] The resource http://localhost:3000/_next/image?url=%2Fbest%20shots%2FProduct%20image%2Fproduct-bodywash.webp&w=3840&q=75 was preloaded using link preload but not used within a few seconds from the window's load event. Please make sure it has an appropriate `as` value and it is preloaded intentionally. @ http://localhost:3000/:0
[ 1413968ms] [WARNING] The resource http://localhost:3000/_next/image?url=%2Flogo%2Flogo.webp&w=384&q=75 was preloaded using link preload but not used within a few seconds from the window's load event. Please make sure it has an appropriate `as` value and it is preloaded intentionally. @ http://localhost:3000/:0
[ 1423797ms] [WARNING] The resource http://localhost:3000/_next/image?url=%2Fbest%20shots%2FProduct%20image%2Fproduct-bodywash.webp&w=3840&q=75 was preloaded using link preload but not used within a few seconds from the window's load event. Please make sure it has an appropriate `as` value and it is preloaded intentionally. @ http://localhost:3000/:0
[ 1423797ms] [WARNING] The resource http://localhost:3000/_next/image?url=%2Flogo%2Flogo.webp&w=384&q=75 was preloaded using link preload but not used within a few seconds from the window's load event. Please make sure it has an appropriate `as` value and it is preloaded intentionally. @ http://localhost:3000/:0
[ 1429030ms] [WARNING] The resource http://localhost:3000/_next/image?url=%2Fbest%20shots%2FProduct%20image%2Fproduct-bodywash.webp&w=3840&q=75 was preloaded using link preload but not used within a few seconds from the window's load event. Please make sure it has an appropriate `as` value and it is preloaded intentionally. @ http://localhost:3000/:0
[ 1429030ms] [WARNING] The resource http://localhost:3000/_next/image?url=%2Flogo%2Flogo.webp&w=384&q=75 was preloaded using link preload but not used within a few seconds from the window's load event. Please make sure it has an appropriate `as` value and it is preloaded intentionally. @ http://localhost:3000/:0
[ 1438869ms] [WARNING] The resource http://localhost:3000/_next/image?url=%2Fbest%20shots%2FProduct%20image%2Fproduct-bodywash.webp&w=3840&q=75 was preloaded using link preload but not used within a few seconds from the window's load event. Please make sure it has an appropriate `as` value and it is preloaded intentionally. @ http://localhost:3000/:0
[ 1438869ms] [WARNING] The resource http://localhost:3000/_next/image?url=%2Flogo%2Flogo.webp&w=384&q=75 was preloaded using link preload but not used within a few seconds from the window's load event. Please make sure it has an appropriate `as` value and it is preloaded intentionally. @ http://localhost:3000/:0
[ 1444102ms] [WARNING] The resource http://localhost:3000/_next/image?url=%2Fbest%20shots%2FProduct%20image%2Fproduct-bodywash.webp&w=3840&q=75 was preloaded using link preload but not used within a few seconds from the window's load event. Please make sure it has an appropriate `as` value and it is preloaded intentionally. @ http://localhost:3000/:0
[ 1444102ms] [WARNING] The resource http://localhost:3000/_next/image?url=%2Flogo%2Flogo.webp&w=384&q=75 was preloaded using link preload but not used within a few seconds from the window's load event. Please make sure it has an appropriate `as` value and it is preloaded intentionally. @ http://localhost:3000/:0
[ 1453936ms] [WARNING] The resource http://localhost:3000/_next/image?url=%2Fbest%20shots%2FProduct%20image%2Fproduct-bodywash.webp&w=3840&q=75 was preloaded using link preload but not used within a few seconds from the window's load event. Please make sure it has an appropriate `as` value and it is preloaded intentionally. @ http://localhost:3000/:0
[ 1453936ms] [WARNING] The resource http://localhost:3000/_next/image?url=%2Flogo%2Flogo.webp&w=384&q=75 was preloaded using link preload but not used within a few seconds from the window's load event. Please make sure it has an appropriate `as` value and it is preloaded intentionally. @ http://localhost:3000/:0
[ 1459186ms] [WARNING] The resource http://localhost:3000/_next/image?url=%2Fbest%20shots%2FProduct%20image%2Fproduct-bodywash.webp&w=3840&q=75 was preloaded using link preload but not used within a few seconds from the window's load event. Please make sure it has an appropriate `as` value and it is preloaded intentionally. @ http://localhost:3000/:0
[ 1459186ms] [WARNING] The resource http://localhost:3000/_next/image?url=%2Flogo%2Flogo.webp&w=384&q=75 was preloaded using link preload but not used within a few seconds from the window's load event. Please make sure it has an appropriate `as` value and it is preloaded intentionally. @ http://localhost:3000/:0
[ 1468996ms] [WARNING] The resource http://localhost:3000/_next/image?url=%2Fbest%20shots%2FProduct%20image%2Fproduct-bodywash.webp&w=3840&q=75 was preloaded using link preload but not used within a few seconds from the window's load event. Please make sure it has an appropriate `as` value and it is preloaded intentionally. @ http://localhost:3000/:0
[ 1468996ms] [WARNING] The resource http://localhost:3000/_next/image?url=%2Flogo%2Flogo.webp&w=384&q=75 was preloaded using link preload but not used within a few seconds from the window's load event. Please make sure it has an appropriate `as` value and it is preloaded intentionally. @ http://localhost:3000/:0
[ 1474259ms] [WARNING] The resource http://localhost:3000/_next/image?url=%2Fbest%20shots%2FProduct%20image%2Fproduct-bodywash.webp&w=3840&q=75 was preloaded using link preload but not used within a few seconds from the window's load event. Please make sure it has an appropriate `as` value and it is preloaded intentionally. @ http://localhost:3000/:0
[ 1474259ms] [WARNING] The resource http://localhost:3000/_next/image?url=%2Flogo%2Flogo.webp&w=384&q=75 was preloaded using link preload but not used within a few seconds from the window's load event. Please make sure it has an appropriate `as` value and it is preloaded intentionally. @ http://localhost:3000/:0
[ 1484063ms] [WARNING] The resource http://localhost:3000/_next/image?url=%2Fbest%20shots%2FProduct%20image%2Fproduct-bodywash.webp&w=3840&q=75 was preloaded using link preload but not used within a few seconds from the window's load event. Please make sure it has an appropriate `as` value and it is preloaded intentionally. @ http://localhost:3000/:0
[ 1484063ms] [WARNING] The resource http://localhost:3000/_next/image?url=%2Flogo%2Flogo.webp&w=384&q=75 was preloaded using link preload but not used within a few seconds from the window's load event. Please make sure it has an appropriate `as` value and it is preloaded intentionally. @ http://localhost:3000/:0
[ 1489327ms] [WARNING] The resource http://localhost:3000/_next/image?url=%2Fbest%20shots%2FProduct%20image%2Fproduct-bodywash.webp&w=3840&q=75 was preloaded using link preload but not used within a few seconds from the window's load event. Please make sure it has an appropriate `as` value and it is preloaded intentionally. @ http://localhost:3000/:0
[ 1489327ms] [WARNING] The resource http://localhost:3000/_next/image?url=%2Flogo%2Flogo.webp&w=384&q=75 was preloaded using link preload but not used within a few seconds from the window's load event. Please make sure it has an appropriate `as` value and it is preloaded intentionally. @ http://localhost:3000/:0
[ 1499131ms] [WARNING] The resource http://localhost:3000/_next/image?url=%2Fbest%20shots%2FProduct%20image%2Fproduct-bodywash.webp&w=3840&q=75 was preloaded using link preload but not used within a few seconds from the window's load event. Please make sure it has an appropriate `as` value and it is preloaded intentionally. @ http://localhost:3000/:0
[ 1499131ms] [WARNING] The resource http://localhost:3000/_next/image?url=%2Flogo%2Flogo.webp&w=384&q=75 was preloaded using link preload but not used within a few seconds from the window's load event. Please make sure it has an appropriate `as` value and it is preloaded intentionally. @ http://localhost:3000/:0
[ 1504452ms] [WARNING] The resource http://localhost:3000/_next/image?url=%2Fbest%20shots%2FProduct%20image%2Fproduct-bodywash.webp&w=3840&q=75 was preloaded using link preload but not used within a few seconds from the window's load event. Please make sure it has an appropriate `as` value and it is preloaded intentionally. @ http://localhost:3000/:0
[ 1504452ms] [WARNING] The resource http://localhost:3000/_next/image?url=%2Flogo%2Flogo.webp&w=384&q=75 was preloaded using link preload but not used within a few seconds from the window's load event. Please make sure it has an appropriate `as` value and it is preloaded intentionally. @ http://localhost:3000/:0
[ 1514209ms] [WARNING] The resource http://localhost:3000/_next/image?url=%2Fbest%20shots%2FProduct%20image%2Fproduct-bodywash.webp&w=3840&q=75 was preloaded using link preload but not used within a few seconds from the window's load event. Please make sure it has an appropriate `as` value and it is preloaded intentionally. @ http://localhost:3000/:0
[ 1514209ms] [WARNING] The resource http://localhost:3000/_next/image?url=%2Flogo%2Flogo.webp&w=384&q=75 was preloaded using link preload but not used within a few seconds from the window's load event. Please make sure it has an appropriate `as` value and it is preloaded intentionally. @ http://localhost:3000/:0
[ 1519504ms] [WARNING] The resource http://localhost:3000/_next/image?url=%2Fbest%20shots%2FProduct%20image%2Fproduct-bodywash.webp&w=3840&q=75 was preloaded using link preload but not used within a few seconds from the window's load event. Please make sure it has an appropriate `as` value and it is preloaded intentionally. @ http://localhost:3000/:0
[ 1519504ms] [WARNING] The resource http://localhost:3000/_next/image?url=%2Flogo%2Flogo.webp&w=384&q=75 was preloaded using link preload but not used within a few seconds from the window's load event. Please make sure it has an appropriate `as` value and it is preloaded intentionally. @ http://localhost:3000/:0
[ 1529264ms] [WARNING] The resource http://localhost:3000/_next/image?url=%2Fbest%20shots%2FProduct%20image%2Fproduct-bodywash.webp&w=3840&q=75 was preloaded using link preload but not used within a few seconds from the window's load event. Please make sure it has an appropriate `as` value and it is preloaded intentionally. @ http://localhost:3000/:0
[ 1529264ms] [WARNING] The resource http://localhost:3000/_next/image?url=%2Flogo%2Flogo.webp&w=384&q=75 was preloaded using link preload but not used within a few seconds from the window's load event. Please make sure it has an appropriate `as` value and it is preloaded intentionally. @ http://localhost:3000/:0
[ 1534604ms] [WARNING] The resource http://localhost:3000/_next/image?url=%2Fbest%20shots%2FProduct%20image%2Fproduct-bodywash.webp&w=3840&q=75 was preloaded using link preload but not used within a few seconds from the window's load event. Please make sure it has an appropriate `as` value and it is preloaded intentionally. @ http://localhost:3000/:0
[ 1534604ms] [WARNING] The resource http://localhost:3000/_next/image?url=%2Flogo%2Flogo.webp&w=384&q=75 was preloaded using link preload but not used within a few seconds from the window's load event. Please make sure it has an appropriate `as` value and it is preloaded intentionally. @ http://localhost:3000/:0
[ 1544332ms] [WARNING] The resource http://localhost:3000/_next/image?url=%2Fbest%20shots%2FProduct%20image%2Fproduct-bodywash.webp&w=3840&q=75 was preloaded using link preload but not used within a few seconds from the window's load event. Please make sure it has an appropriate `as` value and it is preloaded intentionally. @ http://localhost:3000/:0
[ 1544332ms] [WARNING] The resource http://localhost:3000/_next/image?url=%2Flogo%2Flogo.webp&w=384&q=75 was preloaded using link preload but not used within a few seconds from the window's load event. Please make sure it has an appropriate `as` value and it is preloaded intentionally. @ http://localhost:3000/:0
[ 1549572ms] [WARNING] The resource http://localhost:3000/_next/image?url=%2Fbest%20shots%2FProduct%20image%2Fproduct-bodywash.webp&w=3840&q=75 was preloaded using link preload but not used within a few seconds from the window's load event. Please make sure it has an appropriate `as` value and it is preloaded intentionally. @ http://localhost:3000/:0
[ 1549572ms] [WARNING] The resource http://localhost:3000/_next/image?url=%2Flogo%2Flogo.webp&w=384&q=75 was preloaded using link preload but not used within a few seconds from the window's load event. Please make sure it has an appropriate `as` value and it is preloaded intentionally. @ http://localhost:3000/:0
[ 1559402ms] [WARNING] The resource http://localhost:3000/_next/image?url=%2Fbest%20shots%2FProduct%20image%2Fproduct-bodywash.webp&w=3840&q=75 was preloaded using link preload but not used within a few seconds from the window's load event. Please make sure it has an appropriate `as` value and it is preloaded intentionally. @ http://localhost:3000/:0
[ 1559402ms] [WARNING] The resource http://localhost:3000/_next/image?url=%2Flogo%2Flogo.webp&w=384&q=75 was preloaded using link preload but not used within a few seconds from the window's load event. Please make sure it has an appropriate `as` value and it is preloaded intentionally. @ http://localhost:3000/:0
[ 1564652ms] [WARNING] The resource http://localhost:3000/_next/image?url=%2Fbest%20shots%2FProduct%20image%2Fproduct-bodywash.webp&w=3840&q=75 was preloaded using link preload but not used within a few seconds from the window's load event. Please make sure it has an appropriate `as` value and it is preloaded intentionally. @ http://localhost:3000/:0
[ 1564652ms] [WARNING] The resource http://localhost:3000/_next/image?url=%2Flogo%2Flogo.webp&w=384&q=75 was preloaded using link preload but not used within a few seconds from the window's load event. Please make sure it has an appropriate `as` value and it is preloaded intentionally. @ http://localhost:3000/:0
[ 1574466ms] [WARNING] The resource http://localhost:3000/_next/image?url=%2Fbest%20shots%2FProduct%20image%2Fproduct-bodywash.webp&w=3840&q=75 was preloaded using link preload but not used within a few seconds from the window's load event. Please make sure it has an appropriate `as` value and it is preloaded intentionally. @ http://localhost:3000/:0
[ 1574466ms] [WARNING] The resource http://localhost:3000/_next/image?url=%2Flogo%2Flogo.webp&w=384&q=75 was preloaded using link preload but not used within a few seconds from the window's load event. Please make sure it has an appropriate `as` value and it is preloaded intentionally. @ http://localhost:3000/:0
[ 1579717ms] [WARNING] The resource http://localhost:3000/_next/image?url=%2Fbest%20shots%2FProduct%20image%2Fproduct-bodywash.webp&w=3840&q=75 was preloaded using link preload but not used within a few seconds from the window's load event. Please make sure it has an appropriate `as` value and it is preloaded intentionally. @ http://localhost:3000/:0
[ 1579717ms] [WARNING] The resource http://localhost:3000/_next/image?url=%2Flogo%2Flogo.webp&w=384&q=75 was preloaded using link preload but not used within a few seconds from the window's load event. Please make sure it has an appropriate `as` value and it is preloaded intentionally. @ http://localhost:3000/:0
[ 1589539ms] [WARNING] The resource http://localhost:3000/_next/image?url=%2Fbest%20shots%2FProduct%20image%2Fproduct-bodywash.webp&w=3840&q=75 was preloaded using link preload but not used within a few seconds from the window's load event. Please make sure it has an appropriate `as` value and it is preloaded intentionally. @ http://localhost:3000/:0
[ 1589539ms] [WARNING] The resource http://localhost:3000/_next/image?url=%2Flogo%2Flogo.webp&w=384&q=75 was preloaded using link preload but not used within a few seconds from the window's load event. Please make sure it has an appropriate `as` value and it is preloaded intentionally. @ http://localhost:3000/:0
[ 1594773ms] [WARNING] The resource http://localhost:3000/_next/image?url=%2Fbest%20shots%2FProduct%20image%2Fproduct-bodywash.webp&w=3840&q=75 was preloaded using link preload but not used within a few seconds from the window's load event. Please make sure it has an appropriate `as` value and it is preloaded intentionally. @ http://localhost:3000/:0
[ 1594773ms] [WARNING] The resource http://localhost:3000/_next/image?url=%2Flogo%2Flogo.webp&w=384&q=75 was preloaded using link preload but not used within a few seconds from the window's load event. Please make sure it has an appropriate `as` value and it is preloaded intentionally. @ http://localhost:3000/:0
[ 1604607ms] [WARNING] The resource http://localhost:3000/_next/image?url=%2Fbest%20shots%2FProduct%20image%2Fproduct-bodywash.webp&w=3840&q=75 was preloaded using link preload but not used within a few seconds from the window's load event. Please make sure it has an appropriate `as` value and it is preloaded intentionally. @ http://localhost:3000/:0
[ 1604607ms] [WARNING] The resource http://localhost:3000/_next/image?url=%2Flogo%2Flogo.webp&w=384&q=75 was preloaded using link preload but not used within a few seconds from the window's load event. Please make sure it has an appropriate `as` value and it is preloaded intentionally. @ http://localhost:3000/:0
[ 1609855ms] [WARNING] The resource http://localhost:3000/_next/image?url=%2Fbest%20shots%2FProduct%20image%2Fproduct-bodywash.webp&w=3840&q=75 was preloaded using link preload but not used within a few seconds from the window's load event. Please make sure it has an appropriate `as` value and it is preloaded intentionally. @ http://localhost:3000/:0
[ 1609855ms] [WARNING] The resource http://localhost:3000/_next/image?url=%2Flogo%2Flogo.webp&w=384&q=75 was preloaded using link preload but not used within a few seconds from the window's load event. Please make sure it has an appropriate `as` value and it is preloaded intentionally. @ http://localhost:3000/:0
[ 1619668ms] [WARNING] The resource http://localhost:3000/_next/image?url=%2Fbest%20shots%2FProduct%20image%2Fproduct-bodywash.webp&w=3840&q=75 was preloaded using link preload but not used within a few seconds from the window's load event. Please make sure it has an appropriate `as` value and it is preloaded intentionally. @ http://localhost:3000/:0
[ 1619668ms] [WARNING] The resource http://localhost:3000/_next/image?url=%2Flogo%2Flogo.webp&w=384&q=75 was preloaded using link preload but not used within a few seconds from the window's load event. Please make sure it has an appropriate `as` value and it is preloaded intentionally. @ http://localhost:3000/:0
[ 1624930ms] [WARNING] The resource http://localhost:3000/_next/image?url=%2Fbest%20shots%2FProduct%20image%2Fproduct-bodywash.webp&w=3840&q=75 was preloaded using link preload but not used within a few seconds from the window's load event. Please make sure it has an appropriate `as` value and it is preloaded intentionally. @ http://localhost:3000/:0
[ 1624930ms] [WARNING] The resource http://localhost:3000/_next/image?url=%2Flogo%2Flogo.webp&w=384&q=75 was preloaded using link preload but not used within a few seconds from the window's load event. Please make sure it has an appropriate `as` value and it is preloaded intentionally. @ http://localhost:3000/:0
[ 1634740ms] [WARNING] The resource http://localhost:3000/_next/image?url=%2Fbest%20shots%2FProduct%20image%2Fproduct-bodywash.webp&w=3840&q=75 was preloaded using link preload but not used within a few seconds from the window's load event. Please make sure it has an appropriate `as` value and it is preloaded intentionally. @ http://localhost:3000/:0
[ 1634740ms] [WARNING] The resource http://localhost:3000/_next/image?url=%2Flogo%2Flogo.webp&w=384&q=75 was preloaded using link preload but not used within a few seconds from the window's load event. Please make sure it has an appropriate `as` value and it is preloaded intentionally. @ http://localhost:3000/:0
[ 1639987ms] [WARNING] The resource http://localhost:3000/_next/image?url=%2Fbest%20shots%2FProduct%20image%2Fproduct-bodywash.webp&w=3840&q=75 was preloaded using link preload but not used within a few seconds from the window's load event. Please make sure it has an appropriate `as` value and it is preloaded intentionally. @ http://localhost:3000/:0
[ 1639987ms] [WARNING] The resource http://localhost:3000/_next/image?url=%2Flogo%2Flogo.webp&w=384&q=75 was preloaded using link preload but not used within a few seconds from the window's load event. Please make sure it has an appropriate `as` value and it is preloaded intentionally. @ http://localhost:3000/:0
[ 1649807ms] [WARNING] The resource http://localhost:3000/_next/image?url=%2Fbest%20shots%2FProduct%20image%2Fproduct-bodywash.webp&w=3840&q=75 was preloaded using link preload but not used within a few seconds from the window's load event. Please make sure it has an appropriate `as` value and it is preloaded intentionally. @ http://localhost:3000/:0
[ 1649807ms] [WARNING] The resource http://localhost:3000/_next/image?url=%2Flogo%2Flogo.webp&w=384&q=75 was preloaded using link preload but not used within a few seconds from the window's load event. Please make sure it has an appropriate `as` value and it is preloaded intentionally. @ http://localhost:3000/:0
[ 1655037ms] [WARNING] The resource http://localhost:3000/_next/image?url=%2Fbest%20shots%2FProduct%20image%2Fproduct-bodywash.webp&w=3840&q=75 was preloaded using link preload but not used within a few seconds from the window's load event. Please make sure it has an appropriate `as` value and it is preloaded intentionally. @ http://localhost:3000/:0
[ 1655037ms] [WARNING] The resource http://localhost:3000/_next/image?url=%2Flogo%2Flogo.webp&w=384&q=75 was preloaded using link preload but not used within a few seconds from the window's load event. Please make sure it has an appropriate `as` value and it is preloaded intentionally. @ http://localhost:3000/:0
[ 1664879ms] [WARNING] The resource http://localhost:3000/_next/image?url=%2Fbest%20shots%2FProduct%20image%2Fproduct-bodywash.webp&w=3840&q=75 was preloaded using link preload but not used within a few seconds from the window's load event. Please make sure it has an appropriate `as` value and it is preloaded intentionally. @ http://localhost:3000/:0
[ 1664879ms] [WARNING] The resource http://localhost:3000/_next/image?url=%2Flogo%2Flogo.webp&w=384&q=75 was preloaded using link preload but not used within a few seconds from the window's load event. Please make sure it has an appropriate `as` value and it is preloaded intentionally. @ http://localhost:3000/:0
[ 1670126ms] [WARNING] The resource http://localhost:3000/_next/image?url=%2Fbest%20shots%2FProduct%20image%2Fproduct-bodywash.webp&w=3840&q=75 was preloaded using link preload but not used within a few seconds from the window's load event. Please make sure it has an appropriate `as` value and it is preloaded intentionally. @ http://localhost:3000/:0
[ 1670126ms] [WARNING] The resource http://localhost:3000/_next/image?url=%2Flogo%2Flogo.webp&w=384&q=75 was preloaded using link preload but not used within a few seconds from the window's load event. Please make sure it has an appropriate `as` value and it is preloaded intentionally. @ http://localhost:3000/:0
[ 1679941ms] [WARNING] The resource http://localhost:3000/_next/image?url=%2Fbest%20shots%2FProduct%20image%2Fproduct-bodywash.webp&w=3840&q=75 was preloaded using link preload but not used within a few seconds from the window's load event. Please make sure it has an appropriate `as` value and it is preloaded intentionally. @ http://localhost:3000/:0
[ 1679941ms] [WARNING] The resource http://localhost:3000/_next/image?url=%2Flogo%2Flogo.webp&w=384&q=75 was preloaded using link preload but not used within a few seconds from the window's load event. Please make sure it has an appropriate `as` value and it is preloaded intentionally. @ http://localhost:3000/:0
[ 1685175ms] [WARNING] The resource http://localhost:3000/_next/image?url=%2Fbest%20shots%2FProduct%20image%2Fproduct-bodywash.webp&w=3840&q=75 was preloaded using link preload but not used within a few seconds from the window's load event. Please make sure it has an appropriate `as` value and it is preloaded intentionally. @ http://localhost:3000/:0
[ 1685175ms] [WARNING] The resource http://localhost:3000/_next/image?url=%2Flogo%2Flogo.webp&w=384&q=75 was preloaded using link preload but not used within a few seconds from the window's load event. Please make sure it has an appropriate `as` value and it is preloaded intentionally. @ http://localhost:3000/:0
[ 1695006ms] [WARNING] The resource http://localhost:3000/_next/image?url=%2Fbest%20shots%2FProduct%20image%2Fproduct-bodywash.webp&w=3840&q=75 was preloaded using link preload but not used within a few seconds from the window's load event. Please make sure it has an appropriate `as` value and it is preloaded intentionally. @ http://localhost:3000/:0
[ 1695006ms] [WARNING] The resource http://localhost:3000/_next/image?url=%2Flogo%2Flogo.webp&w=384&q=75 was preloaded using link preload but not used within a few seconds from the window's load event. Please make sure it has an appropriate `as` value and it is preloaded intentionally. @ http://localhost:3000/:0
[ 1700242ms] [WARNING] The resource http://localhost:3000/_next/image?url=%2Fbest%20shots%2FProduct%20image%2Fproduct-bodywash.webp&w=3840&q=75 was preloaded using link preload but not used within a few seconds from the window's load event. Please make sure it has an appropriate `as` value and it is preloaded intentionally. @ http://localhost:3000/:0
[ 1700242ms] [WARNING] The resource http://localhost:3000/_next/image?url=%2Flogo%2Flogo.webp&w=384&q=75 was preloaded using link preload but not used within a few seconds from the window's load event. Please make sure it has an appropriate `as` value and it is preloaded intentionally. @ http://localhost:3000/:0
[ 1710073ms] [WARNING] The resource http://localhost:3000/_next/image?url=%2Fbest%20shots%2FProduct%20image%2Fproduct-bodywash.webp&w=3840&q=75 was preloaded using link preload but not used within a few seconds from the window's load event. Please make sure it has an appropriate `as` value and it is preloaded intentionally. @ http://localhost:3000/:0
[ 1710073ms] [WARNING] The resource http://localhost:3000/_next/image?url=%2Flogo%2Flogo.webp&w=384&q=75 was preloaded using link preload but not used within a few seconds from the window's load event. Please make sure it has an appropriate `as` value and it is preloaded intentionally. @ http://localhost:3000/:0
[ 1715307ms] [WARNING] The resource http://localhost:3000/_next/image?url=%2Fbest%20shots%2FProduct%20image%2Fproduct-bodywash.webp&w=3840&q=75 was preloaded using link preload but not used within a few seconds from the window's load event. Please make sure it has an appropriate `as` value and it is preloaded intentionally. @ http://localhost:3000/:0
[ 1715307ms] [WARNING] The resource http://localhost:3000/_next/image?url=%2Flogo%2Flogo.webp&w=384&q=75 was preloaded using link preload but not used within a few seconds from the window's load event. Please make sure it has an appropriate `as` value and it is preloaded intentionally. @ http://localhost:3000/:0
[ 1725134ms] [WARNING] The resource http://localhost:3000/_next/image?url=%2Fbest%20shots%2FProduct%20image%2Fproduct-bodywash.webp&w=3840&q=75 was preloaded using link preload but not used within a few seconds from the window's load event. Please make sure it has an appropriate `as` value and it is preloaded intentionally. @ http://localhost:3000/:0
[ 1725134ms] [WARNING] The resource http://localhost:3000/_next/image?url=%2Flogo%2Flogo.webp&w=384&q=75 was preloaded using link preload but not used within a few seconds from the window's load event. Please make sure it has an appropriate `as` value and it is preloaded intentionally. @ http://localhost:3000/:0
[ 1730376ms] [WARNING] The resource http://localhost:3000/_next/image?url=%2Fbest%20shots%2FProduct%20image%2Fproduct-bodywash.webp&w=3840&q=75 was preloaded using link preload but not used within a few seconds from the window's load event. Please make sure it has an appropriate `as` value and it is preloaded intentionally. @ http://localhost:3000/:0
[ 1730376ms] [WARNING] The resource http://localhost:3000/_next/image?url=%2Flogo%2Flogo.webp&w=384&q=75 was preloaded using link preload but not used within a few seconds from the window's load event. Please make sure it has an appropriate `as` value and it is preloaded intentionally. @ http://localhost:3000/:0
[ 1740209ms] [WARNING] The resource http://localhost:3000/_next/image?url=%2Fbest%20shots%2FProduct%20image%2Fproduct-bodywash.webp&w=3840&q=75 was preloaded using link preload but not used within a few seconds from the window's load event. Please make sure it has an appropriate `as` value and it is preloaded intentionally. @ http://localhost:3000/:0
[ 1740209ms] [WARNING] The resource http://localhost:3000/_next/image?url=%2Flogo%2Flogo.webp&w=384&q=75 was preloaded using link preload but not used within a few seconds from the window's load event. Please make sure it has an appropriate `as` value and it is preloaded intentionally. @ http://localhost:3000/:0
[ 1745543ms] [WARNING] The resource http://localhost:3000/_next/image?url=%2Fbest%20shots%2FProduct%20image%2Fproduct-bodywash.webp&w=3840&q=75 was preloaded using link preload but not used within a few seconds from the window's load event. Please make sure it has an appropriate `as` value and it is preloaded intentionally. @ http://localhost:3000/:0
[ 1745543ms] [WARNING] The resource http://localhost:3000/_next/image?url=%2Flogo%2Flogo.webp&w=384&q=75 was preloaded using link preload but not used within a few seconds from the window's load event. Please make sure it has an appropriate `as` value and it is preloaded intentionally. @ http://localhost:3000/:0
[ 1755268ms] [WARNING] The resource http://localhost:3000/_next/image?url=%2Fbest%20shots%2FProduct%20image%2Fproduct-bodywash.webp&w=3840&q=75 was preloaded using link preload but not used within a few seconds from the window's load event. Please make sure it has an appropriate `as` value and it is preloaded intentionally. @ http://localhost:3000/:0
[ 1755268ms] [WARNING] The resource http://localhost:3000/_next/image?url=%2Flogo%2Flogo.webp&w=384&q=75 was preloaded using link preload but not used within a few seconds from the window's load event. Please make sure it has an appropriate `as` value and it is preloaded intentionally. @ http://localhost:3000/:0
[ 1760513ms] [WARNING] The resource http://localhost:3000/_next/image?url=%2Fbest%20shots%2FProduct%20image%2Fproduct-bodywash.webp&w=3840&q=75 was preloaded using link preload but not used within a few seconds from the window's load event. Please make sure it has an appropriate `as` value and it is preloaded intentionally. @ http://localhost:3000/:0
[ 1760513ms] [WARNING] The resource http://localhost:3000/_next/image?url=%2Flogo%2Flogo.webp&w=384&q=75 was preloaded using link preload but not used within a few seconds from the window's load event. Please make sure it has an appropriate `as` value and it is preloaded intentionally. @ http://localhost:3000/:0
[ 1770343ms] [WARNING] The resource http://localhost:3000/_next/image?url=%2Fbest%20shots%2FProduct%20image%2Fproduct-bodywash.webp&w=3840&q=75 was preloaded using link preload but not used within a few seconds from the window's load event. Please make sure it has an appropriate `as` value and it is preloaded intentionally. @ http://localhost:3000/:0
[ 1770343ms] [WARNING] The resource http://localhost:3000/_next/image?url=%2Flogo%2Flogo.webp&w=384&q=75 was preloaded using link preload but not used within a few seconds from the window's load event. Please make sure it has an appropriate `as` value and it is preloaded intentionally. @ http://localhost:3000/:0
[ 1775677ms] [WARNING] The resource http://localhost:3000/_next/image?url=%2Fbest%20shots%2FProduct%20image%2Fproduct-bodywash.webp&w=3840&q=75 was preloaded using link preload but not used within a few seconds from the window's load event. Please make sure it has an appropriate `as` value and it is preloaded intentionally. @ http://localhost:3000/:0
[ 1775677ms] [WARNING] The resource http://localhost:3000/_next/image?url=%2Flogo%2Flogo.webp&w=384&q=75 was preloaded using link preload but not used within a few seconds from the window's load event. Please make sure it has an appropriate `as` value and it is preloaded intentionally. @ http://localhost:3000/:0
[ 1785410ms] [WARNING] The resource http://localhost:3000/_next/image?url=%2Fbest%20shots%2FProduct%20image%2Fproduct-bodywash.webp&w=3840&q=75 was preloaded using link preload but not used within a few seconds from the window's load event. Please make sure it has an appropriate `as` value and it is preloaded intentionally. @ http://localhost:3000/:0
[ 1785410ms] [WARNING] The resource http://localhost:3000/_next/image?url=%2Flogo%2Flogo.webp&w=384&q=75 was preloaded using link preload but not used within a few seconds from the window's load event. Please make sure it has an appropriate `as` value and it is preloaded intentionally. @ http://localhost:3000/:0
[ 1790724ms] [WARNING] The resource http://localhost:3000/_next/image?url=%2Fbest%20shots%2FProduct%20image%2Fproduct-bodywash.webp&w=3840&q=75 was preloaded using link preload but not used within a few seconds from the window's load event. Please make sure it has an appropriate `as` value and it is preloaded intentionally. @ http://localhost:3000/:0
[ 1790724ms] [WARNING] The resource http://localhost:3000/_next/image?url=%2Flogo%2Flogo.webp&w=384&q=75 was preloaded using link preload but not used within a few seconds from the window's load event. Please make sure it has an appropriate `as` value and it is preloaded intentionally. @ http://localhost:3000/:0
[ 1800474ms] [WARNING] The resource http://localhost:3000/_next/image?url=%2Fbest%20shots%2FProduct%20image%2Fproduct-bodywash.webp&w=3840&q=75 was preloaded using link preload but not used within a few seconds from the window's load event. Please make sure it has an appropriate `as` value and it is preloaded intentionally. @ http://localhost:3000/:0
[ 1800474ms] [WARNING] The resource http://localhost:3000/_next/image?url=%2Flogo%2Flogo.webp&w=384&q=75 was preloaded using link preload but not used within a few seconds from the window's load event. Please make sure it has an appropriate `as` value and it is preloaded intentionally. @ http://localhost:3000/:0
[ 1805803ms] [WARNING] The resource http://localhost:3000/_next/image?url=%2Fbest%20shots%2FProduct%20image%2Fproduct-bodywash.webp&w=3840&q=75 was preloaded using link preload but not used within a few seconds from the window's load event. Please make sure it has an appropriate `as` value and it is preloaded intentionally. @ http://localhost:3000/:0
[ 1805803ms] [WARNING] The resource http://localhost:3000/_next/image?url=%2Flogo%2Flogo.webp&w=384&q=75 was preloaded using link preload but not used within a few seconds from the window's load event. Please make sure it has an appropriate `as` value and it is preloaded intentionally. @ http://localhost:3000/:0
[ 1815537ms] [WARNING] The resource http://localhost:3000/_next/image?url=%2Fbest%20shots%2FProduct%20image%2Fproduct-bodywash.webp&w=3840&q=75 was preloaded using link preload but not used within a few seconds from the window's load event. Please make sure it has an appropriate `as` value and it is preloaded intentionally. @ http://localhost:3000/:0
[ 1815537ms] [WARNING] The resource http://localhost:3000/_next/image?url=%2Flogo%2Flogo.webp&w=384&q=75 was preloaded using link preload but not used within a few seconds from the window's load event. Please make sure it has an appropriate `as` value and it is preloaded intentionally. @ http://localhost:3000/:0
[ 1820845ms] [WARNING] The resource http://localhost:3000/_next/image?url=%2Fbest%20shots%2FProduct%20image%2Fproduct-bodywash.webp&w=3840&q=75 was preloaded using link preload but not used within a few seconds from the window's load event. Please make sure it has an appropriate `as` value and it is preloaded intentionally. @ http://localhost:3000/:0
[ 1820845ms] [WARNING] The resource http://localhost:3000/_next/image?url=%2Flogo%2Flogo.webp&w=384&q=75 was preloaded using link preload but not used within a few seconds from the window's load event. Please make sure it has an appropriate `as` value and it is preloaded intentionally. @ http://localhost:3000/:0
[ 1830611ms] [WARNING] The resource http://localhost:3000/_next/image?url=%2Fbest%20shots%2FProduct%20image%2Fproduct-bodywash.webp&w=3840&q=75 was preloaded using link preload but not used within a few seconds from the window's load event. Please make sure it has an appropriate `as` value and it is preloaded intentionally. @ http://localhost:3000/:0
[ 1830611ms] [WARNING] The resource http://localhost:3000/_next/image?url=%2Flogo%2Flogo.webp&w=384&q=75 was preloaded using link preload but not used within a few seconds from the window's load event. Please make sure it has an appropriate `as` value and it is preloaded intentionally. @ http://localhost:3000/:0
[ 1835845ms] [WARNING] The resource http://localhost:3000/_next/image?url=%2Fbest%20shots%2FProduct%20image%2Fproduct-bodywash.webp&w=3840&q=75 was preloaded using link preload but not used within a few seconds from the window's load event. Please make sure it has an appropriate `as` value and it is preloaded intentionally. @ http://localhost:3000/:0
[ 1835845ms] [WARNING] The resource http://localhost:3000/_next/image?url=%2Flogo%2Flogo.webp&w=384&q=75 was preloaded using link preload but not used within a few seconds from the window's load event. Please make sure it has an appropriate `as` value and it is preloaded intentionally. @ http://localhost:3000/:0
[ 1845673ms] [WARNING] The resource http://localhost:3000/_next/image?url=%2Fbest%20shots%2FProduct%20image%2Fproduct-bodywash.webp&w=3840&q=75 was preloaded using link preload but not used within a few seconds from the window's load event. Please make sure it has an appropriate `as` value and it is preloaded intentionally. @ http://localhost:3000/:0
[ 1845673ms] [WARNING] The resource http://localhost:3000/_next/image?url=%2Flogo%2Flogo.webp&w=384&q=75 was preloaded using link preload but not used within a few seconds from the window's load event. Please make sure it has an appropriate `as` value and it is preloaded intentionally. @ http://localhost:3000/:0
[ 1850912ms] [WARNING] The resource http://localhost:3000/_next/image?url=%2Fbest%20shots%2FProduct%20image%2Fproduct-bodywash.webp&w=3840&q=75 was preloaded using link preload but not used within a few seconds from the window's load event. Please make sure it has an appropriate `as` value and it is preloaded intentionally. @ http://localhost:3000/:0
[ 1850912ms] [WARNING] The resource http://localhost:3000/_next/image?url=%2Flogo%2Flogo.webp&w=384&q=75 was preloaded using link preload but not used within a few seconds from the window's load event. Please make sure it has an appropriate `as` value and it is preloaded intentionally. @ http://localhost:3000/:0
[ 1860746ms] [WARNING] The resource http://localhost:3000/_next/image?url=%2Fbest%20shots%2FProduct%20image%2Fproduct-bodywash.webp&w=3840&q=75 was preloaded using link preload but not used within a few seconds from the window's load event. Please make sure it has an appropriate `as` value and it is preloaded intentionally. @ http://localhost:3000/:0
[ 1860746ms] [WARNING] The resource http://localhost:3000/_next/image?url=%2Flogo%2Flogo.webp&w=384&q=75 was preloaded using link preload but not used within a few seconds from the window's load event. Please make sure it has an appropriate `as` value and it is preloaded intentionally. @ http://localhost:3000/:0
[ 1865979ms] [WARNING] The resource http://localhost:3000/_next/image?url=%2Fbest%20shots%2FProduct%20image%2Fproduct-bodywash.webp&w=3840&q=75 was preloaded using link preload but not used within a few seconds from the window's load event. Please make sure it has an appropriate `as` value and it is preloaded intentionally. @ http://localhost:3000/:0
[ 1865979ms] [WARNING] The resource http://localhost:3000/_next/image?url=%2Flogo%2Flogo.webp&w=384&q=75 was preloaded using link preload but not used within a few seconds from the window's load event. Please make sure it has an appropriate `as` value and it is preloaded intentionally. @ http://localhost:3000/:0
[ 1875812ms] [WARNING] The resource http://localhost:3000/_next/image?url=%2Fbest%20shots%2FProduct%20image%2Fproduct-bodywash.webp&w=3840&q=75 was preloaded using link preload but not used within a few seconds from the window's load event. Please make sure it has an appropriate `as` value and it is preloaded intentionally. @ http://localhost:3000/:0
[ 1875812ms] [WARNING] The resource http://localhost:3000/_next/image?url=%2Flogo%2Flogo.webp&w=384&q=75 was preloaded using link preload but not used within a few seconds from the window's load event. Please make sure it has an appropriate `as` value and it is preloaded intentionally. @ http://localhost:3000/:0
[ 1881036ms] [WARNING] The resource http://localhost:3000/_next/image?url=%2Fbest%20shots%2FProduct%20image%2Fproduct-bodywash.webp&w=3840&q=75 was preloaded using link preload but not used within a few seconds from the window's load event. Please make sure it has an appropriate `as` value and it is preloaded intentionally. @ http://localhost:3000/:0
[ 1881036ms] [WARNING] The resource http://localhost:3000/_next/image?url=%2Flogo%2Flogo.webp&w=384&q=75 was preloaded using link preload but not used within a few seconds from the window's load event. Please make sure it has an appropriate `as` value and it is preloaded intentionally. @ http://localhost:3000/:0
[ 1890874ms] [WARNING] The resource http://localhost:3000/_next/image?url=%2Fbest%20shots%2FProduct%20image%2Fproduct-bodywash.webp&w=3840&q=75 was preloaded using link preload but not used within a few seconds from the window's load event. Please make sure it has an appropriate `as` value and it is preloaded intentionally. @ http://localhost:3000/:0
[ 1890874ms] [WARNING] The resource http://localhost:3000/_next/image?url=%2Flogo%2Flogo.webp&w=384&q=75 was preloaded using link preload but not used within a few seconds from the window's load event. Please make sure it has an appropriate `as` value and it is preloaded intentionally. @ http://localhost:3000/:0
[ 1896113ms] [WARNING] The resource http://localhost:3000/_next/image?url=%2Fbest%20shots%2FProduct%20image%2Fproduct-bodywash.webp&w=3840&q=75 was preloaded using link preload but not used within a few seconds from the window's load event. Please make sure it has an appropriate `as` value and it is preloaded intentionally. @ http://localhost:3000/:0
[ 1896113ms] [WARNING] The resource http://localhost:3000/_next/image?url=%2Flogo%2Flogo.webp&w=384&q=75 was preloaded using link preload but not used within a few seconds from the window's load event. Please make sure it has an appropriate `as` value and it is preloaded intentionally. @ http://localhost:3000/:0
[ 1905947ms] [WARNING] The resource http://localhost:3000/_next/image?url=%2Fbest%20shots%2FProduct%20image%2Fproduct-bodywash.webp&w=3840&q=75 was preloaded using link preload but not used within a few seconds from the window's load event. Please make sure it has an appropriate `as` value and it is preloaded intentionally. @ http://localhost:3000/:0
[ 1905947ms] [WARNING] The resource http://localhost:3000/_next/image?url=%2Flogo%2Flogo.webp&w=384&q=75 was preloaded using link preload but not used within a few seconds from the window's load event. Please make sure it has an appropriate `as` value and it is preloaded intentionally. @ http://localhost:3000/:0
[ 1911180ms] [WARNING] The resource http://localhost:3000/_next/image?url=%2Fbest%20shots%2FProduct%20image%2Fproduct-bodywash.webp&w=3840&q=75 was preloaded using link preload but not used within a few seconds from the window's load event. Please make sure it has an appropriate `as` value and it is preloaded intentionally. @ http://localhost:3000/:0
[ 1911180ms] [WARNING] The resource http://localhost:3000/_next/image?url=%2Flogo%2Flogo.webp&w=384&q=75 was preloaded using link preload but not used within a few seconds from the window's load event. Please make sure it has an appropriate `as` value and it is preloaded intentionally. @ http://localhost:3000/:0
[ 1921015ms] [WARNING] The resource http://localhost:3000/_next/image?url=%2Fbest%20shots%2FProduct%20image%2Fproduct-bodywash.webp&w=3840&q=75 was preloaded using link preload but not used within a few seconds from the window's load event. Please make sure it has an appropriate `as` value and it is preloaded intentionally. @ http://localhost:3000/:0
[ 1921015ms] [WARNING] The resource http://localhost:3000/_next/image?url=%2Flogo%2Flogo.webp&w=384&q=75 was preloaded using link preload but not used within a few seconds from the window's load event. Please make sure it has an appropriate `as` value and it is preloaded intentionally. @ http://localhost:3000/:0
[ 1926248ms] [WARNING] The resource http://localhost:3000/_next/image?url=%2Fbest%20shots%2FProduct%20image%2Fproduct-bodywash.webp&w=3840&q=75 was preloaded using link preload but not used within a few seconds from the window's load event. Please make sure it has an appropriate `as` value and it is preloaded intentionally. @ http://localhost:3000/:0
[ 1926248ms] [WARNING] The resource http://localhost:3000/_next/image?url=%2Flogo%2Flogo.webp&w=384&q=75 was preloaded using link preload but not used within a few seconds from the window's load event. Please make sure it has an appropriate `as` value and it is preloaded intentionally. @ http://localhost:3000/:0
[ 1936073ms] [WARNING] The resource http://localhost:3000/_next/image?url=%2Fbest%20shots%2FProduct%20image%2Fproduct-bodywash.webp&w=3840&q=75 was preloaded using link preload but not used within a few seconds from the window's load event. Please make sure it has an appropriate `as` value and it is preloaded intentionally. @ http://localhost:3000/:0
[ 1936073ms] [WARNING] The resource http://localhost:3000/_next/image?url=%2Flogo%2Flogo.webp&w=384&q=75 was preloaded using link preload but not used within a few seconds from the window's load event. Please make sure it has an appropriate `as` value and it is preloaded intentionally. @ http://localhost:3000/:0
[ 1941321ms] [WARNING] The resource http://localhost:3000/_next/image?url=%2Fbest%20shots%2FProduct%20image%2Fproduct-bodywash.webp&w=3840&q=75 was preloaded using link preload but not used within a few seconds from the window's load event. Please make sure it has an appropriate `as` value and it is preloaded intentionally. @ http://localhost:3000/:0
[ 1941321ms] [WARNING] The resource http://localhost:3000/_next/image?url=%2Flogo%2Flogo.webp&w=384&q=75 was preloaded using link preload but not used within a few seconds from the window's load event. Please make sure it has an appropriate `as` value and it is preloaded intentionally. @ http://localhost:3000/:0
[ 1951148ms] [WARNING] The resource http://localhost:3000/_next/image?url=%2Fbest%20shots%2FProduct%20image%2Fproduct-bodywash.webp&w=3840&q=75 was preloaded using link preload but not used within a few seconds from the window's load event. Please make sure it has an appropriate `as` value and it is preloaded intentionally. @ http://localhost:3000/:0
[ 1951148ms] [WARNING] The resource http://localhost:3000/_next/image?url=%2Flogo%2Flogo.webp&w=384&q=75 was preloaded using link preload but not used within a few seconds from the window's load event. Please make sure it has an appropriate `as` value and it is preloaded intentionally. @ http://localhost:3000/:0
[ 1956381ms] [WARNING] The resource http://localhost:3000/_next/image?url=%2Fbest%20shots%2FProduct%20image%2Fproduct-bodywash.webp&w=3840&q=75 was preloaded using link preload but not used within a few seconds from the window's load event. Please make sure it has an appropriate `as` value and it is preloaded intentionally. @ http://localhost:3000/:0
[ 1956381ms] [WARNING] The resource http://localhost:3000/_next/image?url=%2Flogo%2Flogo.webp&w=384&q=75 was preloaded using link preload but not used within a few seconds from the window's load event. Please make sure it has an appropriate `as` value and it is preloaded intentionally. @ http://localhost:3000/:0
[ 1966214ms] [WARNING] The resource http://localhost:3000/_next/image?url=%2Fbest%20shots%2FProduct%20image%2Fproduct-bodywash.webp&w=3840&q=75 was preloaded using link preload but not used within a few seconds from the window's load event. Please make sure it has an appropriate `as` value and it is preloaded intentionally. @ http://localhost:3000/:0
[ 1966214ms] [WARNING] The resource http://localhost:3000/_next/image?url=%2Flogo%2Flogo.webp&w=384&q=75 was preloaded using link preload but not used within a few seconds from the window's load event. Please make sure it has an appropriate `as` value and it is preloaded intentionally. @ http://localhost:3000/:0
[ 1971447ms] [WARNING] The resource http://localhost:3000/_next/image?url=%2Fbest%20shots%2FProduct%20image%2Fproduct-bodywash.webp&w=3840&q=75 was preloaded using link preload but not used within a few seconds from the window's load event. Please make sure it has an appropriate `as` value and it is preloaded intentionally. @ http://localhost:3000/:0
[ 1971447ms] [WARNING] The resource http://localhost:3000/_next/image?url=%2Flogo%2Flogo.webp&w=384&q=75 was preloaded using link preload but not used within a few seconds from the window's load event. Please make sure it has an appropriate `as` value and it is preloaded intentionally. @ http://localhost:3000/:0
[ 1981283ms] [WARNING] The resource http://localhost:3000/_next/image?url=%2Fbest%20shots%2FProduct%20image%2Fproduct-bodywash.webp&w=3840&q=75 was preloaded using link preload but not used within a few seconds from the window's load event. Please make sure it has an appropriate `as` value and it is preloaded intentionally. @ http://localhost:3000/:0
[ 1981283ms] [WARNING] The resource http://localhost:3000/_next/image?url=%2Flogo%2Flogo.webp&w=384&q=75 was preloaded using link preload but not used within a few seconds from the window's load event. Please make sure it has an appropriate `as` value and it is preloaded intentionally. @ http://localhost:3000/:0
[ 1986532ms] [WARNING] The resource http://localhost:3000/_next/image?url=%2Fbest%20shots%2FProduct%20image%2Fproduct-bodywash.webp&w=3840&q=75 was preloaded using link preload but not used within a few seconds from the window's load event. Please make sure it has an appropriate `as` value and it is preloaded intentionally. @ http://localhost:3000/:0
[ 1986532ms] [WARNING] The resource http://localhost:3000/_next/image?url=%2Flogo%2Flogo.webp&w=384&q=75 was preloaded using link preload but not used within a few seconds from the window's load event. Please make sure it has an appropriate `as` value and it is preloaded intentionally. @ http://localhost:3000/:0
[ 1996345ms] [WARNING] The resource http://localhost:3000/_next/image?url=%2Fbest%20shots%2FProduct%20image%2Fproduct-bodywash.webp&w=3840&q=75 was preloaded using link preload but not used within a few seconds from the window's load event. Please make sure it has an appropriate `as` value and it is preloaded intentionally. @ http://localhost:3000/:0
[ 1996345ms] [WARNING] The resource http://localhost:3000/_next/image?url=%2Flogo%2Flogo.webp&w=384&q=75 was preloaded using link preload but not used within a few seconds from the window's load event. Please make sure it has an appropriate `as` value and it is preloaded intentionally. @ http://localhost:3000/:0
[ 2001609ms] [WARNING] The resource http://localhost:3000/_next/image?url=%2Fbest%20shots%2FProduct%20image%2Fproduct-bodywash.webp&w=3840&q=75 was preloaded using link preload but not used within a few seconds from the window's load event. Please make sure it has an appropriate `as` value and it is preloaded intentionally. @ http://localhost:3000/:0
[ 2001609ms] [WARNING] The resource http://localhost:3000/_next/image?url=%2Flogo%2Flogo.webp&w=384&q=75 was preloaded using link preload but not used within a few seconds from the window's load event. Please make sure it has an appropriate `as` value and it is preloaded intentionally. @ http://localhost:3000/:0
[ 2011412ms] [WARNING] The resource http://localhost:3000/_next/image?url=%2Fbest%20shots%2FProduct%20image%2Fproduct-bodywash.webp&w=3840&q=75 was preloaded using link preload but not used within a few seconds from the window's load event. Please make sure it has an appropriate `as` value and it is preloaded intentionally. @ http://localhost:3000/:0
[ 2011412ms] [WARNING] The resource http://localhost:3000/_next/image?url=%2Flogo%2Flogo.webp&w=384&q=75 was preloaded using link preload but not used within a few seconds from the window's load event. Please make sure it has an appropriate `as` value and it is preloaded intentionally. @ http://localhost:3000/:0
[ 2016649ms] [WARNING] The resource http://localhost:3000/_next/image?url=%2Fbest%20shots%2FProduct%20image%2Fproduct-bodywash.webp&w=3840&q=75 was preloaded using link preload but not used within a few seconds from the window's load event. Please make sure it has an appropriate `as` value and it is preloaded intentionally. @ http://localhost:3000/:0
[ 2016649ms] [WARNING] The resource http://localhost:3000/_next/image?url=%2Flogo%2Flogo.webp&w=384&q=75 was preloaded using link preload but not used within a few seconds from the window's load event. Please make sure it has an appropriate `as` value and it is preloaded intentionally. @ http://localhost:3000/:0
[ 2026483ms] [WARNING] The resource http://localhost:3000/_next/image?url=%2Fbest%20shots%2FProduct%20image%2Fproduct-bodywash.webp&w=3840&q=75 was preloaded using link preload but not used within a few seconds from the window's load event. Please make sure it has an appropriate `as` value and it is preloaded intentionally. @ http://localhost:3000/:0
[ 2026483ms] [WARNING] The resource http://localhost:3000/_next/image?url=%2Flogo%2Flogo.webp&w=384&q=75 was preloaded using link preload but not used within a few seconds from the window's load event. Please make sure it has an appropriate `as` value and it is preloaded intentionally. @ http://localhost:3000/:0
[ 2031733ms] [WARNING] The resource http://localhost:3000/_next/image?url=%2Fbest%20shots%2FProduct%20image%2Fproduct-bodywash.webp&w=3840&q=75 was preloaded using link preload but not used within a few seconds from the window's load event. Please make sure it has an appropriate `as` value and it is preloaded intentionally. @ http://localhost:3000/:0
[ 2031733ms] [WARNING] The resource http://localhost:3000/_next/image?url=%2Flogo%2Flogo.webp&w=384&q=75 was preloaded using link preload but not used within a few seconds from the window's load event. Please make sure it has an appropriate `as` value and it is preloaded intentionally. @ http://localhost:3000/:0
[ 2041550ms] [WARNING] The resource http://localhost:3000/_next/image?url=%2Fbest%20shots%2FProduct%20image%2Fproduct-bodywash.webp&w=3840&q=75 was preloaded using link preload but not used within a few seconds from the window's load event. Please make sure it has an appropriate `as` value and it is preloaded intentionally. @ http://localhost:3000/:0
[ 2041550ms] [WARNING] The resource http://localhost:3000/_next/image?url=%2Flogo%2Flogo.webp&w=384&q=75 was preloaded using link preload but not used within a few seconds from the window's load event. Please make sure it has an appropriate `as` value and it is preloaded intentionally. @ http://localhost:3000/:0
[ 2046847ms] [WARNING] The resource http://localhost:3000/_next/image?url=%2Fbest%20shots%2FProduct%20image%2Fproduct-bodywash.webp&w=3840&q=75 was preloaded using link preload but not used within a few seconds from the window's load event. Please make sure it has an appropriate `as` value and it is preloaded intentionally. @ http://localhost:3000/:0
[ 2046847ms] [WARNING] The resource http://localhost:3000/_next/image?url=%2Flogo%2Flogo.webp&w=384&q=75 was preloaded using link preload but not used within a few seconds from the window's load event. Please make sure it has an appropriate `as` value and it is preloaded intentionally. @ http://localhost:3000/:0
[ 2056609ms] [WARNING] The resource http://localhost:3000/_next/image?url=%2Fbest%20shots%2FProduct%20image%2Fproduct-bodywash.webp&w=3840&q=75 was preloaded using link preload but not used within a few seconds from the window's load event. Please make sure it has an appropriate `as` value and it is preloaded intentionally. @ http://localhost:3000/:0
[ 2056609ms] [WARNING] The resource http://localhost:3000/_next/image?url=%2Flogo%2Flogo.webp&w=384&q=75 was preloaded using link preload but not used within a few seconds from the window's load event. Please make sure it has an appropriate `as` value and it is preloaded intentionally. @ http://localhost:3000/:0
[ 2061950ms] [WARNING] The resource http://localhost:3000/_next/image?url=%2Fbest%20shots%2FProduct%20image%2Fproduct-bodywash.webp&w=3840&q=75 was preloaded using link preload but not used within a few seconds from the window's load event. Please make sure it has an appropriate `as` value and it is preloaded intentionally. @ http://localhost:3000/:0
[ 2061950ms] [WARNING] The resource http://localhost:3000/_next/image?url=%2Flogo%2Flogo.webp&w=384&q=75 was preloaded using link preload but not used within a few seconds from the window's load event. Please make sure it has an appropriate `as` value and it is preloaded intentionally. @ http://localhost:3000/:0
[ 2071678ms] [WARNING] The resource http://localhost:3000/_next/image?url=%2Fbest%20shots%2FProduct%20image%2Fproduct-bodywash.webp&w=3840&q=75 was preloaded using link preload but not used within a few seconds from the window's load event. Please make sure it has an appropriate `as` value and it is preloaded intentionally. @ http://localhost:3000/:0
[ 2071678ms] [WARNING] The resource http://localhost:3000/_next/image?url=%2Flogo%2Flogo.webp&w=384&q=75 was preloaded using link preload but not used within a few seconds from the window's load event. Please make sure it has an appropriate `as` value and it is preloaded intentionally. @ http://localhost:3000/:0
[ 2077016ms] [WARNING] The resource http://localhost:3000/_next/image?url=%2Fbest%20shots%2FProduct%20image%2Fproduct-bodywash.webp&w=3840&q=75 was preloaded using link preload but not used within a few seconds from the window's load event. Please make sure it has an appropriate `as` value and it is preloaded intentionally. @ http://localhost:3000/:0
[ 2077016ms] [WARNING] The resource http://localhost:3000/_next/image?url=%2Flogo%2Flogo.webp&w=384&q=75 was preloaded using link preload but not used within a few seconds from the window's load event. Please make sure it has an appropriate `as` value and it is preloaded intentionally. @ http://localhost:3000/:0
[ 2086751ms] [WARNING] The resource http://localhost:3000/_next/image?url=%2Fbest%20shots%2FProduct%20image%2Fproduct-bodywash.webp&w=3840&q=75 was preloaded using link preload but not used within a few seconds from the window's load event. Please make sure it has an appropriate `as` value and it is preloaded intentionally. @ http://localhost:3000/:0
[ 2086751ms] [WARNING] The resource http://localhost:3000/_next/image?url=%2Flogo%2Flogo.webp&w=384&q=75 was preloaded using link preload but not used within a few seconds from the window's load event. Please make sure it has an appropriate `as` value and it is preloaded intentionally. @ http://localhost:3000/:0
[ 2092068ms] [WARNING] The resource http://localhost:3000/_next/image?url=%2Fbest%20shots%2FProduct%20image%2Fproduct-bodywash.webp&w=3840&q=75 was preloaded using link preload but not used within a few seconds from the window's load event. Please make sure it has an appropriate `as` value and it is preloaded intentionally. @ http://localhost:3000/:0
[ 2092068ms] [WARNING] The resource http://localhost:3000/_next/image?url=%2Flogo%2Flogo.webp&w=384&q=75 was preloaded using link preload but not used within a few seconds from the window's load event. Please make sure it has an appropriate `as` value and it is preloaded intentionally. @ http://localhost:3000/:0
[ 2101818ms] [WARNING] The resource http://localhost:3000/_next/image?url=%2Fbest%20shots%2FProduct%20image%2Fproduct-bodywash.webp&w=3840&q=75 was preloaded using link preload but not used within a few seconds from the window's load event. Please make sure it has an appropriate `as` value and it is preloaded intentionally. @ http://localhost:3000/:0
[ 2101818ms] [WARNING] The resource http://localhost:3000/_next/image?url=%2Flogo%2Flogo.webp&w=384&q=75 was preloaded using link preload but not used within a few seconds from the window's load event. Please make sure it has an appropriate `as` value and it is preloaded intentionally. @ http://localhost:3000/:0
[ 2107160ms] [WARNING] The resource http://localhost:3000/_next/image?url=%2Fbest%20shots%2FProduct%20image%2Fproduct-bodywash.webp&w=3840&q=75 was preloaded using link preload but not used within a few seconds from the window's load event. Please make sure it has an appropriate `as` value and it is preloaded intentionally. @ http://localhost:3000/:0
[ 2107160ms] [WARNING] The resource http://localhost:3000/_next/image?url=%2Flogo%2Flogo.webp&w=384&q=75 was preloaded using link preload but not used within a few seconds from the window's load event. Please make sure it has an appropriate `as` value and it is preloaded intentionally. @ http://localhost:3000/:0
[ 2116898ms] [WARNING] The resource http://localhost:3000/_next/image?url=%2Fbest%20shots%2FProduct%20image%2Fproduct-bodywash.webp&w=3840&q=75 was preloaded using link preload but not used within a few seconds from the window's load event. Please make sure it has an appropriate `as` value and it is preloaded intentionally. @ http://localhost:3000/:0
[ 2116898ms] [WARNING] The resource http://localhost:3000/_next/image?url=%2Flogo%2Flogo.webp&w=384&q=75 was preloaded using link preload but not used within a few seconds from the window's load event. Please make sure it has an appropriate `as` value and it is preloaded intentionally. @ http://localhost:3000/:0
[ 2122235ms] [WARNING] The resource http://localhost:3000/_next/image?url=%2Fbest%20shots%2FProduct%20image%2Fproduct-bodywash.webp&w=3840&q=75 was preloaded using link preload but not used within a few seconds from the window's load event. Please make sure it has an appropriate `as` value and it is preloaded intentionally. @ http://localhost:3000/:0
[ 2122235ms] [WARNING] The resource http://localhost:3000/_next/image?url=%2Flogo%2Flogo.webp&w=384&q=75 was preloaded using link preload but not used within a few seconds from the window's load event. Please make sure it has an appropriate `as` value and it is preloaded intentionally. @ http://localhost:3000/:0
[ 2131984ms] [WARNING] The resource http://localhost:3000/_next/image?url=%2Fbest%20shots%2FProduct%20image%2Fproduct-bodywash.webp&w=3840&q=75 was preloaded using link preload but not used within a few seconds from the window's load event. Please make sure it has an appropriate `as` value and it is preloaded intentionally. @ http://localhost:3000/:0
[ 2131984ms] [WARNING] The resource http://localhost:3000/_next/image?url=%2Flogo%2Flogo.webp&w=384&q=75 was preloaded using link preload but not used within a few seconds from the window's load event. Please make sure it has an appropriate `as` value and it is preloaded intentionally. @ http://localhost:3000/:0
[ 2137281ms] [WARNING] The resource http://localhost:3000/_next/image?url=%2Fbest%20shots%2FProduct%20image%2Fproduct-bodywash.webp&w=3840&q=75 was preloaded using link preload but not used within a few seconds from the window's load event. Please make sure it has an appropriate `as` value and it is preloaded intentionally. @ http://localhost:3000/:0
[ 2137281ms] [WARNING] The resource http://localhost:3000/_next/image?url=%2Flogo%2Flogo.webp&w=384&q=75 was preloaded using link preload but not used within a few seconds from the window's load event. Please make sure it has an appropriate `as` value and it is preloaded intentionally. @ http://localhost:3000/:0
[ 2147052ms] [WARNING] The resource http://localhost:3000/_next/image?url=%2Fbest%20shots%2FProduct%20image%2Fproduct-bodywash.webp&w=3840&q=75 was preloaded using link preload but not used within a few seconds from the window's load event. Please make sure it has an appropriate `as` value and it is preloaded intentionally. @ http://localhost:3000/:0
[ 2147052ms] [WARNING] The resource http://localhost:3000/_next/image?url=%2Flogo%2Flogo.webp&w=384&q=75 was preloaded using link preload but not used within a few seconds from the window's load event. Please make sure it has an appropriate `as` value and it is preloaded intentionally. @ http://localhost:3000/:0
[ 2152395ms] [WARNING] The resource http://localhost:3000/_next/image?url=%2Fbest%20shots%2FProduct%20image%2Fproduct-bodywash.webp&w=3840&q=75 was preloaded using link preload but not used within a few seconds from the window's load event. Please make sure it has an appropriate `as` value and it is preloaded intentionally. @ http://localhost:3000/:0
[ 2152395ms] [WARNING] The resource http://localhost:3000/_next/image?url=%2Flogo%2Flogo.webp&w=384&q=75 was preloaded using link preload but not used within a few seconds from the window's load event. Please make sure it has an appropriate `as` value and it is preloaded intentionally. @ http://localhost:3000/:0
[ 2162119ms] [WARNING] The resource http://localhost:3000/_next/image?url=%2Fbest%20shots%2FProduct%20image%2Fproduct-bodywash.webp&w=3840&q=75 was preloaded using link preload but not used within a few seconds from the window's load event. Please make sure it has an appropriate `as` value and it is preloaded intentionally. @ http://localhost:3000/:0
[ 2162119ms] [WARNING] The resource http://localhost:3000/_next/image?url=%2Flogo%2Flogo.webp&w=384&q=75 was preloaded using link preload but not used within a few seconds from the window's load event. Please make sure it has an appropriate `as` value and it is preloaded intentionally. @ http://localhost:3000/:0
[ 2167447ms] [WARNING] The resource http://localhost:3000/_next/image?url=%2Fbest%20shots%2FProduct%20image%2Fproduct-bodywash.webp&w=3840&q=75 was preloaded using link preload but not used within a few seconds from the window's load event. Please make sure it has an appropriate `as` value and it is preloaded intentionally. @ http://localhost:3000/:0
[ 2167447ms] [WARNING] The resource http://localhost:3000/_next/image?url=%2Flogo%2Flogo.webp&w=384&q=75 was preloaded using link preload but not used within a few seconds from the window's load event. Please make sure it has an appropriate `as` value and it is preloaded intentionally. @ http://localhost:3000/:0
[ 2177186ms] [WARNING] The resource http://localhost:3000/_next/image?url=%2Fbest%20shots%2FProduct%20image%2Fproduct-bodywash.webp&w=3840&q=75 was preloaded using link preload but not used within a few seconds from the window's load event. Please make sure it has an appropriate `as` value and it is preloaded intentionally. @ http://localhost:3000/:0
[ 2177186ms] [WARNING] The resource http://localhost:3000/_next/image?url=%2Flogo%2Flogo.webp&w=384&q=75 was preloaded using link preload but not used within a few seconds from the window's load event. Please make sure it has an appropriate `as` value and it is preloaded intentionally. @ http://localhost:3000/:0
[ 2182520ms] [WARNING] The resource http://localhost:3000/_next/image?url=%2Fbest%20shots%2FProduct%20image%2Fproduct-bodywash.webp&w=3840&q=75 was preloaded using link preload but not used within a few seconds from the window's load event. Please make sure it has an appropriate `as` value and it is preloaded intentionally. @ http://localhost:3000/:0
[ 2182520ms] [WARNING] The resource http://localhost:3000/_next/image?url=%2Flogo%2Flogo.webp&w=384&q=75 was preloaded using link preload but not used within a few seconds from the window's load event. Please make sure it has an appropriate `as` value and it is preloaded intentionally. @ http://localhost:3000/:0
[ 2192253ms] [WARNING] The resource http://localhost:3000/_next/image?url=%2Fbest%20shots%2FProduct%20image%2Fproduct-bodywash.webp&w=3840&q=75 was preloaded using link preload but not used within a few seconds from the window's load event. Please make sure it has an appropriate `as` value and it is preloaded intentionally. @ http://localhost:3000/:0
[ 2192253ms] [WARNING] The resource http://localhost:3000/_next/image?url=%2Flogo%2Flogo.webp&w=384&q=75 was preloaded using link preload but not used within a few seconds from the window's load event. Please make sure it has an appropriate `as` value and it is preloaded intentionally. @ http://localhost:3000/:0
[ 2197580ms] [WARNING] The resource http://localhost:3000/_next/image?url=%2Fbest%20shots%2FProduct%20image%2Fproduct-bodywash.webp&w=3840&q=75 was preloaded using link preload but not used within a few seconds from the window's load event. Please make sure it has an appropriate `as` value and it is preloaded intentionally. @ http://localhost:3000/:0
[ 2197580ms] [WARNING] The resource http://localhost:3000/_next/image?url=%2Flogo%2Flogo.webp&w=384&q=75 was preloaded using link preload but not used within a few seconds from the window's load event. Please make sure it has an appropriate `as` value and it is preloaded intentionally. @ http://localhost:3000/:0
[ 2207320ms] [WARNING] The resource http://localhost:3000/_next/image?url=%2Fbest%20shots%2FProduct%20image%2Fproduct-bodywash.webp&w=3840&q=75 was preloaded using link preload but not used within a few seconds from the window's load event. Please make sure it has an appropriate `as` value and it is preloaded intentionally. @ http://localhost:3000/:0
[ 2207320ms] [WARNING] The resource http://localhost:3000/_next/image?url=%2Flogo%2Flogo.webp&w=384&q=75 was preloaded using link preload but not used within a few seconds from the window's load event. Please make sure it has an appropriate `as` value and it is preloaded intentionally. @ http://localhost:3000/:0
[ 2212654ms] [WARNING] The resource http://localhost:3000/_next/image?url=%2Fbest%20shots%2FProduct%20image%2Fproduct-bodywash.webp&w=3840&q=75 was preloaded using link preload but not used within a few seconds from the window's load event. Please make sure it has an appropriate `as` value and it is preloaded intentionally. @ http://localhost:3000/:0
[ 2212654ms] [WARNING] The resource http://localhost:3000/_next/image?url=%2Flogo%2Flogo.webp&w=384&q=75 was preloaded using link preload but not used within a few seconds from the window's load event. Please make sure it has an appropriate `as` value and it is preloaded intentionally. @ http://localhost:3000/:0
[ 2222386ms] [WARNING] The resource http://localhost:3000/_next/image?url=%2Fbest%20shots%2FProduct%20image%2Fproduct-bodywash.webp&w=3840&q=75 was preloaded using link preload but not used within a few seconds from the window's load event. Please make sure it has an appropriate `as` value and it is preloaded intentionally. @ http://localhost:3000/:0
[ 2222386ms] [WARNING] The resource http://localhost:3000/_next/image?url=%2Flogo%2Flogo.webp&w=384&q=75 was preloaded using link preload but not used within a few seconds from the window's load event. Please make sure it has an appropriate `as` value and it is preloaded intentionally. @ http://localhost:3000/:0
[ 2227618ms] [WARNING] The resource http://localhost:3000/_next/image?url=%2Fbest%20shots%2FProduct%20image%2Fproduct-bodywash.webp&w=3840&q=75 was preloaded using link preload but not used within a few seconds from the window's load event. Please make sure it has an appropriate `as` value and it is preloaded intentionally. @ http://localhost:3000/:0
[ 2227619ms] [WARNING] The resource http://localhost:3000/_next/image?url=%2Flogo%2Flogo.webp&w=384&q=75 was preloaded using link preload but not used within a few seconds from the window's load event. Please make sure it has an appropriate `as` value and it is preloaded intentionally. @ http://localhost:3000/:0
[ 2237452ms] [WARNING] The resource http://localhost:3000/_next/image?url=%2Fbest%20shots%2FProduct%20image%2Fproduct-bodywash.webp&w=3840&q=75 was preloaded using link preload but not used within a few seconds from the window's load event. Please make sure it has an appropriate `as` value and it is preloaded intentionally. @ http://localhost:3000/:0
[ 2237452ms] [WARNING] The resource http://localhost:3000/_next/image?url=%2Flogo%2Flogo.webp&w=384&q=75 was preloaded using link preload but not used within a few seconds from the window's load event. Please make sure it has an appropriate `as` value and it is preloaded intentionally. @ http://localhost:3000/:0
[ 2242688ms] [WARNING] The resource http://localhost:3000/_next/image?url=%2Fbest%20shots%2FProduct%20image%2Fproduct-bodywash.webp&w=3840&q=75 was preloaded using link preload but not used within a few seconds from the window's load event. Please make sure it has an appropriate `as` value and it is preloaded intentionally. @ http://localhost:3000/:0
[ 2242688ms] [WARNING] The resource http://localhost:3000/_next/image?url=%2Flogo%2Flogo.webp&w=384&q=75 was preloaded using link preload but not used within a few seconds from the window's load event. Please make sure it has an appropriate `as` value and it is preloaded intentionally. @ http://localhost:3000/:0
[ 2252521ms] [WARNING] The resource http://localhost:3000/_next/image?url=%2Fbest%20shots%2FProduct%20image%2Fproduct-bodywash.webp&w=3840&q=75 was preloaded using link preload but not used within a few seconds from the window's load event. Please make sure it has an appropriate `as` value and it is preloaded intentionally. @ http://localhost:3000/:0
[ 2252521ms] [WARNING] The resource http://localhost:3000/_next/image?url=%2Flogo%2Flogo.webp&w=384&q=75 was preloaded using link preload but not used within a few seconds from the window's load event. Please make sure it has an appropriate `as` value and it is preloaded intentionally. @ http://localhost:3000/:0
[ 2257749ms] [WARNING] The resource http://localhost:3000/_next/image?url=%2Fbest%20shots%2FProduct%20image%2Fproduct-bodywash.webp&w=3840&q=75 was preloaded using link preload but not used within a few seconds from the window's load event. Please make sure it has an appropriate `as` value and it is preloaded intentionally. @ http://localhost:3000/:0
[ 2257749ms] [WARNING] The resource http://localhost:3000/_next/image?url=%2Flogo%2Flogo.webp&w=384&q=75 was preloaded using link preload but not used within a few seconds from the window's load event. Please make sure it has an appropriate `as` value and it is preloaded intentionally. @ http://localhost:3000/:0
[ 2267585ms] [WARNING] The resource http://localhost:3000/_next/image?url=%2Fbest%20shots%2FProduct%20image%2Fproduct-bodywash.webp&w=3840&q=75 was preloaded using link preload but not used within a few seconds from the window's load event. Please make sure it has an appropriate `as` value and it is preloaded intentionally. @ http://localhost:3000/:0
[ 2267585ms] [WARNING] The resource http://localhost:3000/_next/image?url=%2Flogo%2Flogo.webp&w=384&q=75 was preloaded using link preload but not used within a few seconds from the window's load event. Please make sure it has an appropriate `as` value and it is preloaded intentionally. @ http://localhost:3000/:0
[ 2272822ms] [WARNING] The resource http://localhost:3000/_next/image?url=%2Fbest%20shots%2FProduct%20image%2Fproduct-bodywash.webp&w=3840&q=75 was preloaded using link preload but not used within a few seconds from the window's load event. Please make sure it has an appropriate `as` value and it is preloaded intentionally. @ http://localhost:3000/:0
[ 2272822ms] [WARNING] The resource http://localhost:3000/_next/image?url=%2Flogo%2Flogo.webp&w=384&q=75 was preloaded using link preload but not used within a few seconds from the window's load event. Please make sure it has an appropriate `as` value and it is preloaded intentionally. @ http://localhost:3000/:0
[ 2282656ms] [WARNING] The resource http://localhost:3000/_next/image?url=%2Fbest%20shots%2FProduct%20image%2Fproduct-bodywash.webp&w=3840&q=75 was preloaded using link preload but not used within a few seconds from the window's load event. Please make sure it has an appropriate `as` value and it is preloaded intentionally. @ http://localhost:3000/:0
[ 2282656ms] [WARNING] The resource http://localhost:3000/_next/image?url=%2Flogo%2Flogo.webp&w=384&q=75 was preloaded using link preload but not used within a few seconds from the window's load event. Please make sure it has an appropriate `as` value and it is preloaded intentionally. @ http://localhost:3000/:0
[ 2287889ms] [WARNING] The resource http://localhost:3000/_next/image?url=%2Fbest%20shots%2FProduct%20image%2Fproduct-bodywash.webp&w=3840&q=75 was preloaded using link preload but not used within a few seconds from the window's load event. Please make sure it has an appropriate `as` value and it is preloaded intentionally. @ http://localhost:3000/:0
[ 2287889ms] [WARNING] The resource http://localhost:3000/_next/image?url=%2Flogo%2Flogo.webp&w=384&q=75 was preloaded using link preload but not used within a few seconds from the window's load event. Please make sure it has an appropriate `as` value and it is preloaded intentionally. @ http://localhost:3000/:0
[ 2297716ms] [WARNING] The resource http://localhost:3000/_next/image?url=%2Fbest%20shots%2FProduct%20image%2Fproduct-bodywash.webp&w=3840&q=75 was preloaded using link preload but not used within a few seconds from the window's load event. Please make sure it has an appropriate `as` value and it is preloaded intentionally. @ http://localhost:3000/:0
[ 2297716ms] [WARNING] The resource http://localhost:3000/_next/image?url=%2Flogo%2Flogo.webp&w=384&q=75 was preloaded using link preload but not used within a few seconds from the window's load event. Please make sure it has an appropriate `as` value and it is preloaded intentionally. @ http://localhost:3000/:0
[ 2302953ms] [WARNING] The resource http://localhost:3000/_next/image?url=%2Fbest%20shots%2FProduct%20image%2Fproduct-bodywash.webp&w=3840&q=75 was preloaded using link preload but not used within a few seconds from the window's load event. Please make sure it has an appropriate `as` value and it is preloaded intentionally. @ http://localhost:3000/:0
[ 2302953ms] [WARNING] The resource http://localhost:3000/_next/image?url=%2Flogo%2Flogo.webp&w=384&q=75 was preloaded using link preload but not used within a few seconds from the window's load event. Please make sure it has an appropriate `as` value and it is preloaded intentionally. @ http://localhost:3000/:0
[ 2312790ms] [WARNING] The resource http://localhost:3000/_next/image?url=%2Fbest%20shots%2FProduct%20image%2Fproduct-bodywash.webp&w=3840&q=75 was preloaded using link preload but not used within a few seconds from the window's load event. Please make sure it has an appropriate `as` value and it is preloaded intentionally. @ http://localhost:3000/:0
[ 2312790ms] [WARNING] The resource http://localhost:3000/_next/image?url=%2Flogo%2Flogo.webp&w=384&q=75 was preloaded using link preload but not used within a few seconds from the window's load event. Please make sure it has an appropriate `as` value and it is preloaded intentionally. @ http://localhost:3000/:0
[ 2318012ms] [WARNING] The resource http://localhost:3000/_next/image?url=%2Fbest%20shots%2FProduct%20image%2Fproduct-bodywash.webp&w=3840&q=75 was preloaded using link preload but not used within a few seconds from the window's load event. Please make sure it has an appropriate `as` value and it is preloaded intentionally. @ http://localhost:3000/:0
[ 2318012ms] [WARNING] The resource http://localhost:3000/_next/image?url=%2Flogo%2Flogo.webp&w=384&q=75 was preloaded using link preload but not used within a few seconds from the window's load event. Please make sure it has an appropriate `as` value and it is preloaded intentionally. @ http://localhost:3000/:0
[ 2327850ms] [WARNING] The resource http://localhost:3000/_next/image?url=%2Fbest%20shots%2FProduct%20image%2Fproduct-bodywash.webp&w=3840&q=75 was preloaded using link preload but not used within a few seconds from the window's load event. Please make sure it has an appropriate `as` value and it is preloaded intentionally. @ http://localhost:3000/:0
[ 2327850ms] [WARNING] The resource http://localhost:3000/_next/image?url=%2Flogo%2Flogo.webp&w=384&q=75 was preloaded using link preload but not used within a few seconds from the window's load event. Please make sure it has an appropriate `as` value and it is preloaded intentionally. @ http://localhost:3000/:0
[ 2333088ms] [WARNING] The resource http://localhost:3000/_next/image?url=%2Fbest%20shots%2FProduct%20image%2Fproduct-bodywash.webp&w=3840&q=75 was preloaded using link preload but not used within a few seconds from the window's load event. Please make sure it has an appropriate `as` value and it is preloaded intentionally. @ http://localhost:3000/:0
[ 2333088ms] [WARNING] The resource http://localhost:3000/_next/image?url=%2Flogo%2Flogo.webp&w=384&q=75 was preloaded using link preload but not used within a few seconds from the window's load event. Please make sure it has an appropriate `as` value and it is preloaded intentionally. @ http://localhost:3000/:0
[ 2342923ms] [WARNING] The resource http://localhost:3000/_next/image?url=%2Fbest%20shots%2FProduct%20image%2Fproduct-bodywash.webp&w=3840&q=75 was preloaded using link preload but not used within a few seconds from the window's load event. Please make sure it has an appropriate `as` value and it is preloaded intentionally. @ http://localhost:3000/:0
[ 2342923ms] [WARNING] The resource http://localhost:3000/_next/image?url=%2Flogo%2Flogo.webp&w=384&q=75 was preloaded using link preload but not used within a few seconds from the window's load event. Please make sure it has an appropriate `as` value and it is preloaded intentionally. @ http://localhost:3000/:0
[ 2348155ms] [WARNING] The resource http://localhost:3000/_next/image?url=%2Fbest%20shots%2FProduct%20image%2Fproduct-bodywash.webp&w=3840&q=75 was preloaded using link preload but not used within a few seconds from the window's load event. Please make sure it has an appropriate `as` value and it is preloaded intentionally. @ http://localhost:3000/:0
[ 2348155ms] [WARNING] The resource http://localhost:3000/_next/image?url=%2Flogo%2Flogo.webp&w=384&q=75 was preloaded using link preload but not used within a few seconds from the window's load event. Please make sure it has an appropriate `as` value and it is preloaded intentionally. @ http://localhost:3000/:0
[ 2357982ms] [WARNING] The resource http://localhost:3000/_next/image?url=%2Fbest%20shots%2FProduct%20image%2Fproduct-bodywash.webp&w=3840&q=75 was preloaded using link preload but not used within a few seconds from the window's load event. Please make sure it has an appropriate `as` value and it is preloaded intentionally. @ http://localhost:3000/:0
[ 2357982ms] [WARNING] The resource http://localhost:3000/_next/image?url=%2Flogo%2Flogo.webp&w=384&q=75 was preloaded using link preload but not used within a few seconds from the window's load event. Please make sure it has an appropriate `as` value and it is preloaded intentionally. @ http://localhost:3000/:0
[ 2363223ms] [WARNING] The resource http://localhost:3000/_next/image?url=%2Fbest%20shots%2FProduct%20image%2Fproduct-bodywash.webp&w=3840&q=75 was preloaded using link preload but not used within a few seconds from the window's load event. Please make sure it has an appropriate `as` value and it is preloaded intentionally. @ http://localhost:3000/:0
[ 2363223ms] [WARNING] The resource http://localhost:3000/_next/image?url=%2Flogo%2Flogo.webp&w=384&q=75 was preloaded using link preload but not used within a few seconds from the window's load event. Please make sure it has an appropriate `as` value and it is preloaded intentionally. @ http://localhost:3000/:0
[ 2373058ms] [WARNING] The resource http://localhost:3000/_next/image?url=%2Fbest%20shots%2FProduct%20image%2Fproduct-bodywash.webp&w=3840&q=75 was preloaded using link preload but not used within a few seconds from the window's load event. Please make sure it has an appropriate `as` value and it is preloaded intentionally. @ http://localhost:3000/:0
[ 2373058ms] [WARNING] The resource http://localhost:3000/_next/image?url=%2Flogo%2Flogo.webp&w=384&q=75 was preloaded using link preload but not used within a few seconds from the window's load event. Please make sure it has an appropriate `as` value and it is preloaded intentionally. @ http://localhost:3000/:0
[ 2378291ms] [WARNING] The resource http://localhost:3000/_next/image?url=%2Fbest%20shots%2FProduct%20image%2Fproduct-bodywash.webp&w=3840&q=75 was preloaded using link preload but not used within a few seconds from the window's load event. Please make sure it has an appropriate `as` value and it is preloaded intentionally. @ http://localhost:3000/:0
[ 2378291ms] [WARNING] The resource http://localhost:3000/_next/image?url=%2Flogo%2Flogo.webp&w=384&q=75 was preloaded using link preload but not used within a few seconds from the window's load event. Please make sure it has an appropriate `as` value and it is preloaded intentionally. @ http://localhost:3000/:0
[ 2388131ms] [WARNING] The resource http://localhost:3000/_next/image?url=%2Fbest%20shots%2FProduct%20image%2Fproduct-bodywash.webp&w=3840&q=75 was preloaded using link preload but not used within a few seconds from the window's load event. Please make sure it has an appropriate `as` value and it is preloaded intentionally. @ http://localhost:3000/:0
[ 2388131ms] [WARNING] The resource http://localhost:3000/_next/image?url=%2Flogo%2Flogo.webp&w=384&q=75 was preloaded using link preload but not used within a few seconds from the window's load event. Please make sure it has an appropriate `as` value and it is preloaded intentionally. @ http://localhost:3000/:0
[ 2393375ms] [WARNING] The resource http://localhost:3000/_next/image?url=%2Fbest%20shots%2FProduct%20image%2Fproduct-bodywash.webp&w=3840&q=75 was preloaded using link preload but not used within a few seconds from the window's load event. Please make sure it has an appropriate `as` value and it is preloaded intentionally. @ http://localhost:3000/:0
[ 2393375ms] [WARNING] The resource http://localhost:3000/_next/image?url=%2Flogo%2Flogo.webp&w=384&q=75 was preloaded using link preload but not used within a few seconds from the window's load event. Please make sure it has an appropriate `as` value and it is preloaded intentionally. @ http://localhost:3000/:0
[ 2403205ms] [WARNING] The resource http://localhost:3000/_next/image?url=%2Fbest%20shots%2FProduct%20image%2Fproduct-bodywash.webp&w=3840&q=75 was preloaded using link preload but not used within a few seconds from the window's load event. Please make sure it has an appropriate `as` value and it is preloaded intentionally. @ http://localhost:3000/:0
[ 2403205ms] [WARNING] The resource http://localhost:3000/_next/image?url=%2Flogo%2Flogo.webp&w=384&q=75 was preloaded using link preload but not used within a few seconds from the window's load event. Please make sure it has an appropriate `as` value and it is preloaded intentionally. @ http://localhost:3000/:0
[ 2408443ms] [WARNING] The resource http://localhost:3000/_next/image?url=%2Fbest%20shots%2FProduct%20image%2Fproduct-bodywash.webp&w=3840&q=75 was preloaded using link preload but not used within a few seconds from the window's load event. Please make sure it has an appropriate `as` value and it is preloaded intentionally. @ http://localhost:3000/:0
[ 2408443ms] [WARNING] The resource http://localhost:3000/_next/image?url=%2Flogo%2Flogo.webp&w=384&q=75 was preloaded using link preload but not used within a few seconds from the window's load event. Please make sure it has an appropriate `as` value and it is preloaded intentionally. @ http://localhost:3000/:0
[ 2418275ms] [WARNING] The resource http://localhost:3000/_next/image?url=%2Fbest%20shots%2FProduct%20image%2Fproduct-bodywash.webp&w=3840&q=75 was preloaded using link preload but not used within a few seconds from the window's load event. Please make sure it has an appropriate `as` value and it is preloaded intentionally. @ http://localhost:3000/:0
[ 2418275ms] [WARNING] The resource http://localhost:3000/_next/image?url=%2Flogo%2Flogo.webp&w=384&q=75 was preloaded using link preload but not used within a few seconds from the window's load event. Please make sure it has an appropriate `as` value and it is preloaded intentionally. @ http://localhost:3000/:0
[ 2423514ms] [WARNING] The resource http://localhost:3000/_next/image?url=%2Fbest%20shots%2FProduct%20image%2Fproduct-bodywash.webp&w=3840&q=75 was preloaded using link preload but not used within a few seconds from the window's load event. Please make sure it has an appropriate `as` value and it is preloaded intentionally. @ http://localhost:3000/:0
[ 2423514ms] [WARNING] The resource http://localhost:3000/_next/image?url=%2Flogo%2Flogo.webp&w=384&q=75 was preloaded using link preload but not used within a few seconds from the window's load event. Please make sure it has an appropriate `as` value and it is preloaded intentionally. @ http://localhost:3000/:0
[ 2433345ms] [WARNING] The resource http://localhost:3000/_next/image?url=%2Fbest%20shots%2FProduct%20image%2Fproduct-bodywash.webp&w=3840&q=75 was preloaded using link preload but not used within a few seconds from the window's load event. Please make sure it has an appropriate `as` value and it is preloaded intentionally. @ http://localhost:3000/:0
[ 2433345ms] [WARNING] The resource http://localhost:3000/_next/image?url=%2Flogo%2Flogo.webp&w=384&q=75 was preloaded using link preload but not used within a few seconds from the window's load event. Please make sure it has an appropriate `as` value and it is preloaded intentionally. @ http://localhost:3000/:0
[ 2438605ms] [WARNING] The resource http://localhost:3000/_next/image?url=%2Fbest%20shots%2FProduct%20image%2Fproduct-bodywash.webp&w=3840&q=75 was preloaded using link preload but not used within a few seconds from the window's load event. Please make sure it has an appropriate `as` value and it is preloaded intentionally. @ http://localhost:3000/:0
[ 2438605ms] [WARNING] The resource http://localhost:3000/_next/image?url=%2Flogo%2Flogo.webp&w=384&q=75 was preloaded using link preload but not used within a few seconds from the window's load event. Please make sure it has an appropriate `as` value and it is preloaded intentionally. @ http://localhost:3000/:0
[ 2448404ms] [WARNING] The resource http://localhost:3000/_next/image?url=%2Fbest%20shots%2FProduct%20image%2Fproduct-bodywash.webp&w=3840&q=75 was preloaded using link preload but not used within a few seconds from the window's load event. Please make sure it has an appropriate `as` value and it is preloaded intentionally. @ http://localhost:3000/:0
[ 2448404ms] [WARNING] The resource http://localhost:3000/_next/image?url=%2Flogo%2Flogo.webp&w=384&q=75 was preloaded using link preload but not used within a few seconds from the window's load event. Please make sure it has an appropriate `as` value and it is preloaded intentionally. @ http://localhost:3000/:0
[ 2453643ms] [WARNING] The resource http://localhost:3000/_next/image?url=%2Fbest%20shots%2FProduct%20image%2Fproduct-bodywash.webp&w=3840&q=75 was preloaded using link preload but not used within a few seconds from the window's load event. Please make sure it has an appropriate `as` value and it is preloaded intentionally. @ http://localhost:3000/:0
[ 2453643ms] [WARNING] The resource http://localhost:3000/_next/image?url=%2Flogo%2Flogo.webp&w=384&q=75 was preloaded using link preload but not used within a few seconds from the window's load event. Please make sure it has an appropriate `as` value and it is preloaded intentionally. @ http://localhost:3000/:0
[ 2463474ms] [WARNING] The resource http://localhost:3000/_next/image?url=%2Fbest%20shots%2FProduct%20image%2Fproduct-bodywash.webp&w=3840&q=75 was preloaded using link preload but not used within a few seconds from the window's load event. Please make sure it has an appropriate `as` value and it is preloaded intentionally. @ http://localhost:3000/:0
[ 2463474ms] [WARNING] The resource http://localhost:3000/_next/image?url=%2Flogo%2Flogo.webp&w=384&q=75 was preloaded using link preload but not used within a few seconds from the window's load event. Please make sure it has an appropriate `as` value and it is preloaded intentionally. @ http://localhost:3000/:0
[ 2468803ms] [WARNING] The resource http://localhost:3000/_next/image?url=%2Fbest%20shots%2FProduct%20image%2Fproduct-bodywash.webp&w=3840&q=75 was preloaded using link preload but not used within a few seconds from the window's load event. Please make sure it has an appropriate `as` value and it is preloaded intentionally. @ http://localhost:3000/:0
[ 2468803ms] [WARNING] The resource http://localhost:3000/_next/image?url=%2Flogo%2Flogo.webp&w=384&q=75 was preloaded using link preload but not used within a few seconds from the window's load event. Please make sure it has an appropriate `as` value and it is preloaded intentionally. @ http://localhost:3000/:0
[ 2478539ms] [WARNING] The resource http://localhost:3000/_next/image?url=%2Fbest%20shots%2FProduct%20image%2Fproduct-bodywash.webp&w=3840&q=75 was preloaded using link preload but not used within a few seconds from the window's load event. Please make sure it has an appropriate `as` value and it is preloaded intentionally. @ http://localhost:3000/:0
[ 2478539ms] [WARNING] The resource http://localhost:3000/_next/image?url=%2Flogo%2Flogo.webp&w=384&q=75 was preloaded using link preload but not used within a few seconds from the window's load event. Please make sure it has an appropriate `as` value and it is preloaded intentionally. @ http://localhost:3000/:0
[ 2483790ms] [WARNING] The resource http://localhost:3000/_next/image?url=%2Fbest%20shots%2FProduct%20image%2Fproduct-bodywash.webp&w=3840&q=75 was preloaded using link preload but not used within a few seconds from the window's load event. Please make sure it has an appropriate `as` value and it is preloaded intentionally. @ http://localhost:3000/:0
[ 2483790ms] [WARNING] The resource http://localhost:3000/_next/image?url=%2Flogo%2Flogo.webp&w=384&q=75 was preloaded using link preload but not used within a few seconds from the window's load event. Please make sure it has an appropriate `as` value and it is preloaded intentionally. @ http://localhost:3000/:0
[ 2493608ms] [WARNING] The resource http://localhost:3000/_next/image?url=%2Fbest%20shots%2FProduct%20image%2Fproduct-bodywash.webp&w=3840&q=75 was preloaded using link preload but not used within a few seconds from the window's load event. Please make sure it has an appropriate `as` value and it is preloaded intentionally. @ http://localhost:3000/:0
[ 2493608ms] [WARNING] The resource http://localhost:3000/_next/image?url=%2Flogo%2Flogo.webp&w=384&q=75 was preloaded using link preload but not used within a few seconds from the window's load event. Please make sure it has an appropriate `as` value and it is preloaded intentionally. @ http://localhost:3000/:0
[ 2498944ms] [WARNING] The resource http://localhost:3000/_next/image?url=%2Fbest%20shots%2FProduct%20image%2Fproduct-bodywash.webp&w=3840&q=75 was preloaded using link preload but not used within a few seconds from the window's load event. Please make sure it has an appropriate `as` value and it is preloaded intentionally. @ http://localhost:3000/:0
[ 2498944ms] [WARNING] The resource http://localhost:3000/_next/image?url=%2Flogo%2Flogo.webp&w=384&q=75 was preloaded using link preload but not used within a few seconds from the window's load event. Please make sure it has an appropriate `as` value and it is preloaded intentionally. @ http://localhost:3000/:0
[ 2508677ms] [WARNING] The resource http://localhost:3000/_next/image?url=%2Fbest%20shots%2FProduct%20image%2Fproduct-bodywash.webp&w=3840&q=75 was preloaded using link preload but not used within a few seconds from the window's load event. Please make sure it has an appropriate `as` value and it is preloaded intentionally. @ http://localhost:3000/:0
[ 2508677ms] [WARNING] The resource http://localhost:3000/_next/image?url=%2Flogo%2Flogo.webp&w=384&q=75 was preloaded using link preload but not used within a few seconds from the window's load event. Please make sure it has an appropriate `as` value and it is preloaded intentionally. @ http://localhost:3000/:0
[ 2513911ms] [WARNING] The resource http://localhost:3000/_next/image?url=%2Fbest%20shots%2FProduct%20image%2Fproduct-bodywash.webp&w=3840&q=75 was preloaded using link preload but not used within a few seconds from the window's load event. Please make sure it has an appropriate `as` value and it is preloaded intentionally. @ http://localhost:3000/:0
[ 2513911ms] [WARNING] The resource http://localhost:3000/_next/image?url=%2Flogo%2Flogo.webp&w=384&q=75 was preloaded using link preload but not used within a few seconds from the window's load event. Please make sure it has an appropriate `as` value and it is preloaded intentionally. @ http://localhost:3000/:0
[ 2523756ms] [WARNING] The resource http://localhost:3000/_next/image?url=%2Fbest%20shots%2FProduct%20image%2Fproduct-bodywash.webp&w=3840&q=75 was preloaded using link preload but not used within a few seconds from the window's load event. Please make sure it has an appropriate `as` value and it is preloaded intentionally. @ http://localhost:3000/:0
[ 2523756ms] [WARNING] The resource http://localhost:3000/_next/image?url=%2Flogo%2Flogo.webp&w=384&q=75 was preloaded using link preload but not used within a few seconds from the window's load event. Please make sure it has an appropriate `as` value and it is preloaded intentionally. @ http://localhost:3000/:0
[ 2529091ms] [WARNING] The resource http://localhost:3000/_next/image?url=%2Fbest%20shots%2FProduct%20image%2Fproduct-bodywash.webp&w=3840&q=75 was preloaded using link preload but not used within a few seconds from the window's load event. Please make sure it has an appropriate `as` value and it is preloaded intentionally. @ http://localhost:3000/:0
[ 2529091ms] [WARNING] The resource http://localhost:3000/_next/image?url=%2Flogo%2Flogo.webp&w=384&q=75 was preloaded using link preload but not used within a few seconds from the window's load event. Please make sure it has an appropriate `as` value and it is preloaded intentionally. @ http://localhost:3000/:0
[ 2538828ms] [WARNING] The resource http://localhost:3000/_next/image?url=%2Fbest%20shots%2FProduct%20image%2Fproduct-bodywash.webp&w=3840&q=75 was preloaded using link preload but not used within a few seconds from the window's load event. Please make sure it has an appropriate `as` value and it is preloaded intentionally. @ http://localhost:3000/:0
[ 2538828ms] [WARNING] The resource http://localhost:3000/_next/image?url=%2Flogo%2Flogo.webp&w=384&q=75 was preloaded using link preload but not used within a few seconds from the window's load event. Please make sure it has an appropriate `as` value and it is preloaded intentionally. @ http://localhost:3000/:0
[ 2544165ms] [WARNING] The resource http://localhost:3000/_next/image?url=%2Fbest%20shots%2FProduct%20image%2Fproduct-bodywash.webp&w=3840&q=75 was preloaded using link preload but not used within a few seconds from the window's load event. Please make sure it has an appropriate `as` value and it is preloaded intentionally. @ http://localhost:3000/:0
[ 2544165ms] [WARNING] The resource http://localhost:3000/_next/image?url=%2Flogo%2Flogo.webp&w=384&q=75 was preloaded using link preload but not used within a few seconds from the window's load event. Please make sure it has an appropriate `as` value and it is preloaded intentionally. @ http://localhost:3000/:0
[ 2553906ms] [WARNING] The resource http://localhost:3000/_next/image?url=%2Fbest%20shots%2FProduct%20image%2Fproduct-bodywash.webp&w=3840&q=75 was preloaded using link preload but not used within a few seconds from the window's load event. Please make sure it has an appropriate `as` value and it is preloaded intentionally. @ http://localhost:3000/:0
[ 2553906ms] [WARNING] The resource http://localhost:3000/_next/image?url=%2Flogo%2Flogo.webp&w=384&q=75 was preloaded using link preload but not used within a few seconds from the window's load event. Please make sure it has an appropriate `as` value and it is preloaded intentionally. @ http://localhost:3000/:0
[ 2559156ms] [WARNING] The resource http://localhost:3000/_next/image?url=%2Fbest%20shots%2FProduct%20image%2Fproduct-bodywash.webp&w=3840&q=75 was preloaded using link preload but not used within a few seconds from the window's load event. Please make sure it has an appropriate `as` value and it is preloaded intentionally. @ http://localhost:3000/:0
[ 2559156ms] [WARNING] The resource http://localhost:3000/_next/image?url=%2Flogo%2Flogo.webp&w=384&q=75 was preloaded using link preload but not used within a few seconds from the window's load event. Please make sure it has an appropriate `as` value and it is preloaded intentionally. @ http://localhost:3000/:0
[ 2568969ms] [WARNING] The resource http://localhost:3000/_next/image?url=%2Fbest%20shots%2FProduct%20image%2Fproduct-bodywash.webp&w=3840&q=75 was preloaded using link preload but not used within a few seconds from the window's load event. Please make sure it has an appropriate `as` value and it is preloaded intentionally. @ http://localhost:3000/:0
[ 2568970ms] [WARNING] The resource http://localhost:3000/_next/image?url=%2Flogo%2Flogo.webp&w=384&q=75 was preloaded using link preload but not used within a few seconds from the window's load event. Please make sure it has an appropriate `as` value and it is preloaded intentionally. @ http://localhost:3000/:0
[ 2574216ms] [WARNING] The resource http://localhost:3000/_next/image?url=%2Fbest%20shots%2FProduct%20image%2Fproduct-bodywash.webp&w=3840&q=75 was preloaded using link preload but not used within a few seconds from the window's load event. Please make sure it has an appropriate `as` value and it is preloaded intentionally. @ http://localhost:3000/:0
[ 2574216ms] [WARNING] The resource http://localhost:3000/_next/image?url=%2Flogo%2Flogo.webp&w=384&q=75 was preloaded using link preload but not used within a few seconds from the window's load event. Please make sure it has an appropriate `as` value and it is preloaded intentionally. @ http://localhost:3000/:0
[ 2584038ms] [WARNING] The resource http://localhost:3000/_next/image?url=%2Fbest%20shots%2FProduct%20image%2Fproduct-bodywash.webp&w=3840&q=75 was preloaded using link preload but not used within a few seconds from the window's load event. Please make sure it has an appropriate `as` value and it is preloaded intentionally. @ http://localhost:3000/:0
[ 2584038ms] [WARNING] The resource http://localhost:3000/_next/image?url=%2Flogo%2Flogo.webp&w=384&q=75 was preloaded using link preload but not used within a few seconds from the window's load event. Please make sure it has an appropriate `as` value and it is preloaded intentionally. @ http://localhost:3000/:0
[ 2589271ms] [WARNING] The resource http://localhost:3000/_next/image?url=%2Fbest%20shots%2FProduct%20image%2Fproduct-bodywash.webp&w=3840&q=75 was preloaded using link preload but not used within a few seconds from the window's load event. Please make sure it has an appropriate `as` value and it is preloaded intentionally. @ http://localhost:3000/:0
[ 2589271ms] [WARNING] The resource http://localhost:3000/_next/image?url=%2Flogo%2Flogo.webp&w=384&q=75 was preloaded using link preload but not used within a few seconds from the window's load event. Please make sure it has an appropriate `as` value and it is preloaded intentionally. @ http://localhost:3000/:0
[ 2599105ms] [WARNING] The resource http://localhost:3000/_next/image?url=%2Fbest%20shots%2FProduct%20image%2Fproduct-bodywash.webp&w=3840&q=75 was preloaded using link preload but not used within a few seconds from the window's load event. Please make sure it has an appropriate `as` value and it is preloaded intentionally. @ http://localhost:3000/:0
[ 2599105ms] [WARNING] The resource http://localhost:3000/_next/image?url=%2Flogo%2Flogo.webp&w=384&q=75 was preloaded using link preload but not used within a few seconds from the window's load event. Please make sure it has an appropriate `as` value and it is preloaded intentionally. @ http://localhost:3000/:0
[ 2604363ms] [WARNING] The resource http://localhost:3000/_next/image?url=%2Fbest%20shots%2FProduct%20image%2Fproduct-bodywash.webp&w=3840&q=75 was preloaded using link preload but not used within a few seconds from the window's load event. Please make sure it has an appropriate `as` value and it is preloaded intentionally. @ http://localhost:3000/:0
[ 2604363ms] [WARNING] The resource http://localhost:3000/_next/image?url=%2Flogo%2Flogo.webp&w=384&q=75 was preloaded using link preload but not used within a few seconds from the window's load event. Please make sure it has an appropriate `as` value and it is preloaded intentionally. @ http://localhost:3000/:0
[ 2614178ms] [WARNING] The resource http://localhost:3000/_next/image?url=%2Fbest%20shots%2FProduct%20image%2Fproduct-bodywash.webp&w=3840&q=75 was preloaded using link preload but not used within a few seconds from the window's load event. Please make sure it has an appropriate `as` value and it is preloaded intentionally. @ http://localhost:3000/:0
[ 2614178ms] [WARNING] The resource http://localhost:3000/_next/image?url=%2Flogo%2Flogo.webp&w=384&q=75 was preloaded using link preload but not used within a few seconds from the window's load event. Please make sure it has an appropriate `as` value and it is preloaded intentionally. @ http://localhost:3000/:0
[ 2619419ms] [WARNING] The resource http://localhost:3000/_next/image?url=%2Fbest%20shots%2FProduct%20image%2Fproduct-bodywash.webp&w=3840&q=75 was preloaded using link preload but not used within a few seconds from the window's load event. Please make sure it has an appropriate `as` value and it is preloaded intentionally. @ http://localhost:3000/:0
[ 2619419ms] [WARNING] The resource http://localhost:3000/_next/image?url=%2Flogo%2Flogo.webp&w=384&q=75 was preloaded using link preload but not used within a few seconds from the window's load event. Please make sure it has an appropriate `as` value and it is preloaded intentionally. @ http://localhost:3000/:0
[ 2629248ms] [WARNING] The resource http://localhost:3000/_next/image?url=%2Fbest%20shots%2FProduct%20image%2Fproduct-bodywash.webp&w=3840&q=75 was preloaded using link preload but not used within a few seconds from the window's load event. Please make sure it has an appropriate `as` value and it is preloaded intentionally. @ http://localhost:3000/:0
[ 2629248ms] [WARNING] The resource http://localhost:3000/_next/image?url=%2Flogo%2Flogo.webp&w=384&q=75 was preloaded using link preload but not used within a few seconds from the window's load event. Please make sure it has an appropriate `as` value and it is preloaded intentionally. @ http://localhost:3000/:0
[ 2634497ms] [WARNING] The resource http://localhost:3000/_next/image?url=%2Fbest%20shots%2FProduct%20image%2Fproduct-bodywash.webp&w=3840&q=75 was preloaded using link preload but not used within a few seconds from the window's load event. Please make sure it has an appropriate `as` value and it is preloaded intentionally. @ http://localhost:3000/:0
[ 2634497ms] [WARNING] The resource http://localhost:3000/_next/image?url=%2Flogo%2Flogo.webp&w=384&q=75 was preloaded using link preload but not used within a few seconds from the window's load event. Please make sure it has an appropriate `as` value and it is preloaded intentionally. @ http://localhost:3000/:0
[ 2644331ms] [WARNING] The resource http://localhost:3000/_next/image?url=%2Fbest%20shots%2FProduct%20image%2Fproduct-bodywash.webp&w=3840&q=75 was preloaded using link preload but not used within a few seconds from the window's load event. Please make sure it has an appropriate `as` value and it is preloaded intentionally. @ http://localhost:3000/:0
[ 2644331ms] [WARNING] The resource http://localhost:3000/_next/image?url=%2Flogo%2Flogo.webp&w=384&q=75 was preloaded using link preload but not used within a few seconds from the window's load event. Please make sure it has an appropriate `as` value and it is preloaded intentionally. @ http://localhost:3000/:0
[ 2649555ms] [WARNING] The resource http://localhost:3000/_next/image?url=%2Fbest%20shots%2FProduct%20image%2Fproduct-bodywash.webp&w=3840&q=75 was preloaded using link preload but not used within a few seconds from the window's load event. Please make sure it has an appropriate `as` value and it is preloaded intentionally. @ http://localhost:3000/:0
[ 2649555ms] [WARNING] The resource http://localhost:3000/_next/image?url=%2Flogo%2Flogo.webp&w=384&q=75 was preloaded using link preload but not used within a few seconds from the window's load event. Please make sure it has an appropriate `as` value and it is preloaded intentionally. @ http://localhost:3000/:0
[ 2659398ms] [WARNING] The resource http://localhost:3000/_next/image?url=%2Fbest%20shots%2FProduct%20image%2Fproduct-bodywash.webp&w=3840&q=75 was preloaded using link preload but not used within a few seconds from the window's load event. Please make sure it has an appropriate `as` value and it is preloaded intentionally. @ http://localhost:3000/:0
[ 2659398ms] [WARNING] The resource http://localhost:3000/_next/image?url=%2Flogo%2Flogo.webp&w=384&q=75 was preloaded using link preload but not used within a few seconds from the window's load event. Please make sure it has an appropriate `as` value and it is preloaded intentionally. @ http://localhost:3000/:0
[ 2664627ms] [WARNING] The resource http://localhost:3000/_next/image?url=%2Fbest%20shots%2FProduct%20image%2Fproduct-bodywash.webp&w=3840&q=75 was preloaded using link preload but not used within a few seconds from the window's load event. Please make sure it has an appropriate `as` value and it is preloaded intentionally. @ http://localhost:3000/:0
[ 2664628ms] [WARNING] The resource http://localhost:3000/_next/image?url=%2Flogo%2Flogo.webp&w=384&q=75 was preloaded using link preload but not used within a few seconds from the window's load event. Please make sure it has an appropriate `as` value and it is preloaded intentionally. @ http://localhost:3000/:0
[ 2674464ms] [WARNING] The resource http://localhost:3000/_next/image?url=%2Fbest%20shots%2FProduct%20image%2Fproduct-bodywash.webp&w=3840&q=75 was preloaded using link preload but not used within a few seconds from the window's load event. Please make sure it has an appropriate `as` value and it is preloaded intentionally. @ http://localhost:3000/:0
[ 2674465ms] [WARNING] The resource http://localhost:3000/_next/image?url=%2Flogo%2Flogo.webp&w=384&q=75 was preloaded using link preload but not used within a few seconds from the window's load event. Please make sure it has an appropriate `as` value and it is preloaded intentionally. @ http://localhost:3000/:0
[ 2679686ms] [WARNING] The resource http://localhost:3000/_next/image?url=%2Fbest%20shots%2FProduct%20image%2Fproduct-bodywash.webp&w=3840&q=75 was preloaded using link preload but not used within a few seconds from the window's load event. Please make sure it has an appropriate `as` value and it is preloaded intentionally. @ http://localhost:3000/:0
[ 2679687ms] [WARNING] The resource http://localhost:3000/_next/image?url=%2Flogo%2Flogo.webp&w=384&q=75 was preloaded using link preload but not used within a few seconds from the window's load event. Please make sure it has an appropriate `as` value and it is preloaded intentionally. @ http://localhost:3000/:0
[ 2689532ms] [WARNING] The resource http://localhost:3000/_next/image?url=%2Fbest%20shots%2FProduct%20image%2Fproduct-bodywash.webp&w=3840&q=75 was preloaded using link preload but not used within a few seconds from the window's load event. Please make sure it has an appropriate `as` value and it is preloaded intentionally. @ http://localhost:3000/:0
[ 2689532ms] [WARNING] The resource http://localhost:3000/_next/image?url=%2Flogo%2Flogo.webp&w=384&q=75 was preloaded using link preload but not used within a few seconds from the window's load event. Please make sure it has an appropriate `as` value and it is preloaded intentionally. @ http://localhost:3000/:0
[ 2694765ms] [WARNING] The resource http://localhost:3000/_next/image?url=%2Fbest%20shots%2FProduct%20image%2Fproduct-bodywash.webp&w=3840&q=75 was preloaded using link preload but not used within a few seconds from the window's load event. Please make sure it has an appropriate `as` value and it is preloaded intentionally. @ http://localhost:3000/:0
[ 2694765ms] [WARNING] The resource http://localhost:3000/_next/image?url=%2Flogo%2Flogo.webp&w=384&q=75 was preloaded using link preload but not used within a few seconds from the window's load event. Please make sure it has an appropriate `as` value and it is preloaded intentionally. @ http://localhost:3000/:0
[ 2704596ms] [WARNING] The resource http://localhost:3000/_next/image?url=%2Fbest%20shots%2FProduct%20image%2Fproduct-bodywash.webp&w=3840&q=75 was preloaded using link preload but not used within a few seconds from the window's load event. Please make sure it has an appropriate `as` value and it is preloaded intentionally. @ http://localhost:3000/:0
[ 2704596ms] [WARNING] The resource http://localhost:3000/_next/image?url=%2Flogo%2Flogo.webp&w=384&q=75 was preloaded using link preload but not used within a few seconds from the window's load event. Please make sure it has an appropriate `as` value and it is preloaded intentionally. @ http://localhost:3000/:0
[ 2709842ms] [WARNING] The resource http://localhost:3000/_next/image?url=%2Fbest%20shots%2FProduct%20image%2Fproduct-bodywash.webp&w=3840&q=75 was preloaded using link preload but not used within a few seconds from the window's load event. Please make sure it has an appropriate `as` value and it is preloaded intentionally. @ http://localhost:3000/:0
[ 2709842ms] [WARNING] The resource http://localhost:3000/_next/image?url=%2Flogo%2Flogo.webp&w=384&q=75 was preloaded using link preload but not used within a few seconds from the window's load event. Please make sure it has an appropriate `as` value and it is preloaded intentionally. @ http://localhost:3000/:0
[ 2719658ms] [WARNING] The resource http://localhost:3000/_next/image?url=%2Fbest%20shots%2FProduct%20image%2Fproduct-bodywash.webp&w=3840&q=75 was preloaded using link preload but not used within a few seconds from the window's load event. Please make sure it has an appropriate `as` value and it is preloaded intentionally. @ http://localhost:3000/:0
[ 2719659ms] [WARNING] The resource http://localhost:3000/_next/image?url=%2Flogo%2Flogo.webp&w=384&q=75 was preloaded using link preload but not used within a few seconds from the window's load event. Please make sure it has an appropriate `as` value and it is preloaded intentionally. @ http://localhost:3000/:0
[ 2724899ms] [WARNING] The resource http://localhost:3000/_next/image?url=%2Fbest%20shots%2FProduct%20image%2Fproduct-bodywash.webp&w=3840&q=75 was preloaded using link preload but not used within a few seconds from the window's load event. Please make sure it has an appropriate `as` value and it is preloaded intentionally. @ http://localhost:3000/:0
[ 2724899ms] [WARNING] The resource http://localhost:3000/_next/image?url=%2Flogo%2Flogo.webp&w=384&q=75 was preloaded using link preload but not used within a few seconds from the window's load event. Please make sure it has an appropriate `as` value and it is preloaded intentionally. @ http://localhost:3000/:0
[ 2734733ms] [WARNING] The resource http://localhost:3000/_next/image?url=%2Fbest%20shots%2FProduct%20image%2Fproduct-bodywash.webp&w=3840&q=75 was preloaded using link preload but not used within a few seconds from the window's load event. Please make sure it has an appropriate `as` value and it is preloaded intentionally. @ http://localhost:3000/:0
[ 2734733ms] [WARNING] The resource http://localhost:3000/_next/image?url=%2Flogo%2Flogo.webp&w=384&q=75 was preloaded using link preload but not used within a few seconds from the window's load event. Please make sure it has an appropriate `as` value and it is preloaded intentionally. @ http://localhost:3000/:0
[ 2739963ms] [WARNING] The resource http://localhost:3000/_next/image?url=%2Fbest%20shots%2FProduct%20image%2Fproduct-bodywash.webp&w=3840&q=75 was preloaded using link preload but not used within a few seconds from the window's load event. Please make sure it has an appropriate `as` value and it is preloaded intentionally. @ http://localhost:3000/:0
[ 2739963ms] [WARNING] The resource http://localhost:3000/_next/image?url=%2Flogo%2Flogo.webp&w=384&q=75 was preloaded using link preload but not used within a few seconds from the window's load event. Please make sure it has an appropriate `as` value and it is preloaded intentionally. @ http://localhost:3000/:0
[ 2749791ms] [WARNING] The resource http://localhost:3000/_next/image?url=%2Fbest%20shots%2FProduct%20image%2Fproduct-bodywash.webp&w=3840&q=75 was preloaded using link preload but not used within a few seconds from the window's load event. Please make sure it has an appropriate `as` value and it is preloaded intentionally. @ http://localhost:3000/:0
[ 2749791ms] [WARNING] The resource http://localhost:3000/_next/image?url=%2Flogo%2Flogo.webp&w=384&q=75 was preloaded using link preload but not used within a few seconds from the window's load event. Please make sure it has an appropriate `as` value and it is preloaded intentionally. @ http://localhost:3000/:0
[ 2755034ms] [WARNING] The resource http://localhost:3000/_next/image?url=%2Fbest%20shots%2FProduct%20image%2Fproduct-bodywash.webp&w=3840&q=75 was preloaded using link preload but not used within a few seconds from the window's load event. Please make sure it has an appropriate `as` value and it is preloaded intentionally. @ http://localhost:3000/:0
[ 2755034ms] [WARNING] The resource http://localhost:3000/_next/image?url=%2Flogo%2Flogo.webp&w=384&q=75 was preloaded using link preload but not used within a few seconds from the window's load event. Please make sure it has an appropriate `as` value and it is preloaded intentionally. @ http://localhost:3000/:0
[ 2764868ms] [WARNING] The resource http://localhost:3000/_next/image?url=%2Fbest%20shots%2FProduct%20image%2Fproduct-bodywash.webp&w=3840&q=75 was preloaded using link preload but not used within a few seconds from the window's load event. Please make sure it has an appropriate `as` value and it is preloaded intentionally. @ http://localhost:3000/:0
[ 2764868ms] [WARNING] The resource http://localhost:3000/_next/image?url=%2Flogo%2Flogo.webp&w=384&q=75 was preloaded using link preload but not used within a few seconds from the window's load event. Please make sure it has an appropriate `as` value and it is preloaded intentionally. @ http://localhost:3000/:0
[ 2770117ms] [WARNING] The resource http://localhost:3000/_next/image?url=%2Fbest%20shots%2FProduct%20image%2Fproduct-bodywash.webp&w=3840&q=75 was preloaded using link preload but not used within a few seconds from the window's load event. Please make sure it has an appropriate `as` value and it is preloaded intentionally. @ http://localhost:3000/:0
[ 2770117ms] [WARNING] The resource http://localhost:3000/_next/image?url=%2Flogo%2Flogo.webp&w=384&q=75 was preloaded using link preload but not used within a few seconds from the window's load event. Please make sure it has an appropriate `as` value and it is preloaded intentionally. @ http://localhost:3000/:0
[ 2779934ms] [WARNING] The resource http://localhost:3000/_next/image?url=%2Fbest%20shots%2FProduct%20image%2Fproduct-bodywash.webp&w=3840&q=75 was preloaded using link preload but not used within a few seconds from the window's load event. Please make sure it has an appropriate `as` value and it is preloaded intentionally. @ http://localhost:3000/:0
[ 2779934ms] [WARNING] The resource http://localhost:3000/_next/image?url=%2Flogo%2Flogo.webp&w=384&q=75 was preloaded using link preload but not used within a few seconds from the window's load event. Please make sure it has an appropriate `as` value and it is preloaded intentionally. @ http://localhost:3000/:0
[ 2785167ms] [WARNING] The resource http://localhost:3000/_next/image?url=%2Fbest%20shots%2FProduct%20image%2Fproduct-bodywash.webp&w=3840&q=75 was preloaded using link preload but not used within a few seconds from the window's load event. Please make sure it has an appropriate `as` value and it is preloaded intentionally. @ http://localhost:3000/:0
[ 2785167ms] [WARNING] The resource http://localhost:3000/_next/image?url=%2Flogo%2Flogo.webp&w=384&q=75 was preloaded using link preload but not used within a few seconds from the window's load event. Please make sure it has an appropriate `as` value and it is preloaded intentionally. @ http://localhost:3000/:0
[ 2794996ms] [WARNING] The resource http://localhost:3000/_next/image?url=%2Fbest%20shots%2FProduct%20image%2Fproduct-bodywash.webp&w=3840&q=75 was preloaded using link preload but not used within a few seconds from the window's load event. Please make sure it has an appropriate `as` value and it is preloaded intentionally. @ http://localhost:3000/:0
[ 2794996ms] [WARNING] The resource http://localhost:3000/_next/image?url=%2Flogo%2Flogo.webp&w=384&q=75 was preloaded using link preload but not used within a few seconds from the window's load event. Please make sure it has an appropriate `as` value and it is preloaded intentionally. @ http://localhost:3000/:0
[ 2800237ms] [WARNING] The resource http://localhost:3000/_next/image?url=%2Fbest%20shots%2FProduct%20image%2Fproduct-bodywash.webp&w=3840&q=75 was preloaded using link preload but not used within a few seconds from the window's load event. Please make sure it has an appropriate `as` value and it is preloaded intentionally. @ http://localhost:3000/:0
[ 2800237ms] [WARNING] The resource http://localhost:3000/_next/image?url=%2Flogo%2Flogo.webp&w=384&q=75 was preloaded using link preload but not used within a few seconds from the window's load event. Please make sure it has an appropriate `as` value and it is preloaded intentionally. @ http://localhost:3000/:0
[ 2810064ms] [WARNING] The resource http://localhost:3000/_next/image?url=%2Fbest%20shots%2FProduct%20image%2Fproduct-bodywash.webp&w=3840&q=75 was preloaded using link preload but not used within a few seconds from the window's load event. Please make sure it has an appropriate `as` value and it is preloaded intentionally. @ http://localhost:3000/:0
[ 2810064ms] [WARNING] The resource http://localhost:3000/_next/image?url=%2Flogo%2Flogo.webp&w=384&q=75 was preloaded using link preload but not used within a few seconds from the window's load event. Please make sure it has an appropriate `as` value and it is preloaded intentionally. @ http://localhost:3000/:0
[ 2815401ms] [WARNING] The resource http://localhost:3000/_next/image?url=%2Fbest%20shots%2FProduct%20image%2Fproduct-bodywash.webp&w=3840&q=75 was preloaded using link preload but not used within a few seconds from the window's load event. Please make sure it has an appropriate `as` value and it is preloaded intentionally. @ http://localhost:3000/:0
[ 2815401ms] [WARNING] The resource http://localhost:3000/_next/image?url=%2Flogo%2Flogo.webp&w=384&q=75 was preloaded using link preload but not used within a few seconds from the window's load event. Please make sure it has an appropriate `as` value and it is preloaded intentionally. @ http://localhost:3000/:0
[ 2825134ms] [WARNING] The resource http://localhost:3000/_next/image?url=%2Fbest%20shots%2FProduct%20image%2Fproduct-bodywash.webp&w=3840&q=75 was preloaded using link preload but not used within a few seconds from the window's load event. Please make sure it has an appropriate `as` value and it is preloaded intentionally. @ http://localhost:3000/:0
[ 2825134ms] [WARNING] The resource http://localhost:3000/_next/image?url=%2Flogo%2Flogo.webp&w=384&q=75 was preloaded using link preload but not used within a few seconds from the window's load event. Please make sure it has an appropriate `as` value and it is preloaded intentionally. @ http://localhost:3000/:0
[ 2830369ms] [WARNING] The resource http://localhost:3000/_next/image?url=%2Fbest%20shots%2FProduct%20image%2Fproduct-bodywash.webp&w=3840&q=75 was preloaded using link preload but not used within a few seconds from the window's load event. Please make sure it has an appropriate `as` value and it is preloaded intentionally. @ http://localhost:3000/:0
[ 2830369ms] [WARNING] The resource http://localhost:3000/_next/image?url=%2Flogo%2Flogo.webp&w=384&q=75 was preloaded using link preload but not used within a few seconds from the window's load event. Please make sure it has an appropriate `as` value and it is preloaded intentionally. @ http://localhost:3000/:0
[ 2840198ms] [WARNING] The resource http://localhost:3000/_next/image?url=%2Fbest%20shots%2FProduct%20image%2Fproduct-bodywash.webp&w=3840&q=75 was preloaded using link preload but not used within a few seconds from the window's load event. Please make sure it has an appropriate `as` value and it is preloaded intentionally. @ http://localhost:3000/:0
[ 2840199ms] [WARNING] The resource http://localhost:3000/_next/image?url=%2Flogo%2Flogo.webp&w=384&q=75 was preloaded using link preload but not used within a few seconds from the window's load event. Please make sure it has an appropriate `as` value and it is preloaded intentionally. @ http://localhost:3000/:0
[ 2845502ms] [WARNING] The resource http://localhost:3000/_next/image?url=%2Fbest%20shots%2FProduct%20image%2Fproduct-bodywash.webp&w=3840&q=75 was preloaded using link preload but not used within a few seconds from the window's load event. Please make sure it has an appropriate `as` value and it is preloaded intentionally. @ http://localhost:3000/:0
[ 2845502ms] [WARNING] The resource http://localhost:3000/_next/image?url=%2Flogo%2Flogo.webp&w=384&q=75 was preloaded using link preload but not used within a few seconds from the window's load event. Please make sure it has an appropriate `as` value and it is preloaded intentionally. @ http://localhost:3000/:0
[ 2855264ms] [WARNING] The resource http://localhost:3000/_next/image?url=%2Fbest%20shots%2FProduct%20image%2Fproduct-bodywash.webp&w=3840&q=75 was preloaded using link preload but not used within a few seconds from the window's load event. Please make sure it has an appropriate `as` value and it is preloaded intentionally. @ http://localhost:3000/:0
[ 2855264ms] [WARNING] The resource http://localhost:3000/_next/image?url=%2Flogo%2Flogo.webp&w=384&q=75 was preloaded using link preload but not used within a few seconds from the window's load event. Please make sure it has an appropriate `as` value and it is preloaded intentionally. @ http://localhost:3000/:0
[ 2860569ms] [WARNING] The resource http://localhost:3000/_next/image?url=%2Fbest%20shots%2FProduct%20image%2Fproduct-bodywash.webp&w=3840&q=75 was preloaded using link preload but not used within a few seconds from the window's load event. Please make sure it has an appropriate `as` value and it is preloaded intentionally. @ http://localhost:3000/:0
[ 2860569ms] [WARNING] The resource http://localhost:3000/_next/image?url=%2Flogo%2Flogo.webp&w=384&q=75 was preloaded using link preload but not used within a few seconds from the window's load event. Please make sure it has an appropriate `as` value and it is preloaded intentionally. @ http://localhost:3000/:0
[ 2870337ms] [WARNING] The resource http://localhost:3000/_next/image?url=%2Fbest%20shots%2FProduct%20image%2Fproduct-bodywash.webp&w=3840&q=75 was preloaded using link preload but not used within a few seconds from the window's load event. Please make sure it has an appropriate `as` value and it is preloaded intentionally. @ http://localhost:3000/:0
[ 2870337ms] [WARNING] The resource http://localhost:3000/_next/image?url=%2Flogo%2Flogo.webp&w=384&q=75 was preloaded using link preload but not used within a few seconds from the window's load event. Please make sure it has an appropriate `as` value and it is preloaded intentionally. @ http://localhost:3000/:0
[ 2875653ms] [WARNING] The resource http://localhost:3000/_next/image?url=%2Fbest%20shots%2FProduct%20image%2Fproduct-bodywash.webp&w=3840&q=75 was preloaded using link preload but not used within a few seconds from the window's load event. Please make sure it has an appropriate `as` value and it is preloaded intentionally. @ http://localhost:3000/:0
[ 2875653ms] [WARNING] The resource http://localhost:3000/_next/image?url=%2Flogo%2Flogo.webp&w=384&q=75 was preloaded using link preload but not used within a few seconds from the window's load event. Please make sure it has an appropriate `as` value and it is preloaded intentionally. @ http://localhost:3000/:0
[ 2885395ms] [WARNING] The resource http://localhost:3000/_next/image?url=%2Fbest%20shots%2FProduct%20image%2Fproduct-bodywash.webp&w=3840&q=75 was preloaded using link preload but not used within a few seconds from the window's load event. Please make sure it has an appropriate `as` value and it is preloaded intentionally. @ http://localhost:3000/:0
[ 2885395ms] [WARNING] The resource http://localhost:3000/_next/image?url=%2Flogo%2Flogo.webp&w=384&q=75 was preloaded using link preload but not used within a few seconds from the window's load event. Please make sure it has an appropriate `as` value and it is preloaded intentionally. @ http://localhost:3000/:0
[ 2890703ms] [WARNING] The resource http://localhost:3000/_next/image?url=%2Fbest%20shots%2FProduct%20image%2Fproduct-bodywash.webp&w=3840&q=75 was preloaded using link preload but not used within a few seconds from the window's load event. Please make sure it has an appropriate `as` value and it is preloaded intentionally. @ http://localhost:3000/:0
[ 2890703ms] [WARNING] The resource http://localhost:3000/_next/image?url=%2Flogo%2Flogo.webp&w=384&q=75 was preloaded using link preload but not used within a few seconds from the window's load event. Please make sure it has an appropriate `as` value and it is preloaded intentionally. @ http://localhost:3000/:0
[ 2900464ms] [WARNING] The resource http://localhost:3000/_next/image?url=%2Fbest%20shots%2FProduct%20image%2Fproduct-bodywash.webp&w=3840&q=75 was preloaded using link preload but not used within a few seconds from the window's load event. Please make sure it has an appropriate `as` value and it is preloaded intentionally. @ http://localhost:3000/:0
[ 2900464ms] [WARNING] The resource http://localhost:3000/_next/image?url=%2Flogo%2Flogo.webp&w=384&q=75 was preloaded using link preload but not used within a few seconds from the window's load event. Please make sure it has an appropriate `as` value and it is preloaded intentionally. @ http://localhost:3000/:0
[ 2905804ms] [WARNING] The resource http://localhost:3000/_next/image?url=%2Fbest%20shots%2FProduct%20image%2Fproduct-bodywash.webp&w=3840&q=75 was preloaded using link preload but not used within a few seconds from the window's load event. Please make sure it has an appropriate `as` value and it is preloaded intentionally. @ http://localhost:3000/:0
[ 2905804ms] [WARNING] The resource http://localhost:3000/_next/image?url=%2Flogo%2Flogo.webp&w=384&q=75 was preloaded using link preload but not used within a few seconds from the window's load event. Please make sure it has an appropriate `as` value and it is preloaded intentionally. @ http://localhost:3000/:0
[ 2915534ms] [WARNING] The resource http://localhost:3000/_next/image?url=%2Fbest%20shots%2FProduct%20image%2Fproduct-bodywash.webp&w=3840&q=75 was preloaded using link preload but not used within a few seconds from the window's load event. Please make sure it has an appropriate `as` value and it is preloaded intentionally. @ http://localhost:3000/:0
[ 2915534ms] [WARNING] The resource http://localhost:3000/_next/image?url=%2Flogo%2Flogo.webp&w=384&q=75 was preloaded using link preload but not used within a few seconds from the window's load event. Please make sure it has an appropriate `as` value and it is preloaded intentionally. @ http://localhost:3000/:0
[ 2920837ms] [WARNING] The resource http://localhost:3000/_next/image?url=%2Fbest%20shots%2FProduct%20image%2Fproduct-bodywash.webp&w=3840&q=75 was preloaded using link preload but not used within a few seconds from the window's load event. Please make sure it has an appropriate `as` value and it is preloaded intentionally. @ http://localhost:3000/:0
[ 2920837ms] [WARNING] The resource http://localhost:3000/_next/image?url=%2Flogo%2Flogo.webp&w=384&q=75 was preloaded using link preload but not used within a few seconds from the window's load event. Please make sure it has an appropriate `as` value and it is preloaded intentionally. @ http://localhost:3000/:0
[ 2930606ms] [WARNING] The resource http://localhost:3000/_next/image?url=%2Fbest%20shots%2FProduct%20image%2Fproduct-bodywash.webp&w=3840&q=75 was preloaded using link preload but not used within a few seconds from the window's load event. Please make sure it has an appropriate `as` value and it is preloaded intentionally. @ http://localhost:3000/:0
[ 2930607ms] [WARNING] The resource http://localhost:3000/_next/image?url=%2Flogo%2Flogo.webp&w=384&q=75 was preloaded using link preload but not used within a few seconds from the window's load event. Please make sure it has an appropriate `as` value and it is preloaded intentionally. @ http://localhost:3000/:0
[ 2935904ms] [WARNING] The resource http://localhost:3000/_next/image?url=%2Fbest%20shots%2FProduct%20image%2Fproduct-bodywash.webp&w=3840&q=75 was preloaded using link preload but not used within a few seconds from the window's load event. Please make sure it has an appropriate `as` value and it is preloaded intentionally. @ http://localhost:3000/:0
[ 2935904ms] [WARNING] The resource http://localhost:3000/_next/image?url=%2Flogo%2Flogo.webp&w=384&q=75 was preloaded using link preload but not used within a few seconds from the window's load event. Please make sure it has an appropriate `as` value and it is preloaded intentionally. @ http://localhost:3000/:0
[ 2945665ms] [WARNING] The resource http://localhost:3000/_next/image?url=%2Fbest%20shots%2FProduct%20image%2Fproduct-bodywash.webp&w=3840&q=75 was preloaded using link preload but not used within a few seconds from the window's load event. Please make sure it has an appropriate `as` value and it is preloaded intentionally. @ http://localhost:3000/:0
[ 2945665ms] [WARNING] The resource http://localhost:3000/_next/image?url=%2Flogo%2Flogo.webp&w=384&q=75 was preloaded using link preload but not used within a few seconds from the window's load event. Please make sure it has an appropriate `as` value and it is preloaded intentionally. @ http://localhost:3000/:0
[ 2951004ms] [WARNING] The resource http://localhost:3000/_next/image?url=%2Fbest%20shots%2FProduct%20image%2Fproduct-bodywash.webp&w=3840&q=75 was preloaded using link preload but not used within a few seconds from the window's load event. Please make sure it has an appropriate `as` value and it is preloaded intentionally. @ http://localhost:3000/:0
[ 2951004ms] [WARNING] The resource http://localhost:3000/_next/image?url=%2Flogo%2Flogo.webp&w=384&q=75 was preloaded using link preload but not used within a few seconds from the window's load event. Please make sure it has an appropriate `as` value and it is preloaded intentionally. @ http://localhost:3000/:0
[ 2960751ms] [WARNING] The resource http://localhost:3000/_next/image?url=%2Fbest%20shots%2FProduct%20image%2Fproduct-bodywash.webp&w=3840&q=75 was preloaded using link preload but not used within a few seconds from the window's load event. Please make sure it has an appropriate `as` value and it is preloaded intentionally. @ http://localhost:3000/:0
[ 2960751ms] [WARNING] The resource http://localhost:3000/_next/image?url=%2Flogo%2Flogo.webp&w=384&q=75 was preloaded using link preload but not used within a few seconds from the window's load event. Please make sure it has an appropriate `as` value and it is preloaded intentionally. @ http://localhost:3000/:0
[ 2966005ms] [WARNING] The resource http://localhost:3000/_next/image?url=%2Fbest%20shots%2FProduct%20image%2Fproduct-bodywash.webp&w=3840&q=75 was preloaded using link preload but not used within a few seconds from the window's load event. Please make sure it has an appropriate `as` value and it is preloaded intentionally. @ http://localhost:3000/:0
[ 2966005ms] [WARNING] The resource http://localhost:3000/_next/image?url=%2Flogo%2Flogo.webp&w=384&q=75 was preloaded using link preload but not used within a few seconds from the window's load event. Please make sure it has an appropriate `as` value and it is preloaded intentionally. @ http://localhost:3000/:0
[ 2975822ms] [WARNING] The resource http://localhost:3000/_next/image?url=%2Fbest%20shots%2FProduct%20image%2Fproduct-bodywash.webp&w=3840&q=75 was preloaded using link preload but not used within a few seconds from the window's load event. Please make sure it has an appropriate `as` value and it is preloaded intentionally. @ http://localhost:3000/:0
[ 2975822ms] [WARNING] The resource http://localhost:3000/_next/image?url=%2Flogo%2Flogo.webp&w=384&q=75 was preloaded using link preload but not used within a few seconds from the window's load event. Please make sure it has an appropriate `as` value and it is preloaded intentionally. @ http://localhost:3000/:0
[ 2981151ms] [WARNING] The resource http://localhost:3000/_next/image?url=%2Fbest%20shots%2FProduct%20image%2Fproduct-bodywash.webp&w=3840&q=75 was preloaded using link preload but not used within a few seconds from the window's load event. Please make sure it has an appropriate `as` value and it is preloaded intentionally. @ http://localhost:3000/:0
[ 2981151ms] [WARNING] The resource http://localhost:3000/_next/image?url=%2Flogo%2Flogo.webp&w=384&q=75 was preloaded using link preload but not used within a few seconds from the window's load event. Please make sure it has an appropriate `as` value and it is preloaded intentionally. @ http://localhost:3000/:0
[ 2990889ms] [WARNING] The resource http://localhost:3000/_next/image?url=%2Fbest%20shots%2FProduct%20image%2Fproduct-bodywash.webp&w=3840&q=75 was preloaded using link preload but not used within a few seconds from the window's load event. Please make sure it has an appropriate `as` value and it is preloaded intentionally. @ http://localhost:3000/:0
[ 2990889ms] [WARNING] The resource http://localhost:3000/_next/image?url=%2Flogo%2Flogo.webp&w=384&q=75 was preloaded using link preload but not used within a few seconds from the window's load event. Please make sure it has an appropriate `as` value and it is preloaded intentionally. @ http://localhost:3000/:0
[ 2996131ms] [WARNING] The resource http://localhost:3000/_next/image?url=%2Fbest%20shots%2FProduct%20image%2Fproduct-bodywash.webp&w=3840&q=75 was preloaded using link preload but not used within a few seconds from the window's load event. Please make sure it has an appropriate `as` value and it is preloaded intentionally. @ http://localhost:3000/:0
[ 2996131ms] [WARNING] The resource http://localhost:3000/_next/image?url=%2Flogo%2Flogo.webp&w=384&q=75 was preloaded using link preload but not used within a few seconds from the window's load event. Please make sure it has an appropriate `as` value and it is preloaded intentionally. @ http://localhost:3000/:0
[ 3005956ms] [WARNING] The resource http://localhost:3000/_next/image?url=%2Fbest%20shots%2FProduct%20image%2Fproduct-bodywash.webp&w=3840&q=75 was preloaded using link preload but not used within a few seconds from the window's load event. Please make sure it has an appropriate `as` value and it is preloaded intentionally. @ http://localhost:3000/:0
[ 3005956ms] [WARNING] The resource http://localhost:3000/_next/image?url=%2Flogo%2Flogo.webp&w=384&q=75 was preloaded using link preload but not used within a few seconds from the window's load event. Please make sure it has an appropriate `as` value and it is preloaded intentionally. @ http://localhost:3000/:0
[ 3011221ms] [WARNING] The resource http://localhost:3000/_next/image?url=%2Fbest%20shots%2FProduct%20image%2Fproduct-bodywash.webp&w=3840&q=75 was preloaded using link preload but not used within a few seconds from the window's load event. Please make sure it has an appropriate `as` value and it is preloaded intentionally. @ http://localhost:3000/:0
[ 3011221ms] [WARNING] The resource http://localhost:3000/_next/image?url=%2Flogo%2Flogo.webp&w=384&q=75 was preloaded using link preload but not used within a few seconds from the window's load event. Please make sure it has an appropriate `as` value and it is preloaded intentionally. @ http://localhost:3000/:0
[ 3021033ms] [WARNING] The resource http://localhost:3000/_next/image?url=%2Fbest%20shots%2FProduct%20image%2Fproduct-bodywash.webp&w=3840&q=75 was preloaded using link preload but not used within a few seconds from the window's load event. Please make sure it has an appropriate `as` value and it is preloaded intentionally. @ http://localhost:3000/:0
[ 3021033ms] [WARNING] The resource http://localhost:3000/_next/image?url=%2Flogo%2Flogo.webp&w=384&q=75 was preloaded using link preload but not used within a few seconds from the window's load event. Please make sure it has an appropriate `as` value and it is preloaded intentionally. @ http://localhost:3000/:0
[ 3026289ms] [WARNING] The resource http://localhost:3000/_next/image?url=%2Fbest%20shots%2FProduct%20image%2Fproduct-bodywash.webp&w=3840&q=75 was preloaded using link preload but not used within a few seconds from the window's load event. Please make sure it has an appropriate `as` value and it is preloaded intentionally. @ http://localhost:3000/:0
[ 3026289ms] [WARNING] The resource http://localhost:3000/_next/image?url=%2Flogo%2Flogo.webp&w=384&q=75 was preloaded using link preload but not used within a few seconds from the window's load event. Please make sure it has an appropriate `as` value and it is preloaded intentionally. @ http://localhost:3000/:0
[ 3036097ms] [WARNING] The resource http://localhost:3000/_next/image?url=%2Fbest%20shots%2FProduct%20image%2Fproduct-bodywash.webp&w=3840&q=75 was preloaded using link preload but not used within a few seconds from the window's load event. Please make sure it has an appropriate `as` value and it is preloaded intentionally. @ http://localhost:3000/:0
[ 3036097ms] [WARNING] The resource http://localhost:3000/_next/image?url=%2Flogo%2Flogo.webp&w=384&q=75 was preloaded using link preload but not used within a few seconds from the window's load event. Please make sure it has an appropriate `as` value and it is preloaded intentionally. @ http://localhost:3000/:0
[ 3041356ms] [WARNING] The resource http://localhost:3000/_next/image?url=%2Fbest%20shots%2FProduct%20image%2Fproduct-bodywash.webp&w=3840&q=75 was preloaded using link preload but not used within a few seconds from the window's load event. Please make sure it has an appropriate `as` value and it is preloaded intentionally. @ http://localhost:3000/:0
[ 3041356ms] [WARNING] The resource http://localhost:3000/_next/image?url=%2Flogo%2Flogo.webp&w=384&q=75 was preloaded using link preload but not used within a few seconds from the window's load event. Please make sure it has an appropriate `as` value and it is preloaded intentionally. @ http://localhost:3000/:0
[ 3051174ms] [WARNING] The resource http://localhost:3000/_next/image?url=%2Fbest%20shots%2FProduct%20image%2Fproduct-bodywash.webp&w=3840&q=75 was preloaded using link preload but not used within a few seconds from the window's load event. Please make sure it has an appropriate `as` value and it is preloaded intentionally. @ http://localhost:3000/:0
[ 3051174ms] [WARNING] The resource http://localhost:3000/_next/image?url=%2Flogo%2Flogo.webp&w=384&q=75 was preloaded using link preload but not used within a few seconds from the window's load event. Please make sure it has an appropriate `as` value and it is preloaded intentionally. @ http://localhost:3000/:0
[ 3056503ms] [WARNING] The resource http://localhost:3000/_next/image?url=%2Fbest%20shots%2FProduct%20image%2Fproduct-bodywash.webp&w=3840&q=75 was preloaded using link preload but not used within a few seconds from the window's load event. Please make sure it has an appropriate `as` value and it is preloaded intentionally. @ http://localhost:3000/:0
[ 3056503ms] [WARNING] The resource http://localhost:3000/_next/image?url=%2Flogo%2Flogo.webp&w=384&q=75 was preloaded using link preload but not used within a few seconds from the window's load event. Please make sure it has an appropriate `as` value and it is preloaded intentionally. @ http://localhost:3000/:0
[ 3066235ms] [WARNING] The resource http://localhost:3000/_next/image?url=%2Fbest%20shots%2FProduct%20image%2Fproduct-bodywash.webp&w=3840&q=75 was preloaded using link preload but not used within a few seconds from the window's load event. Please make sure it has an appropriate `as` value and it is preloaded intentionally. @ http://localhost:3000/:0
[ 3066235ms] [WARNING] The resource http://localhost:3000/_next/image?url=%2Flogo%2Flogo.webp&w=384&q=75 was preloaded using link preload but not used within a few seconds from the window's load event. Please make sure it has an appropriate `as` value and it is preloaded intentionally. @ http://localhost:3000/:0
[ 3071491ms] [WARNING] The resource http://localhost:3000/_next/image?url=%2Fbest%20shots%2FProduct%20image%2Fproduct-bodywash.webp&w=3840&q=75 was preloaded using link preload but not used within a few seconds from the window's load event. Please make sure it has an appropriate `as` value and it is preloaded intentionally. @ http://localhost:3000/:0
[ 3071491ms] [WARNING] The resource http://localhost:3000/_next/image?url=%2Flogo%2Flogo.webp&w=384&q=75 was preloaded using link preload but not used within a few seconds from the window's load event. Please make sure it has an appropriate `as` value and it is preloaded intentionally. @ http://localhost:3000/:0
[ 3081301ms] [WARNING] The resource http://localhost:3000/_next/image?url=%2Fbest%20shots%2FProduct%20image%2Fproduct-bodywash.webp&w=3840&q=75 was preloaded using link preload but not used within a few seconds from the window's load event. Please make sure it has an appropriate `as` value and it is preloaded intentionally. @ http://localhost:3000/:0
[ 3081301ms] [WARNING] The resource http://localhost:3000/_next/image?url=%2Flogo%2Flogo.webp&w=384&q=75 was preloaded using link preload but not used within a few seconds from the window's load event. Please make sure it has an appropriate `as` value and it is preloaded intentionally. @ http://localhost:3000/:0
[ 3086644ms] [WARNING] The resource http://localhost:3000/_next/image?url=%2Fbest%20shots%2FProduct%20image%2Fproduct-bodywash.webp&w=3840&q=75 was preloaded using link preload but not used within a few seconds from the window's load event. Please make sure it has an appropriate `as` value and it is preloaded intentionally. @ http://localhost:3000/:0
[ 3086644ms] [WARNING] The resource http://localhost:3000/_next/image?url=%2Flogo%2Flogo.webp&w=384&q=75 was preloaded using link preload but not used within a few seconds from the window's load event. Please make sure it has an appropriate `as` value and it is preloaded intentionally. @ http://localhost:3000/:0
[ 3096374ms] [WARNING] The resource http://localhost:3000/_next/image?url=%2Fbest%20shots%2FProduct%20image%2Fproduct-bodywash.webp&w=3840&q=75 was preloaded using link preload but not used within a few seconds from the window's load event. Please make sure it has an appropriate `as` value and it is preloaded intentionally. @ http://localhost:3000/:0
[ 3096374ms] [WARNING] The resource http://localhost:3000/_next/image?url=%2Flogo%2Flogo.webp&w=384&q=75 was preloaded using link preload but not used within a few seconds from the window's load event. Please make sure it has an appropriate `as` value and it is preloaded intentionally. @ http://localhost:3000/:0
[ 3101622ms] [WARNING] The resource http://localhost:3000/_next/image?url=%2Fbest%20shots%2FProduct%20image%2Fproduct-bodywash.webp&w=3840&q=75 was preloaded using link preload but not used within a few seconds from the window's load event. Please make sure it has an appropriate `as` value and it is preloaded intentionally. @ http://localhost:3000/:0
[ 3101622ms] [WARNING] The resource http://localhost:3000/_next/image?url=%2Flogo%2Flogo.webp&w=384&q=75 was preloaded using link preload but not used within a few seconds from the window's load event. Please make sure it has an appropriate `as` value and it is preloaded intentionally. @ http://localhost:3000/:0
[ 3111430ms] [WARNING] The resource http://localhost:3000/_next/image?url=%2Fbest%20shots%2FProduct%20image%2Fproduct-bodywash.webp&w=3840&q=75 was preloaded using link preload but not used within a few seconds from the window's load event. Please make sure it has an appropriate `as` value and it is preloaded intentionally. @ http://localhost:3000/:0
[ 3111430ms] [WARNING] The resource http://localhost:3000/_next/image?url=%2Flogo%2Flogo.webp&w=384&q=75 was preloaded using link preload but not used within a few seconds from the window's load event. Please make sure it has an appropriate `as` value and it is preloaded intentionally. @ http://localhost:3000/:0
[ 3116692ms] [WARNING] The resource http://localhost:3000/_next/image?url=%2Fbest%20shots%2FProduct%20image%2Fproduct-bodywash.webp&w=3840&q=75 was preloaded using link preload but not used within a few seconds from the window's load event. Please make sure it has an appropriate `as` value and it is preloaded intentionally. @ http://localhost:3000/:0
[ 3116692ms] [WARNING] The resource http://localhost:3000/_next/image?url=%2Flogo%2Flogo.webp&w=384&q=75 was preloaded using link preload but not used within a few seconds from the window's load event. Please make sure it has an appropriate `as` value and it is preloaded intentionally. @ http://localhost:3000/:0
[ 3126521ms] [WARNING] The resource http://localhost:3000/_next/image?url=%2Fbest%20shots%2FProduct%20image%2Fproduct-bodywash.webp&w=3840&q=75 was preloaded using link preload but not used within a few seconds from the window's load event. Please make sure it has an appropriate `as` value and it is preloaded intentionally. @ http://localhost:3000/:0
[ 3126521ms] [WARNING] The resource http://localhost:3000/_next/image?url=%2Flogo%2Flogo.webp&w=384&q=75 was preloaded using link preload but not used within a few seconds from the window's load event. Please make sure it has an appropriate `as` value and it is preloaded intentionally. @ http://localhost:3000/:0
[ 3131752ms] [WARNING] The resource http://localhost:3000/_next/image?url=%2Fbest%20shots%2FProduct%20image%2Fproduct-bodywash.webp&w=3840&q=75 was preloaded using link preload but not used within a few seconds from the window's load event. Please make sure it has an appropriate `as` value and it is preloaded intentionally. @ http://localhost:3000/:0
[ 3131752ms] [WARNING] The resource http://localhost:3000/_next/image?url=%2Flogo%2Flogo.webp&w=384&q=75 was preloaded using link preload but not used within a few seconds from the window's load event. Please make sure it has an appropriate `as` value and it is preloaded intentionally. @ http://localhost:3000/:0
[ 3141587ms] [WARNING] The resource http://localhost:3000/_next/image?url=%2Fbest%20shots%2FProduct%20image%2Fproduct-bodywash.webp&w=3840&q=75 was preloaded using link preload but not used within a few seconds from the window's load event. Please make sure it has an appropriate `as` value and it is preloaded intentionally. @ http://localhost:3000/:0
[ 3141587ms] [WARNING] The resource http://localhost:3000/_next/image?url=%2Flogo%2Flogo.webp&w=384&q=75 was preloaded using link preload but not used within a few seconds from the window's load event. Please make sure it has an appropriate `as` value and it is preloaded intentionally. @ http://localhost:3000/:0
[ 3146826ms] [WARNING] The resource http://localhost:3000/_next/image?url=%2Fbest%20shots%2FProduct%20image%2Fproduct-bodywash.webp&w=3840&q=75 was preloaded using link preload but not used within a few seconds from the window's load event. Please make sure it has an appropriate `as` value and it is preloaded intentionally. @ http://localhost:3000/:0
[ 3146826ms] [WARNING] The resource http://localhost:3000/_next/image?url=%2Flogo%2Flogo.webp&w=384&q=75 was preloaded using link preload but not used within a few seconds from the window's load event. Please make sure it has an appropriate `as` value and it is preloaded intentionally. @ http://localhost:3000/:0
[ 3156659ms] [WARNING] The resource http://localhost:3000/_next/image?url=%2Fbest%20shots%2FProduct%20image%2Fproduct-bodywash.webp&w=3840&q=75 was preloaded using link preload but not used within a few seconds from the window's load event. Please make sure it has an appropriate `as` value and it is preloaded intentionally. @ http://localhost:3000/:0
[ 3156660ms] [WARNING] The resource http://localhost:3000/_next/image?url=%2Flogo%2Flogo.webp&w=384&q=75 was preloaded using link preload but not used within a few seconds from the window's load event. Please make sure it has an appropriate `as` value and it is preloaded intentionally. @ http://localhost:3000/:0
[ 3161893ms] [WARNING] The resource http://localhost:3000/_next/image?url=%2Fbest%20shots%2FProduct%20image%2Fproduct-bodywash.webp&w=3840&q=75 was preloaded using link preload but not used within a few seconds from the window's load event. Please make sure it has an appropriate `as` value and it is preloaded intentionally. @ http://localhost:3000/:0
[ 3161893ms] [WARNING] The resource http://localhost:3000/_next/image?url=%2Flogo%2Flogo.webp&w=384&q=75 was preloaded using link preload but not used within a few seconds from the window's load event. Please make sure it has an appropriate `as` value and it is preloaded intentionally. @ http://localhost:3000/:0
[ 3171728ms] [WARNING] The resource http://localhost:3000/_next/image?url=%2Fbest%20shots%2FProduct%20image%2Fproduct-bodywash.webp&w=3840&q=75 was preloaded using link preload but not used within a few seconds from the window's load event. Please make sure it has an appropriate `as` value and it is preloaded intentionally. @ http://localhost:3000/:0
[ 3171729ms] [WARNING] The resource http://localhost:3000/_next/image?url=%2Flogo%2Flogo.webp&w=384&q=75 was preloaded using link preload but not used within a few seconds from the window's load event. Please make sure it has an appropriate `as` value and it is preloaded intentionally. @ http://localhost:3000/:0
[ 3176972ms] [WARNING] The resource http://localhost:3000/_next/image?url=%2Fbest%20shots%2FProduct%20image%2Fproduct-bodywash.webp&w=3840&q=75 was preloaded using link preload but not used within a few seconds from the window's load event. Please make sure it has an appropriate `as` value and it is preloaded intentionally. @ http://localhost:3000/:0
[ 3176972ms] [WARNING] The resource http://localhost:3000/_next/image?url=%2Flogo%2Flogo.webp&w=384&q=75 was preloaded using link preload but not used within a few seconds from the window's load event. Please make sure it has an appropriate `as` value and it is preloaded intentionally. @ http://localhost:3000/:0
[ 3186787ms] [WARNING] The resource http://localhost:3000/_next/image?url=%2Fbest%20shots%2FProduct%20image%2Fproduct-bodywash.webp&w=3840&q=75 was preloaded using link preload but not used within a few seconds from the window's load event. Please make sure it has an appropriate `as` value and it is preloaded intentionally. @ http://localhost:3000/:0
[ 3186787ms] [WARNING] The resource http://localhost:3000/_next/image?url=%2Flogo%2Flogo.webp&w=384&q=75 was preloaded using link preload but not used within a few seconds from the window's load event. Please make sure it has an appropriate `as` value and it is preloaded intentionally. @ http://localhost:3000/:0
[ 3192037ms] [WARNING] The resource http://localhost:3000/_next/image?url=%2Fbest%20shots%2FProduct%20image%2Fproduct-bodywash.webp&w=3840&q=75 was preloaded using link preload but not used within a few seconds from the window's load event. Please make sure it has an appropriate `as` value and it is preloaded intentionally. @ http://localhost:3000/:0
[ 3192038ms] [WARNING] The resource http://localhost:3000/_next/image?url=%2Flogo%2Flogo.webp&w=384&q=75 was preloaded using link preload but not used within a few seconds from the window's load event. Please make sure it has an appropriate `as` value and it is preloaded intentionally. @ http://localhost:3000/:0
[ 3201860ms] [WARNING] The resource http://localhost:3000/_next/image?url=%2Fbest%20shots%2FProduct%20image%2Fproduct-bodywash.webp&w=3840&q=75 was preloaded using link preload but not used within a few seconds from the window's load event. Please make sure it has an appropriate `as` value and it is preloaded intentionally. @ http://localhost:3000/:0
[ 3201860ms] [WARNING] The resource http://localhost:3000/_next/image?url=%2Flogo%2Flogo.webp&w=384&q=75 was preloaded using link preload but not used within a few seconds from the window's load event. Please make sure it has an appropriate `as` value and it is preloaded intentionally. @ http://localhost:3000/:0
[ 3207090ms] [WARNING] The resource http://localhost:3000/_next/image?url=%2Fbest%20shots%2FProduct%20image%2Fproduct-bodywash.webp&w=3840&q=75 was preloaded using link preload but not used within a few seconds from the window's load event. Please make sure it has an appropriate `as` value and it is preloaded intentionally. @ http://localhost:3000/:0
[ 3207090ms] [WARNING] The resource http://localhost:3000/_next/image?url=%2Flogo%2Flogo.webp&w=384&q=75 was preloaded using link preload but not used within a few seconds from the window's load event. Please make sure it has an appropriate `as` value and it is preloaded intentionally. @ http://localhost:3000/:0
[ 3216925ms] [WARNING] The resource http://localhost:3000/_next/image?url=%2Fbest%20shots%2FProduct%20image%2Fproduct-bodywash.webp&w=3840&q=75 was preloaded using link preload but not used within a few seconds from the window's load event. Please make sure it has an appropriate `as` value and it is preloaded intentionally. @ http://localhost:3000/:0
[ 3216925ms] [WARNING] The resource http://localhost:3000/_next/image?url=%2Flogo%2Flogo.webp&w=384&q=75 was preloaded using link preload but not used within a few seconds from the window's load event. Please make sure it has an appropriate `as` value and it is preloaded intentionally. @ http://localhost:3000/:0
[ 3222161ms] [WARNING] The resource http://localhost:3000/_next/image?url=%2Fbest%20shots%2FProduct%20image%2Fproduct-bodywash.webp&w=3840&q=75 was preloaded using link preload but not used within a few seconds from the window's load event. Please make sure it has an appropriate `as` value and it is preloaded intentionally. @ http://localhost:3000/:0
[ 3222161ms] [WARNING] The resource http://localhost:3000/_next/image?url=%2Flogo%2Flogo.webp&w=384&q=75 was preloaded using link preload but not used within a few seconds from the window's load event. Please make sure it has an appropriate `as` value and it is preloaded intentionally. @ http://localhost:3000/:0
[ 3231996ms] [WARNING] The resource http://localhost:3000/_next/image?url=%2Fbest%20shots%2FProduct%20image%2Fproduct-bodywash.webp&w=3840&q=75 was preloaded using link preload but not used within a few seconds from the window's load event. Please make sure it has an appropriate `as` value and it is preloaded intentionally. @ http://localhost:3000/:0
[ 3231996ms] [WARNING] The resource http://localhost:3000/_next/image?url=%2Flogo%2Flogo.webp&w=384&q=75 was preloaded using link preload but not used within a few seconds from the window's load event. Please make sure it has an appropriate `as` value and it is preloaded intentionally. @ http://localhost:3000/:0
[ 3237228ms] [WARNING] The resource http://localhost:3000/_next/image?url=%2Fbest%20shots%2FProduct%20image%2Fproduct-bodywash.webp&w=3840&q=75 was preloaded using link preload but not used within a few seconds from the window's load event. Please make sure it has an appropriate `as` value and it is preloaded intentionally. @ http://localhost:3000/:0
[ 3237228ms] [WARNING] The resource http://localhost:3000/_next/image?url=%2Flogo%2Flogo.webp&w=384&q=75 was preloaded using link preload but not used within a few seconds from the window's load event. Please make sure it has an appropriate `as` value and it is preloaded intentionally. @ http://localhost:3000/:0
[ 3247059ms] [WARNING] The resource http://localhost:3000/_next/image?url=%2Fbest%20shots%2FProduct%20image%2Fproduct-bodywash.webp&w=3840&q=75 was preloaded using link preload but not used within a few seconds from the window's load event. Please make sure it has an appropriate `as` value and it is preloaded intentionally. @ http://localhost:3000/:0
[ 3247059ms] [WARNING] The resource http://localhost:3000/_next/image?url=%2Flogo%2Flogo.webp&w=384&q=75 was preloaded using link preload but not used within a few seconds from the window's load event. Please make sure it has an appropriate `as` value and it is preloaded intentionally. @ http://localhost:3000/:0
[ 3252310ms] [WARNING] The resource http://localhost:3000/_next/image?url=%2Fbest%20shots%2FProduct%20image%2Fproduct-bodywash.webp&w=3840&q=75 was preloaded using link preload but not used within a few seconds from the window's load event. Please make sure it has an appropriate `as` value and it is preloaded intentionally. @ http://localhost:3000/:0
[ 3252310ms] [WARNING] The resource http://localhost:3000/_next/image?url=%2Flogo%2Flogo.webp&w=384&q=75 was preloaded using link preload but not used within a few seconds from the window's load event. Please make sure it has an appropriate `as` value and it is preloaded intentionally. @ http://localhost:3000/:0
[ 3262128ms] [WARNING] The resource http://localhost:3000/_next/image?url=%2Fbest%20shots%2FProduct%20image%2Fproduct-bodywash.webp&w=3840&q=75 was preloaded using link preload but not used within a few seconds from the window's load event. Please make sure it has an appropriate `as` value and it is preloaded intentionally. @ http://localhost:3000/:0
[ 3262128ms] [WARNING] The resource http://localhost:3000/_next/image?url=%2Flogo%2Flogo.webp&w=384&q=75 was preloaded using link preload but not used within a few seconds from the window's load event. Please make sure it has an appropriate `as` value and it is preloaded intentionally. @ http://localhost:3000/:0
[ 3267362ms] [WARNING] The resource http://localhost:3000/_next/image?url=%2Fbest%20shots%2FProduct%20image%2Fproduct-bodywash.webp&w=3840&q=75 was preloaded using link preload but not used within a few seconds from the window's load event. Please make sure it has an appropriate `as` value and it is preloaded intentionally. @ http://localhost:3000/:0
[ 3267362ms] [WARNING] The resource http://localhost:3000/_next/image?url=%2Flogo%2Flogo.webp&w=384&q=75 was preloaded using link preload but not used within a few seconds from the window's load event. Please make sure it has an appropriate `as` value and it is preloaded intentionally. @ http://localhost:3000/:0
[ 3277191ms] [WARNING] The resource http://localhost:3000/_next/image?url=%2Fbest%20shots%2FProduct%20image%2Fproduct-bodywash.webp&w=3840&q=75 was preloaded using link preload but not used within a few seconds from the window's load event. Please make sure it has an appropriate `as` value and it is preloaded intentionally. @ http://localhost:3000/:0
[ 3277191ms] [WARNING] The resource http://localhost:3000/_next/image?url=%2Flogo%2Flogo.webp&w=384&q=75 was preloaded using link preload but not used within a few seconds from the window's load event. Please make sure it has an appropriate `as` value and it is preloaded intentionally. @ http://localhost:3000/:0
[ 3282431ms] [WARNING] The resource http://localhost:3000/_next/image?url=%2Fbest%20shots%2FProduct%20image%2Fproduct-bodywash.webp&w=3840&q=75 was preloaded using link preload but not used within a few seconds from the window's load event. Please make sure it has an appropriate `as` value and it is preloaded intentionally. @ http://localhost:3000/:0
[ 3282431ms] [WARNING] The resource http://localhost:3000/_next/image?url=%2Flogo%2Flogo.webp&w=384&q=75 was preloaded using link preload but not used within a few seconds from the window's load event. Please make sure it has an appropriate `as` value and it is preloaded intentionally. @ http://localhost:3000/:0
[ 3292261ms] [WARNING] The resource http://localhost:3000/_next/image?url=%2Fbest%20shots%2FProduct%20image%2Fproduct-bodywash.webp&w=3840&q=75 was preloaded using link preload but not used within a few seconds from the window's load event. Please make sure it has an appropriate `as` value and it is preloaded intentionally. @ http://localhost:3000/:0
[ 3292261ms] [WARNING] The resource http://localhost:3000/_next/image?url=%2Flogo%2Flogo.webp&w=384&q=75 was preloaded using link preload but not used within a few seconds from the window's load event. Please make sure it has an appropriate `as` value and it is preloaded intentionally. @ http://localhost:3000/:0
[ 3297504ms] [WARNING] The resource http://localhost:3000/_next/image?url=%2Fbest%20shots%2FProduct%20image%2Fproduct-bodywash.webp&w=3840&q=75 was preloaded using link preload but not used within a few seconds from the window's load event. Please make sure it has an appropriate `as` value and it is preloaded intentionally. @ http://localhost:3000/:0
[ 3297504ms] [WARNING] The resource http://localhost:3000/_next/image?url=%2Flogo%2Flogo.webp&w=384&q=75 was preloaded using link preload but not used within a few seconds from the window's load event. Please make sure it has an appropriate `as` value and it is preloaded intentionally. @ http://localhost:3000/:0
[ 3307343ms] [WARNING] The resource http://localhost:3000/_next/image?url=%2Fbest%20shots%2FProduct%20image%2Fproduct-bodywash.webp&w=3840&q=75 was preloaded using link preload but not used within a few seconds from the window's load event. Please make sure it has an appropriate `as` value and it is preloaded intentionally. @ http://localhost:3000/:0
[ 3307343ms] [WARNING] The resource http://localhost:3000/_next/image?url=%2Flogo%2Flogo.webp&w=384&q=75 was preloaded using link preload but not used within a few seconds from the window's load event. Please make sure it has an appropriate `as` value and it is preloaded intentionally. @ http://localhost:3000/:0
[ 3312592ms] [WARNING] The resource http://localhost:3000/_next/image?url=%2Fbest%20shots%2FProduct%20image%2Fproduct-bodywash.webp&w=3840&q=75 was preloaded using link preload but not used within a few seconds from the window's load event. Please make sure it has an appropriate `as` value and it is preloaded intentionally. @ http://localhost:3000/:0
[ 3312592ms] [WARNING] The resource http://localhost:3000/_next/image?url=%2Flogo%2Flogo.webp&w=384&q=75 was preloaded using link preload but not used within a few seconds from the window's load event. Please make sure it has an appropriate `as` value and it is preloaded intentionally. @ http://localhost:3000/:0
[ 3322406ms] [WARNING] The resource http://localhost:3000/_next/image?url=%2Fbest%20shots%2FProduct%20image%2Fproduct-bodywash.webp&w=3840&q=75 was preloaded using link preload but not used within a few seconds from the window's load event. Please make sure it has an appropriate `as` value and it is preloaded intentionally. @ http://localhost:3000/:0
[ 3322406ms] [WARNING] The resource http://localhost:3000/_next/image?url=%2Flogo%2Flogo.webp&w=384&q=75 was preloaded using link preload but not used within a few seconds from the window's load event. Please make sure it has an appropriate `as` value and it is preloaded intentionally. @ http://localhost:3000/:0
[ 3327647ms] [WARNING] The resource http://localhost:3000/_next/image?url=%2Fbest%20shots%2FProduct%20image%2Fproduct-bodywash.webp&w=3840&q=75 was preloaded using link preload but not used within a few seconds from the window's load event. Please make sure it has an appropriate `as` value and it is preloaded intentionally. @ http://localhost:3000/:0
[ 3327647ms] [WARNING] The resource http://localhost:3000/_next/image?url=%2Flogo%2Flogo.webp&w=384&q=75 was preloaded using link preload but not used within a few seconds from the window's load event. Please make sure it has an appropriate `as` value and it is preloaded intentionally. @ http://localhost:3000/:0
[ 3337478ms] [WARNING] The resource http://localhost:3000/_next/image?url=%2Fbest%20shots%2FProduct%20image%2Fproduct-bodywash.webp&w=3840&q=75 was preloaded using link preload but not used within a few seconds from the window's load event. Please make sure it has an appropriate `as` value and it is preloaded intentionally. @ http://localhost:3000/:0
[ 3337479ms] [WARNING] The resource http://localhost:3000/_next/image?url=%2Flogo%2Flogo.webp&w=384&q=75 was preloaded using link preload but not used within a few seconds from the window's load event. Please make sure it has an appropriate `as` value and it is preloaded intentionally. @ http://localhost:3000/:0
[ 3342734ms] [WARNING] The resource http://localhost:3000/_next/image?url=%2Fbest%20shots%2FProduct%20image%2Fproduct-bodywash.webp&w=3840&q=75 was preloaded using link preload but not used within a few seconds from the window's load event. Please make sure it has an appropriate `as` value and it is preloaded intentionally. @ http://localhost:3000/:0
[ 3342734ms] [WARNING] The resource http://localhost:3000/_next/image?url=%2Flogo%2Flogo.webp&w=384&q=75 was preloaded using link preload but not used within a few seconds from the window's load event. Please make sure it has an appropriate `as` value and it is preloaded intentionally. @ http://localhost:3000/:0
[ 3352552ms] [WARNING] The resource http://localhost:3000/_next/image?url=%2Fbest%20shots%2FProduct%20image%2Fproduct-bodywash.webp&w=3840&q=75 was preloaded using link preload but not used within a few seconds from the window's load event. Please make sure it has an appropriate `as` value and it is preloaded intentionally. @ http://localhost:3000/:0
[ 3352552ms] [WARNING] The resource http://localhost:3000/_next/image?url=%2Flogo%2Flogo.webp&w=384&q=75 was preloaded using link preload but not used within a few seconds from the window's load event. Please make sure it has an appropriate `as` value and it is preloaded intentionally. @ http://localhost:3000/:0
[ 3357798ms] [WARNING] The resource http://localhost:3000/_next/image?url=%2Fbest%20shots%2FProduct%20image%2Fproduct-bodywash.webp&w=3840&q=75 was preloaded using link preload but not used within a few seconds from the window's load event. Please make sure it has an appropriate `as` value and it is preloaded intentionally. @ http://localhost:3000/:0
[ 3357798ms] [WARNING] The resource http://localhost:3000/_next/image?url=%2Flogo%2Flogo.webp&w=384&q=75 was preloaded using link preload but not used within a few seconds from the window's load event. Please make sure it has an appropriate `as` value and it is preloaded intentionally. @ http://localhost:3000/:0
[ 3367631ms] [WARNING] The resource http://localhost:3000/_next/image?url=%2Fbest%20shots%2FProduct%20image%2Fproduct-bodywash.webp&w=3840&q=75 was preloaded using link preload but not used within a few seconds from the window's load event. Please make sure it has an appropriate `as` value and it is preloaded intentionally. @ http://localhost:3000/:0
[ 3367631ms] [WARNING] The resource http://localhost:3000/_next/image?url=%2Flogo%2Flogo.webp&w=384&q=75 was preloaded using link preload but not used within a few seconds from the window's load event. Please make sure it has an appropriate `as` value and it is preloaded intentionally. @ http://localhost:3000/:0
[ 3372863ms] [WARNING] The resource http://localhost:3000/_next/image?url=%2Fbest%20shots%2FProduct%20image%2Fproduct-bodywash.webp&w=3840&q=75 was preloaded using link preload but not used within a few seconds from the window's load event. Please make sure it has an appropriate `as` value and it is preloaded intentionally. @ http://localhost:3000/:0
[ 3372863ms] [WARNING] The resource http://localhost:3000/_next/image?url=%2Flogo%2Flogo.webp&w=384&q=75 was preloaded using link preload but not used within a few seconds from the window's load event. Please make sure it has an appropriate `as` value and it is preloaded intentionally. @ http://localhost:3000/:0
[ 3382697ms] [WARNING] The resource http://localhost:3000/_next/image?url=%2Fbest%20shots%2FProduct%20image%2Fproduct-bodywash.webp&w=3840&q=75 was preloaded using link preload but not used within a few seconds from the window's load event. Please make sure it has an appropriate `as` value and it is preloaded intentionally. @ http://localhost:3000/:0
[ 3382697ms] [WARNING] The resource http://localhost:3000/_next/image?url=%2Flogo%2Flogo.webp&w=384&q=75 was preloaded using link preload but not used within a few seconds from the window's load event. Please make sure it has an appropriate `as` value and it is preloaded intentionally. @ http://localhost:3000/:0
[ 3388032ms] [WARNING] The resource http://localhost:3000/_next/image?url=%2Fbest%20shots%2FProduct%20image%2Fproduct-bodywash.webp&w=3840&q=75 was preloaded using link preload but not used within a few seconds from the window's load event. Please make sure it has an appropriate `as` value and it is preloaded intentionally. @ http://localhost:3000/:0
[ 3388032ms] [WARNING] The resource http://localhost:3000/_next/image?url=%2Flogo%2Flogo.webp&w=384&q=75 was preloaded using link preload but not used within a few seconds from the window's load event. Please make sure it has an appropriate `as` value and it is preloaded intentionally. @ http://localhost:3000/:0
[ 3397765ms] [WARNING] The resource http://localhost:3000/_next/image?url=%2Fbest%20shots%2FProduct%20image%2Fproduct-bodywash.webp&w=3840&q=75 was preloaded using link preload but not used within a few seconds from the window's load event. Please make sure it has an appropriate `as` value and it is preloaded intentionally. @ http://localhost:3000/:0
[ 3397765ms] [WARNING] The resource http://localhost:3000/_next/image?url=%2Flogo%2Flogo.webp&w=384&q=75 was preloaded using link preload but not used within a few seconds from the window's load event. Please make sure it has an appropriate `as` value and it is preloaded intentionally. @ http://localhost:3000/:0
[ 3403040ms] [WARNING] The resource http://localhost:3000/_next/image?url=%2Fbest%20shots%2FProduct%20image%2Fproduct-bodywash.webp&w=3840&q=75 was preloaded using link preload but not used within a few seconds from the window's load event. Please make sure it has an appropriate `as` value and it is preloaded intentionally. @ http://localhost:3000/:0
[ 3403040ms] [WARNING] The resource http://localhost:3000/_next/image?url=%2Flogo%2Flogo.webp&w=384&q=75 was preloaded using link preload but not used within a few seconds from the window's load event. Please make sure it has an appropriate `as` value and it is preloaded intentionally. @ http://localhost:3000/:0
[ 3412839ms] [WARNING] The resource http://localhost:3000/_next/image?url=%2Fbest%20shots%2FProduct%20image%2Fproduct-bodywash.webp&w=3840&q=75 was preloaded using link preload but not used within a few seconds from the window's load event. Please make sure it has an appropriate `as` value and it is preloaded intentionally. @ http://localhost:3000/:0
[ 3412839ms] [WARNING] The resource http://localhost:3000/_next/image?url=%2Flogo%2Flogo.webp&w=384&q=75 was preloaded using link preload but not used within a few seconds from the window's load event. Please make sure it has an appropriate `as` value and it is preloaded intentionally. @ http://localhost:3000/:0
[ 3418078ms] [WARNING] The resource http://localhost:3000/_next/image?url=%2Fbest%20shots%2FProduct%20image%2Fproduct-bodywash.webp&w=3840&q=75 was preloaded using link preload but not used within a few seconds from the window's load event. Please make sure it has an appropriate `as` value and it is preloaded intentionally. @ http://localhost:3000/:0
[ 3418078ms] [WARNING] The resource http://localhost:3000/_next/image?url=%2Flogo%2Flogo.webp&w=384&q=75 was preloaded using link preload but not used within a few seconds from the window's load event. Please make sure it has an appropriate `as` value and it is preloaded intentionally. @ http://localhost:3000/:0
[ 3427911ms] [WARNING] The resource http://localhost:3000/_next/image?url=%2Fbest%20shots%2FProduct%20image%2Fproduct-bodywash.webp&w=3840&q=75 was preloaded using link preload but not used within a few seconds from the window's load event. Please make sure it has an appropriate `as` value and it is preloaded intentionally. @ http://localhost:3000/:0
[ 3427911ms] [WARNING] The resource http://localhost:3000/_next/image?url=%2Flogo%2Flogo.webp&w=384&q=75 was preloaded using link preload but not used within a few seconds from the window's load event. Please make sure it has an appropriate `as` value and it is preloaded intentionally. @ http://localhost:3000/:0
[ 3433249ms] [WARNING] The resource http://localhost:3000/_next/image?url=%2Fbest%20shots%2FProduct%20image%2Fproduct-bodywash.webp&w=3840&q=75 was preloaded using link preload but not used within a few seconds from the window's load event. Please make sure it has an appropriate `as` value and it is preloaded intentionally. @ http://localhost:3000/:0
[ 3433249ms] [WARNING] The resource http://localhost:3000/_next/image?url=%2Flogo%2Flogo.webp&w=384&q=75 was preloaded using link preload but not used within a few seconds from the window's load event. Please make sure it has an appropriate `as` value and it is preloaded intentionally. @ http://localhost:3000/:0
[ 3442983ms] [WARNING] The resource http://localhost:3000/_next/image?url=%2Fbest%20shots%2FProduct%20image%2Fproduct-bodywash.webp&w=3840&q=75 was preloaded using link preload but not used within a few seconds from the window's load event. Please make sure it has an appropriate `as` value and it is preloaded intentionally. @ http://localhost:3000/:0
[ 3442983ms] [WARNING] The resource http://localhost:3000/_next/image?url=%2Flogo%2Flogo.webp&w=384&q=75 was preloaded using link preload but not used within a few seconds from the window's load event. Please make sure it has an appropriate `as` value and it is preloaded intentionally. @ http://localhost:3000/:0
[ 3448314ms] [WARNING] The resource http://localhost:3000/_next/image?url=%2Fbest%20shots%2FProduct%20image%2Fproduct-bodywash.webp&w=3840&q=75 was preloaded using link preload but not used within a few seconds from the window's load event. Please make sure it has an appropriate `as` value and it is preloaded intentionally. @ http://localhost:3000/:0
[ 3448315ms] [WARNING] The resource http://localhost:3000/_next/image?url=%2Flogo%2Flogo.webp&w=384&q=75 was preloaded using link preload but not used within a few seconds from the window's load event. Please make sure it has an appropriate `as` value and it is preloaded intentionally. @ http://localhost:3000/:0
[ 3458048ms] [WARNING] The resource http://localhost:3000/_next/image?url=%2Fbest%20shots%2FProduct%20image%2Fproduct-bodywash.webp&w=3840&q=75 was preloaded using link preload but not used within a few seconds from the window's load event. Please make sure it has an appropriate `as` value and it is preloaded intentionally. @ http://localhost:3000/:0
[ 3458048ms] [WARNING] The resource http://localhost:3000/_next/image?url=%2Flogo%2Flogo.webp&w=384&q=75 was preloaded using link preload but not used within a few seconds from the window's load event. Please make sure it has an appropriate `as` value and it is preloaded intentionally. @ http://localhost:3000/:0
[ 3463379ms] [WARNING] The resource http://localhost:3000/_next/image?url=%2Fbest%20shots%2FProduct%20image%2Fproduct-bodywash.webp&w=3840&q=75 was preloaded using link preload but not used within a few seconds from the window's load event. Please make sure it has an appropriate `as` value and it is preloaded intentionally. @ http://localhost:3000/:0
[ 3463379ms] [WARNING] The resource http://localhost:3000/_next/image?url=%2Flogo%2Flogo.webp&w=384&q=75 was preloaded using link preload but not used within a few seconds from the window's load event. Please make sure it has an appropriate `as` value and it is preloaded intentionally. @ http://localhost:3000/:0
[ 3473123ms] [WARNING] The resource http://localhost:3000/_next/image?url=%2Fbest%20shots%2FProduct%20image%2Fproduct-bodywash.webp&w=3840&q=75 was preloaded using link preload but not used within a few seconds from the window's load event. Please make sure it has an appropriate `as` value and it is preloaded intentionally. @ http://localhost:3000/:0
[ 3473123ms] [WARNING] The resource http://localhost:3000/_next/image?url=%2Flogo%2Flogo.webp&w=384&q=75 was preloaded using link preload but not used within a few seconds from the window's load event. Please make sure it has an appropriate `as` value and it is preloaded intentionally. @ http://localhost:3000/:0
[ 3478359ms] [WARNING] The resource http://localhost:3000/_next/image?url=%2Fbest%20shots%2FProduct%20image%2Fproduct-bodywash.webp&w=3840&q=75 was preloaded using link preload but not used within a few seconds from the window's load event. Please make sure it has an appropriate `as` value and it is preloaded intentionally. @ http://localhost:3000/:0
[ 3478359ms] [WARNING] The resource http://localhost:3000/_next/image?url=%2Flogo%2Flogo.webp&w=384&q=75 was preloaded using link preload but not used within a few seconds from the window's load event. Please make sure it has an appropriate `as` value and it is preloaded intentionally. @ http://localhost:3000/:0
[ 3488184ms] [WARNING] The resource http://localhost:3000/_next/image?url=%2Fbest%20shots%2FProduct%20image%2Fproduct-bodywash.webp&w=3840&q=75 was preloaded using link preload but not used within a few seconds from the window's load event. Please make sure it has an appropriate `as` value and it is preloaded intentionally. @ http://localhost:3000/:0
[ 3488184ms] [WARNING] The resource http://localhost:3000/_next/image?url=%2Flogo%2Flogo.webp&w=384&q=75 was preloaded using link preload but not used within a few seconds from the window's load event. Please make sure it has an appropriate `as` value and it is preloaded intentionally. @ http://localhost:3000/:0
[ 3493407ms] [WARNING] The resource http://localhost:3000/_next/image?url=%2Fbest%20shots%2FProduct%20image%2Fproduct-bodywash.webp&w=3840&q=75 was preloaded using link preload but not used within a few seconds from the window's load event. Please make sure it has an appropriate `as` value and it is preloaded intentionally. @ http://localhost:3000/:0
[ 3493407ms] [WARNING] The resource http://localhost:3000/_next/image?url=%2Flogo%2Flogo.webp&w=384&q=75 was preloaded using link preload but not used within a few seconds from the window's load event. Please make sure it has an appropriate `as` value and it is preloaded intentionally. @ http://localhost:3000/:0
[ 3503252ms] [WARNING] The resource http://localhost:3000/_next/image?url=%2Fbest%20shots%2FProduct%20image%2Fproduct-bodywash.webp&w=3840&q=75 was preloaded using link preload but not used within a few seconds from the window's load event. Please make sure it has an appropriate `as` value and it is preloaded intentionally. @ http://localhost:3000/:0
[ 3503252ms] [WARNING] The resource http://localhost:3000/_next/image?url=%2Flogo%2Flogo.webp&w=384&q=75 was preloaded using link preload but not used within a few seconds from the window's load event. Please make sure it has an appropriate `as` value and it is preloaded intentionally. @ http://localhost:3000/:0
[ 3508495ms] [WARNING] The resource http://localhost:3000/_next/image?url=%2Fbest%20shots%2FProduct%20image%2Fproduct-bodywash.webp&w=3840&q=75 was preloaded using link preload but not used within a few seconds from the window's load event. Please make sure it has an appropriate `as` value and it is preloaded intentionally. @ http://localhost:3000/:0
[ 3508495ms] [WARNING] The resource http://localhost:3000/_next/image?url=%2Flogo%2Flogo.webp&w=384&q=75 was preloaded using link preload but not used within a few seconds from the window's load event. Please make sure it has an appropriate `as` value and it is preloaded intentionally. @ http://localhost:3000/:0
[ 3518310ms] [WARNING] The resource http://localhost:3000/_next/image?url=%2Fbest%20shots%2FProduct%20image%2Fproduct-bodywash.webp&w=3840&q=75 was preloaded using link preload but not used within a few seconds from the window's load event. Please make sure it has an appropriate `as` value and it is preloaded intentionally. @ http://localhost:3000/:0
[ 3518310ms] [WARNING] The resource http://localhost:3000/_next/image?url=%2Flogo%2Flogo.webp&w=384&q=75 was preloaded using link preload but not used within a few seconds from the window's load event. Please make sure it has an appropriate `as` value and it is preloaded intentionally. @ http://localhost:3000/:0
[ 3523551ms] [WARNING] The resource http://localhost:3000/_next/image?url=%2Fbest%20shots%2FProduct%20image%2Fproduct-bodywash.webp&w=3840&q=75 was preloaded using link preload but not used within a few seconds from the window's load event. Please make sure it has an appropriate `as` value and it is preloaded intentionally. @ http://localhost:3000/:0
[ 3523551ms] [WARNING] The resource http://localhost:3000/_next/image?url=%2Flogo%2Flogo.webp&w=384&q=75 was preloaded using link preload but not used within a few seconds from the window's load event. Please make sure it has an appropriate `as` value and it is preloaded intentionally. @ http://localhost:3000/:0
[ 3533385ms] [WARNING] The resource http://localhost:3000/_next/image?url=%2Fbest%20shots%2FProduct%20image%2Fproduct-bodywash.webp&w=3840&q=75 was preloaded using link preload but not used within a few seconds from the window's load event. Please make sure it has an appropriate `as` value and it is preloaded intentionally. @ http://localhost:3000/:0
[ 3533385ms] [WARNING] The resource http://localhost:3000/_next/image?url=%2Flogo%2Flogo.webp&w=384&q=75 was preloaded using link preload but not used within a few seconds from the window's load event. Please make sure it has an appropriate `as` value and it is preloaded intentionally. @ http://localhost:3000/:0
[ 3538618ms] [WARNING] The resource http://localhost:3000/_next/image?url=%2Fbest%20shots%2FProduct%20image%2Fproduct-bodywash.webp&w=3840&q=75 was preloaded using link preload but not used within a few seconds from the window's load event. Please make sure it has an appropriate `as` value and it is preloaded intentionally. @ http://localhost:3000/:0
[ 3538618ms] [WARNING] The resource http://localhost:3000/_next/image?url=%2Flogo%2Flogo.webp&w=384&q=75 was preloaded using link preload but not used within a few seconds from the window's load event. Please make sure it has an appropriate `as` value and it is preloaded intentionally. @ http://localhost:3000/:0
[ 3548450ms] [WARNING] The resource http://localhost:3000/_next/image?url=%2Fbest%20shots%2FProduct%20image%2Fproduct-bodywash.webp&w=3840&q=75 was preloaded using link preload but not used within a few seconds from the window's load event. Please make sure it has an appropriate `as` value and it is preloaded intentionally. @ http://localhost:3000/:0
[ 3548450ms] [WARNING] The resource http://localhost:3000/_next/image?url=%2Flogo%2Flogo.webp&w=384&q=75 was preloaded using link preload but not used within a few seconds from the window's load event. Please make sure it has an appropriate `as` value and it is preloaded intentionally. @ http://localhost:3000/:0
[ 3553681ms] [WARNING] The resource http://localhost:3000/_next/image?url=%2Fbest%20shots%2FProduct%20image%2Fproduct-bodywash.webp&w=3840&q=75 was preloaded using link preload but not used within a few seconds from the window's load event. Please make sure it has an appropriate `as` value and it is preloaded intentionally. @ http://localhost:3000/:0
[ 3553681ms] [WARNING] The resource http://localhost:3000/_next/image?url=%2Flogo%2Flogo.webp&w=384&q=75 was preloaded using link preload but not used within a few seconds from the window's load event. Please make sure it has an appropriate `as` value and it is preloaded intentionally. @ http://localhost:3000/:0
[ 3563535ms] [WARNING] The resource http://localhost:3000/_next/image?url=%2Fbest%20shots%2FProduct%20image%2Fproduct-bodywash.webp&w=3840&q=75 was preloaded using link preload but not used within a few seconds from the window's load event. Please make sure it has an appropriate `as` value and it is preloaded intentionally. @ http://localhost:3000/:0
[ 3563535ms] [WARNING] The resource http://localhost:3000/_next/image?url=%2Flogo%2Flogo.webp&w=384&q=75 was preloaded using link preload but not used within a few seconds from the window's load event. Please make sure it has an appropriate `as` value and it is preloaded intentionally. @ http://localhost:3000/:0
[ 3568786ms] [WARNING] The resource http://localhost:3000/_next/image?url=%2Fbest%20shots%2FProduct%20image%2Fproduct-bodywash.webp&w=3840&q=75 was preloaded using link preload but not used within a few seconds from the window's load event. Please make sure it has an appropriate `as` value and it is preloaded intentionally. @ http://localhost:3000/:0
[ 3568786ms] [WARNING] The resource http://localhost:3000/_next/image?url=%2Flogo%2Flogo.webp&w=384&q=75 was preloaded using link preload but not used within a few seconds from the window's load event. Please make sure it has an appropriate `as` value and it is preloaded intentionally. @ http://localhost:3000/:0
[ 3578604ms] [WARNING] The resource http://localhost:3000/_next/image?url=%2Fbest%20shots%2FProduct%20image%2Fproduct-bodywash.webp&w=3840&q=75 was preloaded using link preload but not used within a few seconds from the window's load event. Please make sure it has an appropriate `as` value and it is preloaded intentionally. @ http://localhost:3000/:0
[ 3578604ms] [WARNING] The resource http://localhost:3000/_next/image?url=%2Flogo%2Flogo.webp&w=384&q=75 was preloaded using link preload but not used within a few seconds from the window's load event. Please make sure it has an appropriate `as` value and it is preloaded intentionally. @ http://localhost:3000/:0
[ 3583843ms] [WARNING] The resource http://localhost:3000/_next/image?url=%2Fbest%20shots%2FProduct%20image%2Fproduct-bodywash.webp&w=3840&q=75 was preloaded using link preload but not used within a few seconds from the window's load event. Please make sure it has an appropriate `as` value and it is preloaded intentionally. @ http://localhost:3000/:0
[ 3583843ms] [WARNING] The resource http://localhost:3000/_next/image?url=%2Flogo%2Flogo.webp&w=384&q=75 was preloaded using link preload but not used within a few seconds from the window's load event. Please make sure it has an appropriate `as` value and it is preloaded intentionally. @ http://localhost:3000/:0
[ 3593670ms] [WARNING] The resource http://localhost:3000/_next/image?url=%2Fbest%20shots%2FProduct%20image%2Fproduct-bodywash.webp&w=3840&q=75 was preloaded using link preload but not used within a few seconds from the window's load event. Please make sure it has an appropriate `as` value and it is preloaded intentionally. @ http://localhost:3000/:0
[ 3593670ms] [WARNING] The resource http://localhost:3000/_next/image?url=%2Flogo%2Flogo.webp&w=384&q=75 was preloaded using link preload but not used within a few seconds from the window's load event. Please make sure it has an appropriate `as` value and it is preloaded intentionally. @ http://localhost:3000/:0
[ 3598913ms] [WARNING] The resource http://localhost:3000/_next/image?url=%2Fbest%20shots%2FProduct%20image%2Fproduct-bodywash.webp&w=3840&q=75 was preloaded using link preload but not used within a few seconds from the window's load event. Please make sure it has an appropriate `as` value and it is preloaded intentionally. @ http://localhost:3000/:0
[ 3598913ms] [WARNING] The resource http://localhost:3000/_next/image?url=%2Flogo%2Flogo.webp&w=384&q=75 was preloaded using link preload but not used within a few seconds from the window's load event. Please make sure it has an appropriate `as` value and it is preloaded intentionally. @ http://localhost:3000/:0
[ 3608733ms] [WARNING] The resource http://localhost:3000/_next/image?url=%2Fbest%20shots%2FProduct%20image%2Fproduct-bodywash.webp&w=3840&q=75 was preloaded using link preload but not used within a few seconds from the window's load event. Please make sure it has an appropriate `as` value and it is preloaded intentionally. @ http://localhost:3000/:0
[ 3608733ms] [WARNING] The resource http://localhost:3000/_next/image?url=%2Flogo%2Flogo.webp&w=384&q=75 was preloaded using link preload but not used within a few seconds from the window's load event. Please make sure it has an appropriate `as` value and it is preloaded intentionally. @ http://localhost:3000/:0
[ 3613960ms] [WARNING] The resource http://localhost:3000/_next/image?url=%2Fbest%20shots%2FProduct%20image%2Fproduct-bodywash.webp&w=3840&q=75 was preloaded using link preload but not used within a few seconds from the window's load event. Please make sure it has an appropriate `as` value and it is preloaded intentionally. @ http://localhost:3000/:0
[ 3613960ms] [WARNING] The resource http://localhost:3000/_next/image?url=%2Flogo%2Flogo.webp&w=384&q=75 was preloaded using link preload but not used within a few seconds from the window's load event. Please make sure it has an appropriate `as` value and it is preloaded intentionally. @ http://localhost:3000/:0
[ 3623802ms] [WARNING] The resource http://localhost:3000/_next/image?url=%2Fbest%20shots%2FProduct%20image%2Fproduct-bodywash.webp&w=3840&q=75 was preloaded using link preload but not used within a few seconds from the window's load event. Please make sure it has an appropriate `as` value and it is preloaded intentionally. @ http://localhost:3000/:0
[ 3623802ms] [WARNING] The resource http://localhost:3000/_next/image?url=%2Flogo%2Flogo.webp&w=384&q=75 was preloaded using link preload but not used within a few seconds from the window's load event. Please make sure it has an appropriate `as` value and it is preloaded intentionally. @ http://localhost:3000/:0
[ 3629038ms] [WARNING] The resource http://localhost:3000/_next/image?url=%2Fbest%20shots%2FProduct%20image%2Fproduct-bodywash.webp&w=3840&q=75 was preloaded using link preload but not used within a few seconds from the window's load event. Please make sure it has an appropriate `as` value and it is preloaded intentionally. @ http://localhost:3000/:0
[ 3629038ms] [WARNING] The resource http://localhost:3000/_next/image?url=%2Flogo%2Flogo.webp&w=384&q=75 was preloaded using link preload but not used within a few seconds from the window's load event. Please make sure it has an appropriate `as` value and it is preloaded intentionally. @ http://localhost:3000/:0
[ 3638871ms] [WARNING] The resource http://localhost:3000/_next/image?url=%2Fbest%20shots%2FProduct%20image%2Fproduct-bodywash.webp&w=3840&q=75 was preloaded using link preload but not used within a few seconds from the window's load event. Please make sure it has an appropriate `as` value and it is preloaded intentionally. @ http://localhost:3000/:0
[ 3638871ms] [WARNING] The resource http://localhost:3000/_next/image?url=%2Flogo%2Flogo.webp&w=384&q=75 was preloaded using link preload but not used within a few seconds from the window's load event. Please make sure it has an appropriate `as` value and it is preloaded intentionally. @ http://localhost:3000/:0
[ 3644108ms] [WARNING] The resource http://localhost:3000/_next/image?url=%2Fbest%20shots%2FProduct%20image%2Fproduct-bodywash.webp&w=3840&q=75 was preloaded using link preload but not used within a few seconds from the window's load event. Please make sure it has an appropriate `as` value and it is preloaded intentionally. @ http://localhost:3000/:0
[ 3644108ms] [WARNING] The resource http://localhost:3000/_next/image?url=%2Flogo%2Flogo.webp&w=384&q=75 was preloaded using link preload but not used within a few seconds from the window's load event. Please make sure it has an appropriate `as` value and it is preloaded intentionally. @ http://localhost:3000/:0
[ 3653934ms] [WARNING] The resource http://localhost:3000/_next/image?url=%2Fbest%20shots%2FProduct%20image%2Fproduct-bodywash.webp&w=3840&q=75 was preloaded using link preload but not used within a few seconds from the window's load event. Please make sure it has an appropriate `as` value and it is preloaded intentionally. @ http://localhost:3000/:0
[ 3653934ms] [WARNING] The resource http://localhost:3000/_next/image?url=%2Flogo%2Flogo.webp&w=384&q=75 was preloaded using link preload but not used within a few seconds from the window's load event. Please make sure it has an appropriate `as` value and it is preloaded intentionally. @ http://localhost:3000/:0
[ 3659176ms] [WARNING] The resource http://localhost:3000/_next/image?url=%2Fbest%20shots%2FProduct%20image%2Fproduct-bodywash.webp&w=3840&q=75 was preloaded using link preload but not used within a few seconds from the window's load event. Please make sure it has an appropriate `as` value and it is preloaded intentionally. @ http://localhost:3000/:0
[ 3659176ms] [WARNING] The resource http://localhost:3000/_next/image?url=%2Flogo%2Flogo.webp&w=384&q=75 was preloaded using link preload but not used within a few seconds from the window's load event. Please make sure it has an appropriate `as` value and it is preloaded intentionally. @ http://localhost:3000/:0
[ 3669005ms] [WARNING] The resource http://localhost:3000/_next/image?url=%2Fbest%20shots%2FProduct%20image%2Fproduct-bodywash.webp&w=3840&q=75 was preloaded using link preload but not used within a few seconds from the window's load event. Please make sure it has an appropriate `as` value and it is preloaded intentionally. @ http://localhost:3000/:0
[ 3669005ms] [WARNING] The resource http://localhost:3000/_next/image?url=%2Flogo%2Flogo.webp&w=384&q=75 was preloaded using link preload but not used within a few seconds from the window's load event. Please make sure it has an appropriate `as` value and it is preloaded intentionally. @ http://localhost:3000/:0
[ 3674238ms] [WARNING] The resource http://localhost:3000/_next/image?url=%2Fbest%20shots%2FProduct%20image%2Fproduct-bodywash.webp&w=3840&q=75 was preloaded using link preload but not used within a few seconds from the window's load event. Please make sure it has an appropriate `as` value and it is preloaded intentionally. @ http://localhost:3000/:0
[ 3674238ms] [WARNING] The resource http://localhost:3000/_next/image?url=%2Flogo%2Flogo.webp&w=384&q=75 was preloaded using link preload but not used within a few seconds from the window's load event. Please make sure it has an appropriate `as` value and it is preloaded intentionally. @ http://localhost:3000/:0
[ 3684065ms] [WARNING] The resource http://localhost:3000/_next/image?url=%2Fbest%20shots%2FProduct%20image%2Fproduct-bodywash.webp&w=3840&q=75 was preloaded using link preload but not used within a few seconds from the window's load event. Please make sure it has an appropriate `as` value and it is preloaded intentionally. @ http://localhost:3000/:0
[ 3684065ms] [WARNING] The resource http://localhost:3000/_next/image?url=%2Flogo%2Flogo.webp&w=384&q=75 was preloaded using link preload but not used within a few seconds from the window's load event. Please make sure it has an appropriate `as` value and it is preloaded intentionally. @ http://localhost:3000/:0
[ 3689305ms] [WARNING] The resource http://localhost:3000/_next/image?url=%2Fbest%20shots%2FProduct%20image%2Fproduct-bodywash.webp&w=3840&q=75 was preloaded using link preload but not used within a few seconds from the window's load event. Please make sure it has an appropriate `as` value and it is preloaded intentionally. @ http://localhost:3000/:0
[ 3689305ms] [WARNING] The resource http://localhost:3000/_next/image?url=%2Flogo%2Flogo.webp&w=384&q=75 was preloaded using link preload but not used within a few seconds from the window's load event. Please make sure it has an appropriate `as` value and it is preloaded intentionally. @ http://localhost:3000/:0
[ 3699134ms] [WARNING] The resource http://localhost:3000/_next/image?url=%2Fbest%20shots%2FProduct%20image%2Fproduct-bodywash.webp&w=3840&q=75 was preloaded using link preload but not used within a few seconds from the window's load event. Please make sure it has an appropriate `as` value and it is preloaded intentionally. @ http://localhost:3000/:0
[ 3699134ms] [WARNING] The resource http://localhost:3000/_next/image?url=%2Flogo%2Flogo.webp&w=384&q=75 was preloaded using link preload but not used within a few seconds from the window's load event. Please make sure it has an appropriate `as` value and it is preloaded intentionally. @ http://localhost:3000/:0
[ 3704381ms] [WARNING] The resource http://localhost:3000/_next/image?url=%2Fbest%20shots%2FProduct%20image%2Fproduct-bodywash.webp&w=3840&q=75 was preloaded using link preload but not used within a few seconds from the window's load event. Please make sure it has an appropriate `as` value and it is preloaded intentionally. @ http://localhost:3000/:0
[ 3704381ms] [WARNING] The resource http://localhost:3000/_next/image?url=%2Flogo%2Flogo.webp&w=384&q=75 was preloaded using link preload but not used within a few seconds from the window's load event. Please make sure it has an appropriate `as` value and it is preloaded intentionally. @ http://localhost:3000/:0
[ 3714205ms] [WARNING] The resource http://localhost:3000/_next/image?url=%2Fbest%20shots%2FProduct%20image%2Fproduct-bodywash.webp&w=3840&q=75 was preloaded using link preload but not used within a few seconds from the window's load event. Please make sure it has an appropriate `as` value and it is preloaded intentionally. @ http://localhost:3000/:0
[ 3714205ms] [WARNING] The resource http://localhost:3000/_next/image?url=%2Flogo%2Flogo.webp&w=384&q=75 was preloaded using link preload but not used within a few seconds from the window's load event. Please make sure it has an appropriate `as` value and it is preloaded intentionally. @ http://localhost:3000/:0
[ 3719456ms] [WARNING] The resource http://localhost:3000/_next/image?url=%2Fbest%20shots%2FProduct%20image%2Fproduct-bodywash.webp&w=3840&q=75 was preloaded using link preload but not used within a few seconds from the window's load event. Please make sure it has an appropriate `as` value and it is preloaded intentionally. @ http://localhost:3000/:0
[ 3719456ms] [WARNING] The resource http://localhost:3000/_next/image?url=%2Flogo%2Flogo.webp&w=384&q=75 was preloaded using link preload but not used within a few seconds from the window's load event. Please make sure it has an appropriate `as` value and it is preloaded intentionally. @ http://localhost:3000/:0
[ 3729278ms] [WARNING] The resource http://localhost:3000/_next/image?url=%2Fbest%20shots%2FProduct%20image%2Fproduct-bodywash.webp&w=3840&q=75 was preloaded using link preload but not used within a few seconds from the window's load event. Please make sure it has an appropriate `as` value and it is preloaded intentionally. @ http://localhost:3000/:0
[ 3729278ms] [WARNING] The resource http://localhost:3000/_next/image?url=%2Flogo%2Flogo.webp&w=384&q=75 was preloaded using link preload but not used within a few seconds from the window's load event. Please make sure it has an appropriate `as` value and it is preloaded intentionally. @ http://localhost:3000/:0
[ 3734536ms] [WARNING] The resource http://localhost:3000/_next/image?url=%2Fbest%20shots%2FProduct%20image%2Fproduct-bodywash.webp&w=3840&q=75 was preloaded using link preload but not used within a few seconds from the window's load event. Please make sure it has an appropriate `as` value and it is preloaded intentionally. @ http://localhost:3000/:0
[ 3734536ms] [WARNING] The resource http://localhost:3000/_next/image?url=%2Flogo%2Flogo.webp&w=384&q=75 was preloaded using link preload but not used within a few seconds from the window's load event. Please make sure it has an appropriate `as` value and it is preloaded intentionally. @ http://localhost:3000/:0
[ 3744347ms] [WARNING] The resource http://localhost:3000/_next/image?url=%2Fbest%20shots%2FProduct%20image%2Fproduct-bodywash.webp&w=3840&q=75 was preloaded using link preload but not used within a few seconds from the window's load event. Please make sure it has an appropriate `as` value and it is preloaded intentionally. @ http://localhost:3000/:0
[ 3744347ms] [WARNING] The resource http://localhost:3000/_next/image?url=%2Flogo%2Flogo.webp&w=384&q=75 was preloaded using link preload but not used within a few seconds from the window's load event. Please make sure it has an appropriate `as` value and it is preloaded intentionally. @ http://localhost:3000/:0
[ 3749606ms] [WARNING] The resource http://localhost:3000/_next/image?url=%2Fbest%20shots%2FProduct%20image%2Fproduct-bodywash.webp&w=3840&q=75 was preloaded using link preload but not used within a few seconds from the window's load event. Please make sure it has an appropriate `as` value and it is preloaded intentionally. @ http://localhost:3000/:0
[ 3749606ms] [WARNING] The resource http://localhost:3000/_next/image?url=%2Flogo%2Flogo.webp&w=384&q=75 was preloaded using link preload but not used within a few seconds from the window's load event. Please make sure it has an appropriate `as` value and it is preloaded intentionally. @ http://localhost:3000/:0
[ 3759422ms] [WARNING] The resource http://localhost:3000/_next/image?url=%2Fbest%20shots%2FProduct%20image%2Fproduct-bodywash.webp&w=3840&q=75 was preloaded using link preload but not used within a few seconds from the window's load event. Please make sure it has an appropriate `as` value and it is preloaded intentionally. @ http://localhost:3000/:0
[ 3759422ms] [WARNING] The resource http://localhost:3000/_next/image?url=%2Flogo%2Flogo.webp&w=384&q=75 was preloaded using link preload but not used within a few seconds from the window's load event. Please make sure it has an appropriate `as` value and it is preloaded intentionally. @ http://localhost:3000/:0
[ 3764676ms] [WARNING] The resource http://localhost:3000/_next/image?url=%2Fbest%20shots%2FProduct%20image%2Fproduct-bodywash.webp&w=3840&q=75 was preloaded using link preload but not used within a few seconds from the window's load event. Please make sure it has an appropriate `as` value and it is preloaded intentionally. @ http://localhost:3000/:0
[ 3764676ms] [WARNING] The resource http://localhost:3000/_next/image?url=%2Flogo%2Flogo.webp&w=384&q=75 was preloaded using link preload but not used within a few seconds from the window's load event. Please make sure it has an appropriate `as` value and it is preloaded intentionally. @ http://localhost:3000/:0
[ 3774487ms] [WARNING] The resource http://localhost:3000/_next/image?url=%2Fbest%20shots%2FProduct%20image%2Fproduct-bodywash.webp&w=3840&q=75 was preloaded using link preload but not used within a few seconds from the window's load event. Please make sure it has an appropriate `as` value and it is preloaded intentionally. @ http://localhost:3000/:0
[ 3774487ms] [WARNING] The resource http://localhost:3000/_next/image?url=%2Flogo%2Flogo.webp&w=384&q=75 was preloaded using link preload but not used within a few seconds from the window's load event. Please make sure it has an appropriate `as` value and it is preloaded intentionally. @ http://localhost:3000/:0
[ 3779737ms] [WARNING] The resource http://localhost:3000/_next/image?url=%2Fbest%20shots%2FProduct%20image%2Fproduct-bodywash.webp&w=3840&q=75 was preloaded using link preload but not used within a few seconds from the window's load event. Please make sure it has an appropriate `as` value and it is preloaded intentionally. @ http://localhost:3000/:0
[ 3779737ms] [WARNING] The resource http://localhost:3000/_next/image?url=%2Flogo%2Flogo.webp&w=384&q=75 was preloaded using link preload but not used within a few seconds from the window's load event. Please make sure it has an appropriate `as` value and it is preloaded intentionally. @ http://localhost:3000/:0
[ 3789557ms] [WARNING] The resource http://localhost:3000/_next/image?url=%2Fbest%20shots%2FProduct%20image%2Fproduct-bodywash.webp&w=3840&q=75 was preloaded using link preload but not used within a few seconds from the window's load event. Please make sure it has an appropriate `as` value and it is preloaded intentionally. @ http://localhost:3000/:0
[ 3789557ms] [WARNING] The resource http://localhost:3000/_next/image?url=%2Flogo%2Flogo.webp&w=384&q=75 was preloaded using link preload but not used within a few seconds from the window's load event. Please make sure it has an appropriate `as` value and it is preloaded intentionally. @ http://localhost:3000/:0
[ 3794889ms] [WARNING] The resource http://localhost:3000/_next/image?url=%2Fbest%20shots%2FProduct%20image%2Fproduct-bodywash.webp&w=3840&q=75 was preloaded using link preload but not used within a few seconds from the window's load event. Please make sure it has an appropriate `as` value and it is preloaded intentionally. @ http://localhost:3000/:0
[ 3794889ms] [WARNING] The resource http://localhost:3000/_next/image?url=%2Flogo%2Flogo.webp&w=384&q=75 was preloaded using link preload but not used within a few seconds from the window's load event. Please make sure it has an appropriate `as` value and it is preloaded intentionally. @ http://localhost:3000/:0
[ 3804623ms] [WARNING] The resource http://localhost:3000/_next/image?url=%2Fbest%20shots%2FProduct%20image%2Fproduct-bodywash.webp&w=3840&q=75 was preloaded using link preload but not used within a few seconds from the window's load event. Please make sure it has an appropriate `as` value and it is preloaded intentionally. @ http://localhost:3000/:0
[ 3804623ms] [WARNING] The resource http://localhost:3000/_next/image?url=%2Flogo%2Flogo.webp&w=384&q=75 was preloaded using link preload but not used within a few seconds from the window's load event. Please make sure it has an appropriate `as` value and it is preloaded intentionally. @ http://localhost:3000/:0
[ 3809858ms] [WARNING] The resource http://localhost:3000/_next/image?url=%2Fbest%20shots%2FProduct%20image%2Fproduct-bodywash.webp&w=3840&q=75 was preloaded using link preload but not used within a few seconds from the window's load event. Please make sure it has an appropriate `as` value and it is preloaded intentionally. @ http://localhost:3000/:0
[ 3809858ms] [WARNING] The resource http://localhost:3000/_next/image?url=%2Flogo%2Flogo.webp&w=384&q=75 was preloaded using link preload but not used within a few seconds from the window's load event. Please make sure it has an appropriate `as` value and it is preloaded intentionally. @ http://localhost:3000/:0
[ 3819698ms] [WARNING] The resource http://localhost:3000/_next/image?url=%2Fbest%20shots%2FProduct%20image%2Fproduct-bodywash.webp&w=3840&q=75 was preloaded using link preload but not used within a few seconds from the window's load event. Please make sure it has an appropriate `as` value and it is preloaded intentionally. @ http://localhost:3000/:0
[ 3819698ms] [WARNING] The resource http://localhost:3000/_next/image?url=%2Flogo%2Flogo.webp&w=384&q=75 was preloaded using link preload but not used within a few seconds from the window's load event. Please make sure it has an appropriate `as` value and it is preloaded intentionally. @ http://localhost:3000/:0
[ 3824940ms] [WARNING] The resource http://localhost:3000/_next/image?url=%2Fbest%20shots%2FProduct%20image%2Fproduct-bodywash.webp&w=3840&q=75 was preloaded using link preload but not used within a few seconds from the window's load event. Please make sure it has an appropriate `as` value and it is preloaded intentionally. @ http://localhost:3000/:0
[ 3824940ms] [WARNING] The resource http://localhost:3000/_next/image?url=%2Flogo%2Flogo.webp&w=384&q=75 was preloaded using link preload but not used within a few seconds from the window's load event. Please make sure it has an appropriate `as` value and it is preloaded intentionally. @ http://localhost:3000/:0
[ 3834770ms] [WARNING] The resource http://localhost:3000/_next/image?url=%2Fbest%20shots%2FProduct%20image%2Fproduct-bodywash.webp&w=3840&q=75 was preloaded using link preload but not used within a few seconds from the window's load event. Please make sure it has an appropriate `as` value and it is preloaded intentionally. @ http://localhost:3000/:0
[ 3834770ms] [WARNING] The resource http://localhost:3000/_next/image?url=%2Flogo%2Flogo.webp&w=384&q=75 was preloaded using link preload but not used within a few seconds from the window's load event. Please make sure it has an appropriate `as` value and it is preloaded intentionally. @ http://localhost:3000/:0
[ 3840009ms] [WARNING] The resource http://localhost:3000/_next/image?url=%2Fbest%20shots%2FProduct%20image%2Fproduct-bodywash.webp&w=3840&q=75 was preloaded using link preload but not used within a few seconds from the window's load event. Please make sure it has an appropriate `as` value and it is preloaded intentionally. @ http://localhost:3000/:0
[ 3840009ms] [WARNING] The resource http://localhost:3000/_next/image?url=%2Flogo%2Flogo.webp&w=384&q=75 was preloaded using link preload but not used within a few seconds from the window's load event. Please make sure it has an appropriate `as` value and it is preloaded intentionally. @ http://localhost:3000/:0
[ 3849840ms] [WARNING] The resource http://localhost:3000/_next/image?url=%2Fbest%20shots%2FProduct%20image%2Fproduct-bodywash.webp&w=3840&q=75 was preloaded using link preload but not used within a few seconds from the window's load event. Please make sure it has an appropriate `as` value and it is preloaded intentionally. @ http://localhost:3000/:0
[ 3849840ms] [WARNING] The resource http://localhost:3000/_next/image?url=%2Flogo%2Flogo.webp&w=384&q=75 was preloaded using link preload but not used within a few seconds from the window's load event. Please make sure it has an appropriate `as` value and it is preloaded intentionally. @ http://localhost:3000/:0
[ 3855076ms] [WARNING] The resource http://localhost:3000/_next/image?url=%2Fbest%20shots%2FProduct%20image%2Fproduct-bodywash.webp&w=3840&q=75 was preloaded using link preload but not used within a few seconds from the window's load event. Please make sure it has an appropriate `as` value and it is preloaded intentionally. @ http://localhost:3000/:0
[ 3855076ms] [WARNING] The resource http://localhost:3000/_next/image?url=%2Flogo%2Flogo.webp&w=384&q=75 was preloaded using link preload but not used within a few seconds from the window's load event. Please make sure it has an appropriate `as` value and it is preloaded intentionally. @ http://localhost:3000/:0
[ 3864904ms] [WARNING] The resource http://localhost:3000/_next/image?url=%2Fbest%20shots%2FProduct%20image%2Fproduct-bodywash.webp&w=3840&q=75 was preloaded using link preload but not used within a few seconds from the window's load event. Please make sure it has an appropriate `as` value and it is preloaded intentionally. @ http://localhost:3000/:0
[ 3864904ms] [WARNING] The resource http://localhost:3000/_next/image?url=%2Flogo%2Flogo.webp&w=384&q=75 was preloaded using link preload but not used within a few seconds from the window's load event. Please make sure it has an appropriate `as` value and it is preloaded intentionally. @ http://localhost:3000/:0
[ 3870159ms] [WARNING] The resource http://localhost:3000/_next/image?url=%2Fbest%20shots%2FProduct%20image%2Fproduct-bodywash.webp&w=3840&q=75 was preloaded using link preload but not used within a few seconds from the window's load event. Please make sure it has an appropriate `as` value and it is preloaded intentionally. @ http://localhost:3000/:0
[ 3870159ms] [WARNING] The resource http://localhost:3000/_next/image?url=%2Flogo%2Flogo.webp&w=384&q=75 was preloaded using link preload but not used within a few seconds from the window's load event. Please make sure it has an appropriate `as` value and it is preloaded intentionally. @ http://localhost:3000/:0
[ 3879974ms] [WARNING] The resource http://localhost:3000/_next/image?url=%2Fbest%20shots%2FProduct%20image%2Fproduct-bodywash.webp&w=3840&q=75 was preloaded using link preload but not used within a few seconds from the window's load event. Please make sure it has an appropriate `as` value and it is preloaded intentionally. @ http://localhost:3000/:0
[ 3879974ms] [WARNING] The resource http://localhost:3000/_next/image?url=%2Flogo%2Flogo.webp&w=384&q=75 was preloaded using link preload but not used within a few seconds from the window's load event. Please make sure it has an appropriate `as` value and it is preloaded intentionally. @ http://localhost:3000/:0
[ 3885214ms] [WARNING] The resource http://localhost:3000/_next/image?url=%2Fbest%20shots%2FProduct%20image%2Fproduct-bodywash.webp&w=3840&q=75 was preloaded using link preload but not used within a few seconds from the window's load event. Please make sure it has an appropriate `as` value and it is preloaded intentionally. @ http://localhost:3000/:0
[ 3885214ms] [WARNING] The resource http://localhost:3000/_next/image?url=%2Flogo%2Flogo.webp&w=384&q=75 was preloaded using link preload but not used within a few seconds from the window's load event. Please make sure it has an appropriate `as` value and it is preloaded intentionally. @ http://localhost:3000/:0
[ 3895039ms] [WARNING] The resource http://localhost:3000/_next/image?url=%2Fbest%20shots%2FProduct%20image%2Fproduct-bodywash.webp&w=3840&q=75 was preloaded using link preload but not used within a few seconds from the window's load event. Please make sure it has an appropriate `as` value and it is preloaded intentionally. @ http://localhost:3000/:0
[ 3895039ms] [WARNING] The resource http://localhost:3000/_next/image?url=%2Flogo%2Flogo.webp&w=384&q=75 was preloaded using link preload but not used within a few seconds from the window's load event. Please make sure it has an appropriate `as` value and it is preloaded intentionally. @ http://localhost:3000/:0
[ 3900277ms] [WARNING] The resource http://localhost:3000/_next/image?url=%2Fbest%20shots%2FProduct%20image%2Fproduct-bodywash.webp&w=3840&q=75 was preloaded using link preload but not used within a few seconds from the window's load event. Please make sure it has an appropriate `as` value and it is preloaded intentionally. @ http://localhost:3000/:0
[ 3900277ms] [WARNING] The resource http://localhost:3000/_next/image?url=%2Flogo%2Flogo.webp&w=384&q=75 was preloaded using link preload but not used within a few seconds from the window's load event. Please make sure it has an appropriate `as` value and it is preloaded intentionally. @ http://localhost:3000/:0
[ 3910105ms] [WARNING] The resource http://localhost:3000/_next/image?url=%2Fbest%20shots%2FProduct%20image%2Fproduct-bodywash.webp&w=3840&q=75 was preloaded using link preload but not used within a few seconds from the window's load event. Please make sure it has an appropriate `as` value and it is preloaded intentionally. @ http://localhost:3000/:0
[ 3910105ms] [WARNING] The resource http://localhost:3000/_next/image?url=%2Flogo%2Flogo.webp&w=384&q=75 was preloaded using link preload but not used within a few seconds from the window's load event. Please make sure it has an appropriate `as` value and it is preloaded intentionally. @ http://localhost:3000/:0
[ 3915360ms] [WARNING] The resource http://localhost:3000/_next/image?url=%2Fbest%20shots%2FProduct%20image%2Fproduct-bodywash.webp&w=3840&q=75 was preloaded using link preload but not used within a few seconds from the window's load event. Please make sure it has an appropriate `as` value and it is preloaded intentionally. @ http://localhost:3000/:0
[ 3915360ms] [WARNING] The resource http://localhost:3000/_next/image?url=%2Flogo%2Flogo.webp&w=384&q=75 was preloaded using link preload but not used within a few seconds from the window's load event. Please make sure it has an appropriate `as` value and it is preloaded intentionally. @ http://localhost:3000/:0
[ 3925177ms] [WARNING] The resource http://localhost:3000/_next/image?url=%2Fbest%20shots%2FProduct%20image%2Fproduct-bodywash.webp&w=3840&q=75 was preloaded using link preload but not used within a few seconds from the window's load event. Please make sure it has an appropriate `as` value and it is preloaded intentionally. @ http://localhost:3000/:0
[ 3925177ms] [WARNING] The resource http://localhost:3000/_next/image?url=%2Flogo%2Flogo.webp&w=384&q=75 was preloaded using link preload but not used within a few seconds from the window's load event. Please make sure it has an appropriate `as` value and it is preloaded intentionally. @ http://localhost:3000/:0
[ 3930411ms] [WARNING] The resource http://localhost:3000/_next/image?url=%2Fbest%20shots%2FProduct%20image%2Fproduct-bodywash.webp&w=3840&q=75 was preloaded using link preload but not used within a few seconds from the window's load event. Please make sure it has an appropriate `as` value and it is preloaded intentionally. @ http://localhost:3000/:0
[ 3930411ms] [WARNING] The resource http://localhost:3000/_next/image?url=%2Flogo%2Flogo.webp&w=384&q=75 was preloaded using link preload but not used within a few seconds from the window's load event. Please make sure it has an appropriate `as` value and it is preloaded intentionally. @ http://localhost:3000/:0
[ 3940244ms] [WARNING] The resource http://localhost:3000/_next/image?url=%2Fbest%20shots%2FProduct%20image%2Fproduct-bodywash.webp&w=3840&q=75 was preloaded using link preload but not used within a few seconds from the window's load event. Please make sure it has an appropriate `as` value and it is preloaded intentionally. @ http://localhost:3000/:0
[ 3940244ms] [WARNING] The resource http://localhost:3000/_next/image?url=%2Flogo%2Flogo.webp&w=384&q=75 was preloaded using link preload but not used within a few seconds from the window's load event. Please make sure it has an appropriate `as` value and it is preloaded intentionally. @ http://localhost:3000/:0
[ 3945478ms] [WARNING] The resource http://localhost:3000/_next/image?url=%2Fbest%20shots%2FProduct%20image%2Fproduct-bodywash.webp&w=3840&q=75 was preloaded using link preload but not used within a few seconds from the window's load event. Please make sure it has an appropriate `as` value and it is preloaded intentionally. @ http://localhost:3000/:0
[ 3945478ms] [WARNING] The resource http://localhost:3000/_next/image?url=%2Flogo%2Flogo.webp&w=384&q=75 was preloaded using link preload but not used within a few seconds from the window's load event. Please make sure it has an appropriate `as` value and it is preloaded intentionally. @ http://localhost:3000/:0
[ 3955304ms] [WARNING] The resource http://localhost:3000/_next/image?url=%2Fbest%20shots%2FProduct%20image%2Fproduct-bodywash.webp&w=3840&q=75 was preloaded using link preload but not used within a few seconds from the window's load event. Please make sure it has an appropriate `as` value and it is preloaded intentionally. @ http://localhost:3000/:0
[ 3955304ms] [WARNING] The resource http://localhost:3000/_next/image?url=%2Flogo%2Flogo.webp&w=384&q=75 was preloaded using link preload but not used within a few seconds from the window's load event. Please make sure it has an appropriate `as` value and it is preloaded intentionally. @ http://localhost:3000/:0
[ 3960560ms] [WARNING] The resource http://localhost:3000/_next/image?url=%2Fbest%20shots%2FProduct%20image%2Fproduct-bodywash.webp&w=3840&q=75 was preloaded using link preload but not used within a few seconds from the window's load event. Please make sure it has an appropriate `as` value and it is preloaded intentionally. @ http://localhost:3000/:0
[ 3960560ms] [WARNING] The resource http://localhost:3000/_next/image?url=%2Flogo%2Flogo.webp&w=384&q=75 was preloaded using link preload but not used within a few seconds from the window's load event. Please make sure it has an appropriate `as` value and it is preloaded intentionally. @ http://localhost:3000/:0
[ 3970373ms] [WARNING] The resource http://localhost:3000/_next/image?url=%2Fbest%20shots%2FProduct%20image%2Fproduct-bodywash.webp&w=3840&q=75 was preloaded using link preload but not used within a few seconds from the window's load event. Please make sure it has an appropriate `as` value and it is preloaded intentionally. @ http://localhost:3000/:0
[ 3970373ms] [WARNING] The resource http://localhost:3000/_next/image?url=%2Flogo%2Flogo.webp&w=384&q=75 was preloaded using link preload but not used within a few seconds from the window's load event. Please make sure it has an appropriate `as` value and it is preloaded intentionally. @ http://localhost:3000/:0
[ 3975612ms] [WARNING] The resource http://localhost:3000/_next/image?url=%2Fbest%20shots%2FProduct%20image%2Fproduct-bodywash.webp&w=3840&q=75 was preloaded using link preload but not used within a few seconds from the window's load event. Please make sure it has an appropriate `as` value and it is preloaded intentionally. @ http://localhost:3000/:0
[ 3975612ms] [WARNING] The resource http://localhost:3000/_next/image?url=%2Flogo%2Flogo.webp&w=384&q=75 was preloaded using link preload but not used within a few seconds from the window's load event. Please make sure it has an appropriate `as` value and it is preloaded intentionally. @ http://localhost:3000/:0
[ 3985440ms] [WARNING] The resource http://localhost:3000/_next/image?url=%2Fbest%20shots%2FProduct%20image%2Fproduct-bodywash.webp&w=3840&q=75 was preloaded using link preload but not used within a few seconds from the window's load event. Please make sure it has an appropriate `as` value and it is preloaded intentionally. @ http://localhost:3000/:0
[ 3985440ms] [WARNING] The resource http://localhost:3000/_next/image?url=%2Flogo%2Flogo.webp&w=384&q=75 was preloaded using link preload but not used within a few seconds from the window's load event. Please make sure it has an appropriate `as` value and it is preloaded intentionally. @ http://localhost:3000/:0
[ 3990679ms] [WARNING] The resource http://localhost:3000/_next/image?url=%2Fbest%20shots%2FProduct%20image%2Fproduct-bodywash.webp&w=3840&q=75 was preloaded using link preload but not used within a few seconds from the window's load event. Please make sure it has an appropriate `as` value and it is preloaded intentionally. @ http://localhost:3000/:0
[ 3990679ms] [WARNING] The resource http://localhost:3000/_next/image?url=%2Flogo%2Flogo.webp&w=384&q=75 was preloaded using link preload but not used within a few seconds from the window's load event. Please make sure it has an appropriate `as` value and it is preloaded intentionally. @ http://localhost:3000/:0
[ 4000512ms] [WARNING] The resource http://localhost:3000/_next/image?url=%2Fbest%20shots%2FProduct%20image%2Fproduct-bodywash.webp&w=3840&q=75 was preloaded using link preload but not used within a few seconds from the window's load event. Please make sure it has an appropriate `as` value and it is preloaded intentionally. @ http://localhost:3000/:0
[ 4000513ms] [WARNING] The resource http://localhost:3000/_next/image?url=%2Flogo%2Flogo.webp&w=384&q=75 was preloaded using link preload but not used within a few seconds from the window's load event. Please make sure it has an appropriate `as` value and it is preloaded intentionally. @ http://localhost:3000/:0
[ 4005763ms] [WARNING] The resource http://localhost:3000/_next/image?url=%2Fbest%20shots%2FProduct%20image%2Fproduct-bodywash.webp&w=3840&q=75 was preloaded using link preload but not used within a few seconds from the window's load event. Please make sure it has an appropriate `as` value and it is preloaded intentionally. @ http://localhost:3000/:0
[ 4005763ms] [WARNING] The resource http://localhost:3000/_next/image?url=%2Flogo%2Flogo.webp&w=384&q=75 was preloaded using link preload but not used within a few seconds from the window's load event. Please make sure it has an appropriate `as` value and it is preloaded intentionally. @ http://localhost:3000/:0
[ 4015586ms] [WARNING] The resource http://localhost:3000/_next/image?url=%2Fbest%20shots%2FProduct%20image%2Fproduct-bodywash.webp&w=3840&q=75 was preloaded using link preload but not used within a few seconds from the window's load event. Please make sure it has an appropriate `as` value and it is preloaded intentionally. @ http://localhost:3000/:0
[ 4015586ms] [WARNING] The resource http://localhost:3000/_next/image?url=%2Flogo%2Flogo.webp&w=384&q=75 was preloaded using link preload but not used within a few seconds from the window's load event. Please make sure it has an appropriate `as` value and it is preloaded intentionally. @ http://localhost:3000/:0
[ 4020833ms] [WARNING] The resource http://localhost:3000/_next/image?url=%2Fbest%20shots%2FProduct%20image%2Fproduct-bodywash.webp&w=3840&q=75 was preloaded using link preload but not used within a few seconds from the window's load event. Please make sure it has an appropriate `as` value and it is preloaded intentionally. @ http://localhost:3000/:0
[ 4020833ms] [WARNING] The resource http://localhost:3000/_next/image?url=%2Flogo%2Flogo.webp&w=384&q=75 was preloaded using link preload but not used within a few seconds from the window's load event. Please make sure it has an appropriate `as` value and it is preloaded intentionally. @ http://localhost:3000/:0
[ 4030658ms] [WARNING] The resource http://localhost:3000/_next/image?url=%2Fbest%20shots%2FProduct%20image%2Fproduct-bodywash.webp&w=3840&q=75 was preloaded using link preload but not used within a few seconds from the window's load event. Please make sure it has an appropriate `as` value and it is preloaded intentionally. @ http://localhost:3000/:0
[ 4030658ms] [WARNING] The resource http://localhost:3000/_next/image?url=%2Flogo%2Flogo.webp&w=384&q=75 was preloaded using link preload but not used within a few seconds from the window's load event. Please make sure it has an appropriate `as` value and it is preloaded intentionally. @ http://localhost:3000/:0
[ 4035903ms] [WARNING] The resource http://localhost:3000/_next/image?url=%2Fbest%20shots%2FProduct%20image%2Fproduct-bodywash.webp&w=3840&q=75 was preloaded using link preload but not used within a few seconds from the window's load event. Please make sure it has an appropriate `as` value and it is preloaded intentionally. @ http://localhost:3000/:0
[ 4035903ms] [WARNING] The resource http://localhost:3000/_next/image?url=%2Flogo%2Flogo.webp&w=384&q=75 was preloaded using link preload but not used within a few seconds from the window's load event. Please make sure it has an appropriate `as` value and it is preloaded intentionally. @ http://localhost:3000/:0
[ 4045732ms] [WARNING] The resource http://localhost:3000/_next/image?url=%2Fbest%20shots%2FProduct%20image%2Fproduct-bodywash.webp&w=3840&q=75 was preloaded using link preload but not used within a few seconds from the window's load event. Please make sure it has an appropriate `as` value and it is preloaded intentionally. @ http://localhost:3000/:0
[ 4045732ms] [WARNING] The resource http://localhost:3000/_next/image?url=%2Flogo%2Flogo.webp&w=384&q=75 was preloaded using link preload but not used within a few seconds from the window's load event. Please make sure it has an appropriate `as` value and it is preloaded intentionally. @ http://localhost:3000/:0
[ 4050960ms] [WARNING] The resource http://localhost:3000/_next/image?url=%2Fbest%20shots%2FProduct%20image%2Fproduct-bodywash.webp&w=3840&q=75 was preloaded using link preload but not used within a few seconds from the window's load event. Please make sure it has an appropriate `as` value and it is preloaded intentionally. @ http://localhost:3000/:0
[ 4050960ms] [WARNING] The resource http://localhost:3000/_next/image?url=%2Flogo%2Flogo.webp&w=384&q=75 was preloaded using link preload but not used within a few seconds from the window's load event. Please make sure it has an appropriate `as` value and it is preloaded intentionally. @ http://localhost:3000/:0
[ 4060789ms] [WARNING] The resource http://localhost:3000/_next/image?url=%2Fbest%20shots%2FProduct%20image%2Fproduct-bodywash.webp&w=3840&q=75 was preloaded using link preload but not used within a few seconds from the window's load event. Please make sure it has an appropriate `as` value and it is preloaded intentionally. @ http://localhost:3000/:0
[ 4060789ms] [WARNING] The resource http://localhost:3000/_next/image?url=%2Flogo%2Flogo.webp&w=384&q=75 was preloaded using link preload but not used within a few seconds from the window's load event. Please make sure it has an appropriate `as` value and it is preloaded intentionally. @ http://localhost:3000/:0
[ 4066099ms] [WARNING] The resource http://localhost:3000/_next/image?url=%2Fbest%20shots%2FProduct%20image%2Fproduct-bodywash.webp&w=3840&q=75 was preloaded using link preload but not used within a few seconds from the window's load event. Please make sure it has an appropriate `as` value and it is preloaded intentionally. @ http://localhost:3000/:0
[ 4066099ms] [WARNING] The resource http://localhost:3000/_next/image?url=%2Flogo%2Flogo.webp&w=384&q=75 was preloaded using link preload but not used within a few seconds from the window's load event. Please make sure it has an appropriate `as` value and it is preloaded intentionally. @ http://localhost:3000/:0
[ 4075866ms] [WARNING] The resource http://localhost:3000/_next/image?url=%2Fbest%20shots%2FProduct%20image%2Fproduct-bodywash.webp&w=3840&q=75 was preloaded using link preload but not used within a few seconds from the window's load event. Please make sure it has an appropriate `as` value and it is preloaded intentionally. @ http://localhost:3000/:0
[ 4075866ms] [WARNING] The resource http://localhost:3000/_next/image?url=%2Flogo%2Flogo.webp&w=384&q=75 was preloaded using link preload but not used within a few seconds from the window's load event. Please make sure it has an appropriate `as` value and it is preloaded intentionally. @ http://localhost:3000/:0
[ 4081198ms] [WARNING] The resource http://localhost:3000/_next/image?url=%2Fbest%20shots%2FProduct%20image%2Fproduct-bodywash.webp&w=3840&q=75 was preloaded using link preload but not used within a few seconds from the window's load event. Please make sure it has an appropriate `as` value and it is preloaded intentionally. @ http://localhost:3000/:0
[ 4081198ms] [WARNING] The resource http://localhost:3000/_next/image?url=%2Flogo%2Flogo.webp&w=384&q=75 was preloaded using link preload but not used within a few seconds from the window's load event. Please make sure it has an appropriate `as` value and it is preloaded intentionally. @ http://localhost:3000/:0
[ 4090932ms] [WARNING] The resource http://localhost:3000/_next/image?url=%2Fbest%20shots%2FProduct%20image%2Fproduct-bodywash.webp&w=3840&q=75 was preloaded using link preload but not used within a few seconds from the window's load event. Please make sure it has an appropriate `as` value and it is preloaded intentionally. @ http://localhost:3000/:0
[ 4090932ms] [WARNING] The resource http://localhost:3000/_next/image?url=%2Flogo%2Flogo.webp&w=384&q=75 was preloaded using link preload but not used within a few seconds from the window's load event. Please make sure it has an appropriate `as` value and it is preloaded intentionally. @ http://localhost:3000/:0
[ 4096231ms] [WARNING] The resource http://localhost:3000/_next/image?url=%2Fbest%20shots%2FProduct%20image%2Fproduct-bodywash.webp&w=3840&q=75 was preloaded using link preload but not used within a few seconds from the window's load event. Please make sure it has an appropriate `as` value and it is preloaded intentionally. @ http://localhost:3000/:0
[ 4096232ms] [WARNING] The resource http://localhost:3000/_next/image?url=%2Flogo%2Flogo.webp&w=384&q=75 was preloaded using link preload but not used within a few seconds from the window's load event. Please make sure it has an appropriate `as` value and it is preloaded intentionally. @ http://localhost:3000/:0
[ 4105997ms] [WARNING] The resource http://localhost:3000/_next/image?url=%2Fbest%20shots%2FProduct%20image%2Fproduct-bodywash.webp&w=3840&q=75 was preloaded using link preload but not used within a few seconds from the window's load event. Please make sure it has an appropriate `as` value and it is preloaded intentionally. @ http://localhost:3000/:0
[ 4105997ms] [WARNING] The resource http://localhost:3000/_next/image?url=%2Flogo%2Flogo.webp&w=384&q=75 was preloaded using link preload but not used within a few seconds from the window's load event. Please make sure it has an appropriate `as` value and it is preloaded intentionally. @ http://localhost:3000/:0
[ 4111316ms] [WARNING] The resource http://localhost:3000/_next/image?url=%2Fbest%20shots%2FProduct%20image%2Fproduct-bodywash.webp&w=3840&q=75 was preloaded using link preload but not used within a few seconds from the window's load event. Please make sure it has an appropriate `as` value and it is preloaded intentionally. @ http://localhost:3000/:0
[ 4111316ms] [WARNING] The resource http://localhost:3000/_next/image?url=%2Flogo%2Flogo.webp&w=384&q=75 was preloaded using link preload but not used within a few seconds from the window's load event. Please make sure it has an appropriate `as` value and it is preloaded intentionally. @ http://localhost:3000/:0
[ 4121062ms] [WARNING] The resource http://localhost:3000/_next/image?url=%2Fbest%20shots%2FProduct%20image%2Fproduct-bodywash.webp&w=3840&q=75 was preloaded using link preload but not used within a few seconds from the window's load event. Please make sure it has an appropriate `as` value and it is preloaded intentionally. @ http://localhost:3000/:0
[ 4121062ms] [WARNING] The resource http://localhost:3000/_next/image?url=%2Flogo%2Flogo.webp&w=384&q=75 was preloaded using link preload but not used within a few seconds from the window's load event. Please make sure it has an appropriate `as` value and it is preloaded intentionally. @ http://localhost:3000/:0
[ 4126399ms] [WARNING] The resource http://localhost:3000/_next/image?url=%2Fbest%20shots%2FProduct%20image%2Fproduct-bodywash.webp&w=3840&q=75 was preloaded using link preload but not used within a few seconds from the window's load event. Please make sure it has an appropriate `as` value and it is preloaded intentionally. @ http://localhost:3000/:0
[ 4126399ms] [WARNING] The resource http://localhost:3000/_next/image?url=%2Flogo%2Flogo.webp&w=384&q=75 was preloaded using link preload but not used within a few seconds from the window's load event. Please make sure it has an appropriate `as` value and it is preloaded intentionally. @ http://localhost:3000/:0
[ 4136133ms] [WARNING] The resource http://localhost:3000/_next/image?url=%2Fbest%20shots%2FProduct%20image%2Fproduct-bodywash.webp&w=3840&q=75 was preloaded using link preload but not used within a few seconds from the window's load event. Please make sure it has an appropriate `as` value and it is preloaded intentionally. @ http://localhost:3000/:0
[ 4136133ms] [WARNING] The resource http://localhost:3000/_next/image?url=%2Flogo%2Flogo.webp&w=384&q=75 was preloaded using link preload but not used within a few seconds from the window's load event. Please make sure it has an appropriate `as` value and it is preloaded intentionally. @ http://localhost:3000/:0
[ 4141383ms] [WARNING] The resource http://localhost:3000/_next/image?url=%2Fbest%20shots%2FProduct%20image%2Fproduct-bodywash.webp&w=3840&q=75 was preloaded using link preload but not used within a few seconds from the window's load event. Please make sure it has an appropriate `as` value and it is preloaded intentionally. @ http://localhost:3000/:0
[ 4141383ms] [WARNING] The resource http://localhost:3000/_next/image?url=%2Flogo%2Flogo.webp&w=384&q=75 was preloaded using link preload but not used within a few seconds from the window's load event. Please make sure it has an appropriate `as` value and it is preloaded intentionally. @ http://localhost:3000/:0
[ 4151210ms] [WARNING] The resource http://localhost:3000/_next/image?url=%2Fbest%20shots%2FProduct%20image%2Fproduct-bodywash.webp&w=3840&q=75 was preloaded using link preload but not used within a few seconds from the window's load event. Please make sure it has an appropriate `as` value and it is preloaded intentionally. @ http://localhost:3000/:0
[ 4151210ms] [WARNING] The resource http://localhost:3000/_next/image?url=%2Flogo%2Flogo.webp&w=384&q=75 was preloaded using link preload but not used within a few seconds from the window's load event. Please make sure it has an appropriate `as` value and it is preloaded intentionally. @ http://localhost:3000/:0
[ 4156459ms] [WARNING] The resource http://localhost:3000/_next/image?url=%2Fbest%20shots%2FProduct%20image%2Fproduct-bodywash.webp&w=3840&q=75 was preloaded using link preload but not used within a few seconds from the window's load event. Please make sure it has an appropriate `as` value and it is preloaded intentionally. @ http://localhost:3000/:0
[ 4156459ms] [WARNING] The resource http://localhost:3000/_next/image?url=%2Flogo%2Flogo.webp&w=384&q=75 was preloaded using link preload but not used within a few seconds from the window's load event. Please make sure it has an appropriate `as` value and it is preloaded intentionally. @ http://localhost:3000/:0
[ 4166274ms] [WARNING] The resource http://localhost:3000/_next/image?url=%2Fbest%20shots%2FProduct%20image%2Fproduct-bodywash.webp&w=3840&q=75 was preloaded using link preload but not used within a few seconds from the window's load event. Please make sure it has an appropriate `as` value and it is preloaded intentionally. @ http://localhost:3000/:0
[ 4166274ms] [WARNING] The resource http://localhost:3000/_next/image?url=%2Flogo%2Flogo.webp&w=384&q=75 was preloaded using link preload but not used within a few seconds from the window's load event. Please make sure it has an appropriate `as` value and it is preloaded intentionally. @ http://localhost:3000/:0
[ 4171517ms] [WARNING] The resource http://localhost:3000/_next/image?url=%2Fbest%20shots%2FProduct%20image%2Fproduct-bodywash.webp&w=3840&q=75 was preloaded using link preload but not used within a few seconds from the window's load event. Please make sure it has an appropriate `as` value and it is preloaded intentionally. @ http://localhost:3000/:0
[ 4171517ms] [WARNING] The resource http://localhost:3000/_next/image?url=%2Flogo%2Flogo.webp&w=384&q=75 was preloaded using link preload but not used within a few seconds from the window's load event. Please make sure it has an appropriate `as` value and it is preloaded intentionally. @ http://localhost:3000/:0
[ 4181350ms] [WARNING] The resource http://localhost:3000/_next/image?url=%2Fbest%20shots%2FProduct%20image%2Fproduct-bodywash.webp&w=3840&q=75 was preloaded using link preload but not used within a few seconds from the window's load event. Please make sure it has an appropriate `as` value and it is preloaded intentionally. @ http://localhost:3000/:0
[ 4181350ms] [WARNING] The resource http://localhost:3000/_next/image?url=%2Flogo%2Flogo.webp&w=384&q=75 was preloaded using link preload but not used within a few seconds from the window's load event. Please make sure it has an appropriate `as` value and it is preloaded intentionally. @ http://localhost:3000/:0
[ 4186583ms] [WARNING] The resource http://localhost:3000/_next/image?url=%2Fbest%20shots%2FProduct%20image%2Fproduct-bodywash.webp&w=3840&q=75 was preloaded using link preload but not used within a few seconds from the window's load event. Please make sure it has an appropriate `as` value and it is preloaded intentionally. @ http://localhost:3000/:0
[ 4186584ms] [WARNING] The resource http://localhost:3000/_next/image?url=%2Flogo%2Flogo.webp&w=384&q=75 was preloaded using link preload but not used within a few seconds from the window's load event. Please make sure it has an appropriate `as` value and it is preloaded intentionally. @ http://localhost:3000/:0
[ 4196421ms] [WARNING] The resource http://localhost:3000/_next/image?url=%2Fbest%20shots%2FProduct%20image%2Fproduct-bodywash.webp&w=3840&q=75 was preloaded using link preload but not used within a few seconds from the window's load event. Please make sure it has an appropriate `as` value and it is preloaded intentionally. @ http://localhost:3000/:0
[ 4196421ms] [WARNING] The resource http://localhost:3000/_next/image?url=%2Flogo%2Flogo.webp&w=384&q=75 was preloaded using link preload but not used within a few seconds from the window's load event. Please make sure it has an appropriate `as` value and it is preloaded intentionally. @ http://localhost:3000/:0
[ 4201651ms] [WARNING] The resource http://localhost:3000/_next/image?url=%2Fbest%20shots%2FProduct%20image%2Fproduct-bodywash.webp&w=3840&q=75 was preloaded using link preload but not used within a few seconds from the window's load event. Please make sure it has an appropriate `as` value and it is preloaded intentionally. @ http://localhost:3000/:0
[ 4201651ms] [WARNING] The resource http://localhost:3000/_next/image?url=%2Flogo%2Flogo.webp&w=384&q=75 was preloaded using link preload but not used within a few seconds from the window's load event. Please make sure it has an appropriate `as` value and it is preloaded intentionally. @ http://localhost:3000/:0
[ 4211479ms] [WARNING] The resource http://localhost:3000/_next/image?url=%2Fbest%20shots%2FProduct%20image%2Fproduct-bodywash.webp&w=3840&q=75 was preloaded using link preload but not used within a few seconds from the window's load event. Please make sure it has an appropriate `as` value and it is preloaded intentionally. @ http://localhost:3000/:0
[ 4211479ms] [WARNING] The resource http://localhost:3000/_next/image?url=%2Flogo%2Flogo.webp&w=384&q=75 was preloaded using link preload but not used within a few seconds from the window's load event. Please make sure it has an appropriate `as` value and it is preloaded intentionally. @ http://localhost:3000/:0
[ 4216713ms] [WARNING] The resource http://localhost:3000/_next/image?url=%2Fbest%20shots%2FProduct%20image%2Fproduct-bodywash.webp&w=3840&q=75 was preloaded using link preload but not used within a few seconds from the window's load event. Please make sure it has an appropriate `as` value and it is preloaded intentionally. @ http://localhost:3000/:0
[ 4216713ms] [WARNING] The resource http://localhost:3000/_next/image?url=%2Flogo%2Flogo.webp&w=384&q=75 was preloaded using link preload but not used within a few seconds from the window's load event. Please make sure it has an appropriate `as` value and it is preloaded intentionally. @ http://localhost:3000/:0
[ 4226556ms] [WARNING] The resource http://localhost:3000/_next/image?url=%2Fbest%20shots%2FProduct%20image%2Fproduct-bodywash.webp&w=3840&q=75 was preloaded using link preload but not used within a few seconds from the window's load event. Please make sure it has an appropriate `as` value and it is preloaded intentionally. @ http://localhost:3000/:0
[ 4226557ms] [WARNING] The resource http://localhost:3000/_next/image?url=%2Flogo%2Flogo.webp&w=384&q=75 was preloaded using link preload but not used within a few seconds from the window's load event. Please make sure it has an appropriate `as` value and it is preloaded intentionally. @ http://localhost:3000/:0
[ 4231775ms] [WARNING] The resource http://localhost:3000/_next/image?url=%2Fbest%20shots%2FProduct%20image%2Fproduct-bodywash.webp&w=3840&q=75 was preloaded using link preload but not used within a few seconds from the window's load event. Please make sure it has an appropriate `as` value and it is preloaded intentionally. @ http://localhost:3000/:0
[ 4231775ms] [WARNING] The resource http://localhost:3000/_next/image?url=%2Flogo%2Flogo.webp&w=384&q=75 was preloaded using link preload but not used within a few seconds from the window's load event. Please make sure it has an appropriate `as` value and it is preloaded intentionally. @ http://localhost:3000/:0
[ 4241613ms] [WARNING] The resource http://localhost:3000/_next/image?url=%2Fbest%20shots%2FProduct%20image%2Fproduct-bodywash.webp&w=3840&q=75 was preloaded using link preload but not used within a few seconds from the window's load event. Please make sure it has an appropriate `as` value and it is preloaded intentionally. @ http://localhost:3000/:0
[ 4241613ms] [WARNING] The resource http://localhost:3000/_next/image?url=%2Flogo%2Flogo.webp&w=384&q=75 was preloaded using link preload but not used within a few seconds from the window's load event. Please make sure it has an appropriate `as` value and it is preloaded intentionally. @ http://localhost:3000/:0
[ 4246868ms] [WARNING] The resource http://localhost:3000/_next/image?url=%2Fbest%20shots%2FProduct%20image%2Fproduct-bodywash.webp&w=3840&q=75 was preloaded using link preload but not used within a few seconds from the window's load event. Please make sure it has an appropriate `as` value and it is preloaded intentionally. @ http://localhost:3000/:0
[ 4246868ms] [WARNING] The resource http://localhost:3000/_next/image?url=%2Flogo%2Flogo.webp&w=384&q=75 was preloaded using link preload but not used within a few seconds from the window's load event. Please make sure it has an appropriate `as` value and it is preloaded intentionally. @ http://localhost:3000/:0
[ 4256686ms] [WARNING] The resource http://localhost:3000/_next/image?url=%2Fbest%20shots%2FProduct%20image%2Fproduct-bodywash.webp&w=3840&q=75 was preloaded using link preload but not used within a few seconds from the window's load event. Please make sure it has an appropriate `as` value and it is preloaded intentionally. @ http://localhost:3000/:0
[ 4256686ms] [WARNING] The resource http://localhost:3000/_next/image?url=%2Flogo%2Flogo.webp&w=384&q=75 was preloaded using link preload but not used within a few seconds from the window's load event. Please make sure it has an appropriate `as` value and it is preloaded intentionally. @ http://localhost:3000/:0
[ 4261919ms] [WARNING] The resource http://localhost:3000/_next/image?url=%2Fbest%20shots%2FProduct%20image%2Fproduct-bodywash.webp&w=3840&q=75 was preloaded using link preload but not used within a few seconds from the window's load event. Please make sure it has an appropriate `as` value and it is preloaded intentionally. @ http://localhost:3000/:0
[ 4261919ms] [WARNING] The resource http://localhost:3000/_next/image?url=%2Flogo%2Flogo.webp&w=384&q=75 was preloaded using link preload but not used within a few seconds from the window's load event. Please make sure it has an appropriate `as` value and it is preloaded intentionally. @ http://localhost:3000/:0
[ 4271752ms] [WARNING] The resource http://localhost:3000/_next/image?url=%2Fbest%20shots%2FProduct%20image%2Fproduct-bodywash.webp&w=3840&q=75 was preloaded using link preload but not used within a few seconds from the window's load event. Please make sure it has an appropriate `as` value and it is preloaded intentionally. @ http://localhost:3000/:0
[ 4271752ms] [WARNING] The resource http://localhost:3000/_next/image?url=%2Flogo%2Flogo.webp&w=384&q=75 was preloaded using link preload but not used within a few seconds from the window's load event. Please make sure it has an appropriate `as` value and it is preloaded intentionally. @ http://localhost:3000/:0
[ 4276986ms] [WARNING] The resource http://localhost:3000/_next/image?url=%2Fbest%20shots%2FProduct%20image%2Fproduct-bodywash.webp&w=3840&q=75 was preloaded using link preload but not used within a few seconds from the window's load event. Please make sure it has an appropriate `as` value and it is preloaded intentionally. @ http://localhost:3000/:0
[ 4276986ms] [WARNING] The resource http://localhost:3000/_next/image?url=%2Flogo%2Flogo.webp&w=384&q=75 was preloaded using link preload but not used within a few seconds from the window's load event. Please make sure it has an appropriate `as` value and it is preloaded intentionally. @ http://localhost:3000/:0
[ 4286816ms] [WARNING] The resource http://localhost:3000/_next/image?url=%2Fbest%20shots%2FProduct%20image%2Fproduct-bodywash.webp&w=3840&q=75 was preloaded using link preload but not used within a few seconds from the window's load event. Please make sure it has an appropriate `as` value and it is preloaded intentionally. @ http://localhost:3000/:0
[ 4286816ms] [WARNING] The resource http://localhost:3000/_next/image?url=%2Flogo%2Flogo.webp&w=384&q=75 was preloaded using link preload but not used within a few seconds from the window's load event. Please make sure it has an appropriate `as` value and it is preloaded intentionally. @ http://localhost:3000/:0
[ 4292053ms] [WARNING] The resource http://localhost:3000/_next/image?url=%2Fbest%20shots%2FProduct%20image%2Fproduct-bodywash.webp&w=3840&q=75 was preloaded using link preload but not used within a few seconds from the window's load event. Please make sure it has an appropriate `as` value and it is preloaded intentionally. @ http://localhost:3000/:0
[ 4292053ms] [WARNING] The resource http://localhost:3000/_next/image?url=%2Flogo%2Flogo.webp&w=384&q=75 was preloaded using link preload but not used within a few seconds from the window's load event. Please make sure it has an appropriate `as` value and it is preloaded intentionally. @ http://localhost:3000/:0
[ 4301886ms] [WARNING] The resource http://localhost:3000/_next/image?url=%2Fbest%20shots%2FProduct%20image%2Fproduct-bodywash.webp&w=3840&q=75 was preloaded using link preload but not used within a few seconds from the window's load event. Please make sure it has an appropriate `as` value and it is preloaded intentionally. @ http://localhost:3000/:0
[ 4301886ms] [WARNING] The resource http://localhost:3000/_next/image?url=%2Flogo%2Flogo.webp&w=384&q=75 was preloaded using link preload but not used within a few seconds from the window's load event. Please make sure it has an appropriate `as` value and it is preloaded intentionally. @ http://localhost:3000/:0
[ 4307120ms] [WARNING] The resource http://localhost:3000/_next/image?url=%2Fbest%20shots%2FProduct%20image%2Fproduct-bodywash.webp&w=3840&q=75 was preloaded using link preload but not used within a few seconds from the window's load event. Please make sure it has an appropriate `as` value and it is preloaded intentionally. @ http://localhost:3000/:0
[ 4307120ms] [WARNING] The resource http://localhost:3000/_next/image?url=%2Flogo%2Flogo.webp&w=384&q=75 was preloaded using link preload but not used within a few seconds from the window's load event. Please make sure it has an appropriate `as` value and it is preloaded intentionally. @ http://localhost:3000/:0
[ 4316952ms] [WARNING] The resource http://localhost:3000/_next/image?url=%2Fbest%20shots%2FProduct%20image%2Fproduct-bodywash.webp&w=3840&q=75 was preloaded using link preload but not used within a few seconds from the window's load event. Please make sure it has an appropriate `as` value and it is preloaded intentionally. @ http://localhost:3000/:0
[ 4316952ms] [WARNING] The resource http://localhost:3000/_next/image?url=%2Flogo%2Flogo.webp&w=384&q=75 was preloaded using link preload but not used within a few seconds from the window's load event. Please make sure it has an appropriate `as` value and it is preloaded intentionally. @ http://localhost:3000/:0
[ 4322192ms] [WARNING] The resource http://localhost:3000/_next/image?url=%2Fbest%20shots%2FProduct%20image%2Fproduct-bodywash.webp&w=3840&q=75 was preloaded using link preload but not used within a few seconds from the window's load event. Please make sure it has an appropriate `as` value and it is preloaded intentionally. @ http://localhost:3000/:0
[ 4322192ms] [WARNING] The resource http://localhost:3000/_next/image?url=%2Flogo%2Flogo.webp&w=384&q=75 was preloaded using link preload but not used within a few seconds from the window's load event. Please make sure it has an appropriate `as` value and it is preloaded intentionally. @ http://localhost:3000/:0
[ 4332020ms] [WARNING] The resource http://localhost:3000/_next/image?url=%2Fbest%20shots%2FProduct%20image%2Fproduct-bodywash.webp&w=3840&q=75 was preloaded using link preload but not used within a few seconds from the window's load event. Please make sure it has an appropriate `as` value and it is preloaded intentionally. @ http://localhost:3000/:0
[ 4332020ms] [WARNING] The resource http://localhost:3000/_next/image?url=%2Flogo%2Flogo.webp&w=384&q=75 was preloaded using link preload but not used within a few seconds from the window's load event. Please make sure it has an appropriate `as` value and it is preloaded intentionally. @ http://localhost:3000/:0
[ 4337254ms] [WARNING] The resource http://localhost:3000/_next/image?url=%2Fbest%20shots%2FProduct%20image%2Fproduct-bodywash.webp&w=3840&q=75 was preloaded using link preload but not used within a few seconds from the window's load event. Please make sure it has an appropriate `as` value and it is preloaded intentionally. @ http://localhost:3000/:0
[ 4337254ms] [WARNING] The resource http://localhost:3000/_next/image?url=%2Flogo%2Flogo.webp&w=384&q=75 was preloaded using link preload but not used within a few seconds from the window's load event. Please make sure it has an appropriate `as` value and it is preloaded intentionally. @ http://localhost:3000/:0
[ 4347081ms] [WARNING] The resource http://localhost:3000/_next/image?url=%2Fbest%20shots%2FProduct%20image%2Fproduct-bodywash.webp&w=3840&q=75 was preloaded using link preload but not used within a few seconds from the window's load event. Please make sure it has an appropriate `as` value and it is preloaded intentionally. @ http://localhost:3000/:0
[ 4347081ms] [WARNING] The resource http://localhost:3000/_next/image?url=%2Flogo%2Flogo.webp&w=384&q=75 was preloaded using link preload but not used within a few seconds from the window's load event. Please make sure it has an appropriate `as` value and it is preloaded intentionally. @ http://localhost:3000/:0
[ 4352321ms] [WARNING] The resource http://localhost:3000/_next/image?url=%2Fbest%20shots%2FProduct%20image%2Fproduct-bodywash.webp&w=3840&q=75 was preloaded using link preload but not used within a few seconds from the window's load event. Please make sure it has an appropriate `as` value and it is preloaded intentionally. @ http://localhost:3000/:0
[ 4352321ms] [WARNING] The resource http://localhost:3000/_next/image?url=%2Flogo%2Flogo.webp&w=384&q=75 was preloaded using link preload but not used within a few seconds from the window's load event. Please make sure it has an appropriate `as` value and it is preloaded intentionally. @ http://localhost:3000/:0
[ 4362154ms] [WARNING] The resource http://localhost:3000/_next/image?url=%2Fbest%20shots%2FProduct%20image%2Fproduct-bodywash.webp&w=3840&q=75 was preloaded using link preload but not used within a few seconds from the window's load event. Please make sure it has an appropriate `as` value and it is preloaded intentionally. @ http://localhost:3000/:0
[ 4362154ms] [WARNING] The resource http://localhost:3000/_next/image?url=%2Flogo%2Flogo.webp&w=384&q=75 was preloaded using link preload but not used within a few seconds from the window's load event. Please make sure it has an appropriate `as` value and it is preloaded intentionally. @ http://localhost:3000/:0
[ 4367483ms] [WARNING] The resource http://localhost:3000/_next/image?url=%2Fbest%20shots%2FProduct%20image%2Fproduct-bodywash.webp&w=3840&q=75 was preloaded using link preload but not used within a few seconds from the window's load event. Please make sure it has an appropriate `as` value and it is preloaded intentionally. @ http://localhost:3000/:0
[ 4367483ms] [WARNING] The resource http://localhost:3000/_next/image?url=%2Flogo%2Flogo.webp&w=384&q=75 was preloaded using link preload but not used within a few seconds from the window's load event. Please make sure it has an appropriate `as` value and it is preloaded intentionally. @ http://localhost:3000/:0
[ 4377219ms] [WARNING] The resource http://localhost:3000/_next/image?url=%2Fbest%20shots%2FProduct%20image%2Fproduct-bodywash.webp&w=3840&q=75 was preloaded using link preload but not used within a few seconds from the window's load event. Please make sure it has an appropriate `as` value and it is preloaded intentionally. @ http://localhost:3000/:0
[ 4377220ms] [WARNING] The resource http://localhost:3000/_next/image?url=%2Flogo%2Flogo.webp&w=384&q=75 was preloaded using link preload but not used within a few seconds from the window's load event. Please make sure it has an appropriate `as` value and it is preloaded intentionally. @ http://localhost:3000/:0
[ 4382521ms] [WARNING] The resource http://localhost:3000/_next/image?url=%2Fbest%20shots%2FProduct%20image%2Fproduct-bodywash.webp&w=3840&q=75 was preloaded using link preload but not used within a few seconds from the window's load event. Please make sure it has an appropriate `as` value and it is preloaded intentionally. @ http://localhost:3000/:0
[ 4382522ms] [WARNING] The resource http://localhost:3000/_next/image?url=%2Flogo%2Flogo.webp&w=384&q=75 was preloaded using link preload but not used within a few seconds from the window's load event. Please make sure it has an appropriate `as` value and it is preloaded intentionally. @ http://localhost:3000/:0
[ 4392288ms] [WARNING] The resource http://localhost:3000/_next/image?url=%2Fbest%20shots%2FProduct%20image%2Fproduct-bodywash.webp&w=3840&q=75 was preloaded using link preload but not used within a few seconds from the window's load event. Please make sure it has an appropriate `as` value and it is preloaded intentionally. @ http://localhost:3000/:0
[ 4392289ms] [WARNING] The resource http://localhost:3000/_next/image?url=%2Flogo%2Flogo.webp&w=384&q=75 was preloaded using link preload but not used within a few seconds from the window's load event. Please make sure it has an appropriate `as` value and it is preloaded intentionally. @ http://localhost:3000/:0
[ 4397622ms] [WARNING] The resource http://localhost:3000/_next/image?url=%2Fbest%20shots%2FProduct%20image%2Fproduct-bodywash.webp&w=3840&q=75 was preloaded using link preload but not used within a few seconds from the window's load event. Please make sure it has an appropriate `as` value and it is preloaded intentionally. @ http://localhost:3000/:0
[ 4397622ms] [WARNING] The resource http://localhost:3000/_next/image?url=%2Flogo%2Flogo.webp&w=384&q=75 was preloaded using link preload but not used within a few seconds from the window's load event. Please make sure it has an appropriate `as` value and it is preloaded intentionally. @ http://localhost:3000/:0
[ 4407356ms] [WARNING] The resource http://localhost:3000/_next/image?url=%2Fbest%20shots%2FProduct%20image%2Fproduct-bodywash.webp&w=3840&q=75 was preloaded using link preload but not used within a few seconds from the window's load event. Please make sure it has an appropriate `as` value and it is preloaded intentionally. @ http://localhost:3000/:0
[ 4407356ms] [WARNING] The resource http://localhost:3000/_next/image?url=%2Flogo%2Flogo.webp&w=384&q=75 was preloaded using link preload but not used within a few seconds from the window's load event. Please make sure it has an appropriate `as` value and it is preloaded intentionally. @ http://localhost:3000/:0
[ 4412689ms] [WARNING] The resource http://localhost:3000/_next/image?url=%2Fbest%20shots%2FProduct%20image%2Fproduct-bodywash.webp&w=3840&q=75 was preloaded using link preload but not used within a few seconds from the window's load event. Please make sure it has an appropriate `as` value and it is preloaded intentionally. @ http://localhost:3000/:0
[ 4412689ms] [WARNING] The resource http://localhost:3000/_next/image?url=%2Flogo%2Flogo.webp&w=384&q=75 was preloaded using link preload but not used within a few seconds from the window's load event. Please make sure it has an appropriate `as` value and it is preloaded intentionally. @ http://localhost:3000/:0
[ 4422440ms] [WARNING] The resource http://localhost:3000/_next/image?url=%2Fbest%20shots%2FProduct%20image%2Fproduct-bodywash.webp&w=3840&q=75 was preloaded using link preload but not used within a few seconds from the window's load event. Please make sure it has an appropriate `as` value and it is preloaded intentionally. @ http://localhost:3000/:0
[ 4422440ms] [WARNING] The resource http://localhost:3000/_next/image?url=%2Flogo%2Flogo.webp&w=384&q=75 was preloaded using link preload but not used within a few seconds from the window's load event. Please make sure it has an appropriate `as` value and it is preloaded intentionally. @ http://localhost:3000/:0
[ 4427689ms] [WARNING] The resource http://localhost:3000/_next/image?url=%2Fbest%20shots%2FProduct%20image%2Fproduct-bodywash.webp&w=3840&q=75 was preloaded using link preload but not used within a few seconds from the window's load event. Please make sure it has an appropriate `as` value and it is preloaded intentionally. @ http://localhost:3000/:0
[ 4427689ms] [WARNING] The resource http://localhost:3000/_next/image?url=%2Flogo%2Flogo.webp&w=384&q=75 was preloaded using link preload but not used within a few seconds from the window's load event. Please make sure it has an appropriate `as` value and it is preloaded intentionally. @ http://localhost:3000/:0
[ 4437500ms] [WARNING] The resource http://localhost:3000/_next/image?url=%2Fbest%20shots%2FProduct%20image%2Fproduct-bodywash.webp&w=3840&q=75 was preloaded using link preload but not used within a few seconds from the window's load event. Please make sure it has an appropriate `as` value and it is preloaded intentionally. @ http://localhost:3000/:0
[ 4437500ms] [WARNING] The resource http://localhost:3000/_next/image?url=%2Flogo%2Flogo.webp&w=384&q=75 was preloaded using link preload but not used within a few seconds from the window's load event. Please make sure it has an appropriate `as` value and it is preloaded intentionally. @ http://localhost:3000/:0
[ 4442840ms] [WARNING] The resource http://localhost:3000/_next/image?url=%2Fbest%20shots%2FProduct%20image%2Fproduct-bodywash.webp&w=3840&q=75 was preloaded using link preload but not used within a few seconds from the window's load event. Please make sure it has an appropriate `as` value and it is preloaded intentionally. @ http://localhost:3000/:0
[ 4442840ms] [WARNING] The resource http://localhost:3000/_next/image?url=%2Flogo%2Flogo.webp&w=384&q=75 was preloaded using link preload but not used within a few seconds from the window's load event. Please make sure it has an appropriate `as` value and it is preloaded intentionally. @ http://localhost:3000/:0
[ 4452570ms] [WARNING] The resource http://localhost:3000/_next/image?url=%2Fbest%20shots%2FProduct%20image%2Fproduct-bodywash.webp&w=3840&q=75 was preloaded using link preload but not used within a few seconds from the window's load event. Please make sure it has an appropriate `as` value and it is preloaded intentionally. @ http://localhost:3000/:0
[ 4452570ms] [WARNING] The resource http://localhost:3000/_next/image?url=%2Flogo%2Flogo.webp&w=384&q=75 was preloaded using link preload but not used within a few seconds from the window's load event. Please make sure it has an appropriate `as` value and it is preloaded intentionally. @ http://localhost:3000/:0
[ 4457907ms] [WARNING] The resource http://localhost:3000/_next/image?url=%2Fbest%20shots%2FProduct%20image%2Fproduct-bodywash.webp&w=3840&q=75 was preloaded using link preload but not used within a few seconds from the window's load event. Please make sure it has an appropriate `as` value and it is preloaded intentionally. @ http://localhost:3000/:0
[ 4457907ms] [WARNING] The resource http://localhost:3000/_next/image?url=%2Flogo%2Flogo.webp&w=384&q=75 was preloaded using link preload but not used within a few seconds from the window's load event. Please make sure it has an appropriate `as` value and it is preloaded intentionally. @ http://localhost:3000/:0
[ 4467638ms] [WARNING] The resource http://localhost:3000/_next/image?url=%2Fbest%20shots%2FProduct%20image%2Fproduct-bodywash.webp&w=3840&q=75 was preloaded using link preload but not used within a few seconds from the window's load event. Please make sure it has an appropriate `as` value and it is preloaded intentionally. @ http://localhost:3000/:0
[ 4467638ms] [WARNING] The resource http://localhost:3000/_next/image?url=%2Flogo%2Flogo.webp&w=384&q=75 was preloaded using link preload but not used within a few seconds from the window's load event. Please make sure it has an appropriate `as` value and it is preloaded intentionally. @ http://localhost:3000/:0
[ 4472967ms] [WARNING] The resource http://localhost:3000/_next/image?url=%2Fbest%20shots%2FProduct%20image%2Fproduct-bodywash.webp&w=3840&q=75 was preloaded using link preload but not used within a few seconds from the window's load event. Please make sure it has an appropriate `as` value and it is preloaded intentionally. @ http://localhost:3000/:0
[ 4472967ms] [WARNING] The resource http://localhost:3000/_next/image?url=%2Flogo%2Flogo.webp&w=384&q=75 was preloaded using link preload but not used within a few seconds from the window's load event. Please make sure it has an appropriate `as` value and it is preloaded intentionally. @ http://localhost:3000/:0
[ 4482707ms] [WARNING] The resource http://localhost:3000/_next/image?url=%2Fbest%20shots%2FProduct%20image%2Fproduct-bodywash.webp&w=3840&q=75 was preloaded using link preload but not used within a few seconds from the window's load event. Please make sure it has an appropriate `as` value and it is preloaded intentionally. @ http://localhost:3000/:0
[ 4482707ms] [WARNING] The resource http://localhost:3000/_next/image?url=%2Flogo%2Flogo.webp&w=384&q=75 was preloaded using link preload but not used within a few seconds from the window's load event. Please make sure it has an appropriate `as` value and it is preloaded intentionally. @ http://localhost:3000/:0
[ 4488041ms] [WARNING] The resource http://localhost:3000/_next/image?url=%2Fbest%20shots%2FProduct%20image%2Fproduct-bodywash.webp&w=3840&q=75 was preloaded using link preload but not used within a few seconds from the window's load event. Please make sure it has an appropriate `as` value and it is preloaded intentionally. @ http://localhost:3000/:0
[ 4488041ms] [WARNING] The resource http://localhost:3000/_next/image?url=%2Flogo%2Flogo.webp&w=384&q=75 was preloaded using link preload but not used within a few seconds from the window's load event. Please make sure it has an appropriate `as` value and it is preloaded intentionally. @ http://localhost:3000/:0
[ 4499957ms] [WARNING] The resource http://localhost:3000/_next/image?url=%2Fbest%20shots%2FProduct%20image%2Fproduct-bodywash.webp&w=3840&q=75 was preloaded using link preload but not used within a few seconds from the window's load event. Please make sure it has an appropriate `as` value and it is preloaded intentionally. @ http://localhost:3000/:0
[ 4499957ms] [WARNING] The resource http://localhost:3000/_next/image?url=%2Flogo%2Flogo.webp&w=384&q=75 was preloaded using link preload but not used within a few seconds from the window's load event. Please make sure it has an appropriate `as` value and it is preloaded intentionally. @ http://localhost:3000/:0
[ 4500379ms] [INFO] %cDownload the React DevTools for a better development experience: https://react.dev/link/react-devtools font-weight:bold @ webpack-internal:///(app-pages-browser)/./node_modules/next/dist/compiled/react-dom/cjs/react-dom-client.development.js:24514
[ 4500548ms] [WARNING] Image with src "/logo/logo.webp" has either width or height modified, but not the other. If you use CSS to change the size of your image, also include the styles 'width: "auto"' or 'height: "auto"' to maintain the aspect ratio. @ webpack-internal:///(app-pages-browser)/./node_modules/next/dist/shared/lib/utils/warn-once.js:15
[ 4503581ms] [WARNING] The resource http://localhost:3000/_next/image?url=%2Fbest%20shots%2FProduct%20image%2Fproduct-bodywash.webp&w=3840&q=75 was preloaded using link preload but not used within a few seconds from the window's load event. Please make sure it has an appropriate `as` value and it is preloaded intentionally. @ http://localhost:3000/:0
[ 4503581ms] [WARNING] The resource http://localhost:3000/_next/image?url=%2Flogo%2Flogo.webp&w=384&q=75 was preloaded using link preload but not used within a few seconds from the window's load event. Please make sure it has an appropriate `as` value and it is preloaded intentionally. @ http://localhost:3000/:0
[ 4510409ms] [WARNING] The resource http://localhost:3000/_next/image?url=%2Fbest%20shots%2FProduct%20image%2Fproduct-bodywash.webp&w=3840&q=75 was preloaded using link preload but not used within a few seconds from the window's load event. Please make sure it has an appropriate `as` value and it is preloaded intentionally. @ http://localhost:3000/:0
[ 4510409ms] [WARNING] The resource http://localhost:3000/_next/image?url=%2Flogo%2Flogo.webp&w=384&q=75 was preloaded using link preload but not used within a few seconds from the window's load event. Please make sure it has an appropriate `as` value and it is preloaded intentionally. @ http://localhost:3000/:0
[ 4521191ms] [WARNING] The resource http://localhost:3000/_next/image?url=%2Fbest%20shots%2FProduct%20image%2Fproduct-bodywash.webp&w=3840&q=75 was preloaded using link preload but not used within a few seconds from the window's load event. Please make sure it has an appropriate `as` value and it is preloaded intentionally. @ http://localhost:3000/:0
[ 4521191ms] [WARNING] The resource http://localhost:3000/_next/image?url=%2Flogo%2Flogo.webp&w=384&q=75 was preloaded using link preload but not used within a few seconds from the window's load event. Please make sure it has an appropriate `as` value and it is preloaded intentionally. @ http://localhost:3000/:0
[ 4526426ms] [WARNING] The resource http://localhost:3000/_next/image?url=%2Fbest%20shots%2FProduct%20image%2Fproduct-bodywash.webp&w=3840&q=75 was preloaded using link preload but not used within a few seconds from the window's load event. Please make sure it has an appropriate `as` value and it is preloaded intentionally. @ http://localhost:3000/:0
[ 4526426ms] [WARNING] The resource http://localhost:3000/_next/image?url=%2Flogo%2Flogo.webp&w=384&q=75 was preloaded using link preload but not used within a few seconds from the window's load event. Please make sure it has an appropriate `as` value and it is preloaded intentionally. @ http://localhost:3000/:0
[ 4528948ms] [LOG] [Fast Refresh] rebuilding @ webpack-internal:///(app-pages-browser)/./node_modules/next/dist/client/components/react-dev-overlay/app/hot-reloader-client.js:239
[ 4529110ms] [LOG] [Fast Refresh] rebuilding @ webpack-internal:///(app-pages-browser)/./node_modules/next/dist/client/components/react-dev-overlay/app/hot-reloader-client.js:239
[ 4529126ms] [LOG] [Fast Refresh] done in 16ms @ webpack-internal:///(app-pages-browser)/./node_modules/next/dist/client/components/react-dev-overlay/app/hot-reloader-client.js:66
[ 4529377ms] [LOG] [Fast Refresh] done in 268ms @ webpack-internal:///(app-pages-browser)/./node_modules/next/dist/client/components/react-dev-overlay/app/hot-reloader-client.js:66
[ 4532526ms] [WARNING] The resource http://localhost:3000/_next/image?url=%2Fbest%20shots%2FProduct%20image%2Fproduct-bodywash.webp&w=3840&q=75 was preloaded using link preload but not used within a few seconds from the window's load event. Please make sure it has an appropriate `as` value and it is preloaded intentionally. @ http://localhost:3000/:0
[ 4532526ms] [WARNING] The resource http://localhost:3000/_next/image?url=%2Flogo%2Flogo.webp&w=384&q=75 was preloaded using link preload but not used within a few seconds from the window's load event. Please make sure it has an appropriate `as` value and it is preloaded intentionally. @ http://localhost:3000/:0
[ 4536256ms] [WARNING] The resource http://localhost:3000/_next/image?url=%2Fbest%20shots%2FProduct%20image%2Fproduct-bodywash.webp&w=3840&q=75 was preloaded using link preload but not used within a few seconds from the window's load event. Please make sure it has an appropriate `as` value and it is preloaded intentionally. @ http://localhost:3000/:0
[ 4536256ms] [WARNING] The resource http://localhost:3000/_next/image?url=%2Flogo%2Flogo.webp&w=384&q=75 was preloaded using link preload but not used within a few seconds from the window's load event. Please make sure it has an appropriate `as` value and it is preloaded intentionally. @ http://localhost:3000/:0
[ 4541509ms] [WARNING] The resource http://localhost:3000/_next/image?url=%2Fbest%20shots%2FProduct%20image%2Fproduct-bodywash.webp&w=3840&q=75 was preloaded using link preload but not used within a few seconds from the window's load event. Please make sure it has an appropriate `as` value and it is preloaded intentionally. @ http://localhost:3000/:0
[ 4541509ms] [WARNING] The resource http://localhost:3000/_next/image?url=%2Flogo%2Flogo.webp&w=384&q=75 was preloaded using link preload but not used within a few seconds from the window's load event. Please make sure it has an appropriate `as` value and it is preloaded intentionally. @ http://localhost:3000/:0
[ 4551359ms] [WARNING] The resource http://localhost:3000/_next/image?url=%2Fbest%20shots%2FProduct%20image%2Fproduct-bodywash.webp&w=3840&q=75 was preloaded using link preload but not used within a few seconds from the window's load event. Please make sure it has an appropriate `as` value and it is preloaded intentionally. @ http://localhost:3000/:0
[ 4551359ms] [WARNING] The resource http://localhost:3000/_next/image?url=%2Flogo%2Flogo.webp&w=384&q=75 was preloaded using link preload but not used within a few seconds from the window's load event. Please make sure it has an appropriate `as` value and it is preloaded intentionally. @ http://localhost:3000/:0
[ 4556655ms] [WARNING] The resource http://localhost:3000/_next/image?url=%2Fbest%20shots%2FProduct%20image%2Fproduct-bodywash.webp&w=3840&q=75 was preloaded using link preload but not used within a few seconds from the window's load event. Please make sure it has an appropriate `as` value and it is preloaded intentionally. @ http://localhost:3000/:0
[ 4556655ms] [WARNING] The resource http://localhost:3000/_next/image?url=%2Flogo%2Flogo.webp&w=384&q=75 was preloaded using link preload but not used within a few seconds from the window's load event. Please make sure it has an appropriate `as` value and it is preloaded intentionally. @ http://localhost:3000/:0
[ 4567950ms] [WARNING] The resource http://localhost:3000/_next/image?url=%2Fbest%20shots%2FProduct%20image%2Fproduct-bodywash.webp&w=3840&q=75 was preloaded using link preload but not used within a few seconds from the window's load event. Please make sure it has an appropriate `as` value and it is preloaded intentionally. @ http://localhost:3000/:0
[ 4567950ms] [WARNING] The resource http://localhost:3000/_next/image?url=%2Flogo%2Flogo.webp&w=384&q=75 was preloaded using link preload but not used within a few seconds from the window's load event. Please make sure it has an appropriate `as` value and it is preloaded intentionally. @ http://localhost:3000/:0
[ 4573263ms] [WARNING] The resource http://localhost:3000/_next/image?url=%2Fbest%20shots%2FProduct%20image%2Fproduct-bodywash.webp&w=3840&q=75 was preloaded using link preload but not used within a few seconds from the window's load event. Please make sure it has an appropriate `as` value and it is preloaded intentionally. @ http://localhost:3000/:0
[ 4573263ms] [WARNING] The resource http://localhost:3000/_next/image?url=%2Flogo%2Flogo.webp&w=384&q=75 was preloaded using link preload but not used within a few seconds from the window's load event. Please make sure it has an appropriate `as` value and it is preloaded intentionally. @ http://localhost:3000/:0
[ 4583020ms] [WARNING] The resource http://localhost:3000/_next/image?url=%2Fbest%20shots%2FProduct%20image%2Fproduct-bodywash.webp&w=3840&q=75 was preloaded using link preload but not used within a few seconds from the window's load event. Please make sure it has an appropriate `as` value and it is preloaded intentionally. @ http://localhost:3000/:0
[ 4583020ms] [WARNING] The resource http://localhost:3000/_next/image?url=%2Flogo%2Flogo.webp&w=384&q=75 was preloaded using link preload but not used within a few seconds from the window's load event. Please make sure it has an appropriate `as` value and it is preloaded intentionally. @ http://localhost:3000/:0
[ 4588259ms] [WARNING] The resource http://localhost:3000/_next/image?url=%2Fbest%20shots%2FProduct%20image%2Fproduct-bodywash.webp&w=3840&q=75 was preloaded using link preload but not used within a few seconds from the window's load event. Please make sure it has an appropriate `as` value and it is preloaded intentionally. @ http://localhost:3000/:0
[ 4588259ms] [WARNING] The resource http://localhost:3000/_next/image?url=%2Flogo%2Flogo.webp&w=384&q=75 was preloaded using link preload but not used within a few seconds from the window's load event. Please make sure it has an appropriate `as` value and it is preloaded intentionally. @ http://localhost:3000/:0
[ 4598095ms] [WARNING] The resource http://localhost:3000/_next/image?url=%2Fbest%20shots%2FProduct%20image%2Fproduct-bodywash.webp&w=3840&q=75 was preloaded using link preload but not used within a few seconds from the window's load event. Please make sure it has an appropriate `as` value and it is preloaded intentionally. @ http://localhost:3000/:0
[ 4598095ms] [WARNING] The resource http://localhost:3000/_next/image?url=%2Flogo%2Flogo.webp&w=384&q=75 was preloaded using link preload but not used within a few seconds from the window's load event. Please make sure it has an appropriate `as` value and it is preloaded intentionally. @ http://localhost:3000/:0
[ 4601284ms] [LOG] [Fast Refresh] rebuilding @ webpack-internal:///(app-pages-browser)/./node_modules/next/dist/client/components/react-dev-overlay/app/hot-reloader-client.js:239
[ 4601630ms] [LOG] [Fast Refresh] done in 346ms @ webpack-internal:///(app-pages-browser)/./node_modules/next/dist/client/components/react-dev-overlay/app/hot-reloader-client.js:66
[ 4604654ms] [WARNING] The resource http://localhost:3000/_next/image?url=%2Fbest%20shots%2FProduct%20image%2Fproduct-bodywash.webp&w=3840&q=75 was preloaded using link preload but not used within a few seconds from the window's load event. Please make sure it has an appropriate `as` value and it is preloaded intentionally. @ http://localhost:3000/:0
[ 4604654ms] [WARNING] The resource http://localhost:3000/_next/image?url=%2Flogo%2Flogo.webp&w=384&q=75 was preloaded using link preload but not used within a few seconds from the window's load event. Please make sure it has an appropriate `as` value and it is preloaded intentionally. @ http://localhost:3000/:0
[ 4613179ms] [WARNING] The resource http://localhost:3000/_next/image?url=%2Fbest%20shots%2FProduct%20image%2Fproduct-bodywash.webp&w=3840&q=75 was preloaded using link preload but not used within a few seconds from the window's load event. Please make sure it has an appropriate `as` value and it is preloaded intentionally. @ http://localhost:3000/:0
[ 4613179ms] [WARNING] The resource http://localhost:3000/_next/image?url=%2Flogo%2Flogo.webp&w=384&q=75 was preloaded using link preload but not used within a few seconds from the window's load event. Please make sure it has an appropriate `as` value and it is preloaded intentionally. @ http://localhost:3000/:0
[ 4618400ms] [WARNING] The resource http://localhost:3000/_next/image?url=%2Fbest%20shots%2FProduct%20image%2Fproduct-bodywash.webp&w=3840&q=75 was preloaded using link preload but not used within a few seconds from the window's load event. Please make sure it has an appropriate `as` value and it is preloaded intentionally. @ http://localhost:3000/:0
[ 4618400ms] [WARNING] The resource http://localhost:3000/_next/image?url=%2Flogo%2Flogo.webp&w=384&q=75 was preloaded using link preload but not used within a few seconds from the window's load event. Please make sure it has an appropriate `as` value and it is preloaded intentionally. @ http://localhost:3000/:0
[ 4628257ms] [WARNING] The resource http://localhost:3000/_next/image?url=%2Fbest%20shots%2FProduct%20image%2Fproduct-bodywash.webp&w=3840&q=75 was preloaded using link preload but not used within a few seconds from the window's load event. Please make sure it has an appropriate `as` value and it is preloaded intentionally. @ http://localhost:3000/:0
[ 4628257ms] [WARNING] The resource http://localhost:3000/_next/image?url=%2Flogo%2Flogo.webp&w=384&q=75 was preloaded using link preload but not used within a few seconds from the window's load event. Please make sure it has an appropriate `as` value and it is preloaded intentionally. @ http://localhost:3000/:0
[ 4633490ms] [WARNING] The resource http://localhost:3000/_next/image?url=%2Fbest%20shots%2FProduct%20image%2Fproduct-bodywash.webp&w=3840&q=75 was preloaded using link preload but not used within a few seconds from the window's load event. Please make sure it has an appropriate `as` value and it is preloaded intentionally. @ http://localhost:3000/:0
[ 4633490ms] [WARNING] The resource http://localhost:3000/_next/image?url=%2Flogo%2Flogo.webp&w=384&q=75 was preloaded using link preload but not used within a few seconds from the window's load event. Please make sure it has an appropriate `as` value and it is preloaded intentionally. @ http://localhost:3000/:0
[ 4643327ms] [WARNING] The resource http://localhost:3000/_next/image?url=%2Fbest%20shots%2FProduct%20image%2Fproduct-bodywash.webp&w=3840&q=75 was preloaded using link preload but not used within a few seconds from the window's load event. Please make sure it has an appropriate `as` value and it is preloaded intentionally. @ http://localhost:3000/:0
[ 4643327ms] [WARNING] The resource http://localhost:3000/_next/image?url=%2Flogo%2Flogo.webp&w=384&q=75 was preloaded using link preload but not used within a few seconds from the window's load event. Please make sure it has an appropriate `as` value and it is preloaded intentionally. @ http://localhost:3000/:0
[ 4648568ms] [WARNING] The resource http://localhost:3000/_next/image?url=%2Fbest%20shots%2FProduct%20image%2Fproduct-bodywash.webp&w=3840&q=75 was preloaded using link preload but not used within a few seconds from the window's load event. Please make sure it has an appropriate `as` value and it is preloaded intentionally. @ http://localhost:3000/:0
[ 4648568ms] [WARNING] The resource http://localhost:3000/_next/image?url=%2Flogo%2Flogo.webp&w=384&q=75 was preloaded using link preload but not used within a few seconds from the window's load event. Please make sure it has an appropriate `as` value and it is preloaded intentionally. @ http://localhost:3000/:0
[ 4658392ms] [WARNING] The resource http://localhost:3000/_next/image?url=%2Fbest%20shots%2FProduct%20image%2Fproduct-bodywash.webp&w=3840&q=75 was preloaded using link preload but not used within a few seconds from the window's load event. Please make sure it has an appropriate `as` value and it is preloaded intentionally. @ http://localhost:3000/:0
[ 4658393ms] [WARNING] The resource http://localhost:3000/_next/image?url=%2Flogo%2Flogo.webp&w=384&q=75 was preloaded using link preload but not used within a few seconds from the window's load event. Please make sure it has an appropriate `as` value and it is preloaded intentionally. @ http://localhost:3000/:0
[ 4663695ms] [WARNING] The resource http://localhost:3000/_next/image?url=%2Fbest%20shots%2FProduct%20image%2Fproduct-bodywash.webp&w=3840&q=75 was preloaded using link preload but not used within a few seconds from the window's load event. Please make sure it has an appropriate `as` value and it is preloaded intentionally. @ http://localhost:3000/:0
[ 4663695ms] [WARNING] The resource http://localhost:3000/_next/image?url=%2Flogo%2Flogo.webp&w=384&q=75 was preloaded using link preload but not used within a few seconds from the window's load event. Please make sure it has an appropriate `as` value and it is preloaded intentionally. @ http://localhost:3000/:0
[ 4673468ms] [WARNING] The resource http://localhost:3000/_next/image?url=%2Fbest%20shots%2FProduct%20image%2Fproduct-bodywash.webp&w=3840&q=75 was preloaded using link preload but not used within a few seconds from the window's load event. Please make sure it has an appropriate `as` value and it is preloaded intentionally. @ http://localhost:3000/:0
[ 4673468ms] [WARNING] The resource http://localhost:3000/_next/image?url=%2Flogo%2Flogo.webp&w=384&q=75 was preloaded using link preload but not used within a few seconds from the window's load event. Please make sure it has an appropriate `as` value and it is preloaded intentionally. @ http://localhost:3000/:0
[ 4678702ms] [WARNING] The resource http://localhost:3000/_next/image?url=%2Fbest%20shots%2FProduct%20image%2Fproduct-bodywash.webp&w=3840&q=75 was preloaded using link preload but not used within a few seconds from the window's load event. Please make sure it has an appropriate `as` value and it is preloaded intentionally. @ http://localhost:3000/:0
[ 4678702ms] [WARNING] The resource http://localhost:3000/_next/image?url=%2Flogo%2Flogo.webp&w=384&q=75 was preloaded using link preload but not used within a few seconds from the window's load event. Please make sure it has an appropriate `as` value and it is preloaded intentionally. @ http://localhost:3000/:0
