[     235ms] [INFO] %cDownload the React DevTools for a better development experience: https://react.dev/link/react-devtools font-weight:bold @ webpack-internal:///(app-pages-browser)/./node_modules/next/dist/compiled/react-dom/cjs/react-dom-client.development.js:24514
[     284ms] [ERROR] Failed to load resource: net::ERR_CACHE_OPERATION_NOT_SUPPORTED @ http://localhost:3000/main%20hero%20shots/hero-video.mp4:0
[     373ms] [WARNING] Image with src "/logo/logo.webp" has either width or height modified, but not the other. If you use CSS to change the size of your image, also include the styles 'width: "auto"' or 'height: "auto"' to maintain the aspect ratio. @ webpack-internal:///(app-pages-browser)/./node_modules/next/dist/shared/lib/utils/warn-once.js:15
[    3472ms] [WARNING] The resource http://localhost:3000/_next/image?url=%2Fbest%20shots%2FProduct%20image%2Fproduct-molton-brown.webp&w=3840&q=75 was preloaded using link preload but not used within a few seconds from the window's load event. Please make sure it has an appropriate `as` value and it is preloaded intentionally. @ http://localhost:3000/:0
[    3472ms] [WARNING] The resource http://localhost:3000/_next/image?url=%2Flogo%2Flogo.webp&w=384&q=75 was preloaded using link preload but not used within a few seconds from the window's load event. Please make sure it has an appropriate `as` value and it is preloaded intentionally. @ http://localhost:3000/:0
[   10455ms] [WARNING] The resource http://localhost:3000/_next/image?url=%2Fbest%20shots%2FProduct%20image%2Fproduct-molton-brown.webp&w=3840&q=75 was preloaded using link preload but not used within a few seconds from the window's load event. Please make sure it has an appropriate `as` value and it is preloaded intentionally. @ http://localhost:3000/:0
[   10455ms] [WARNING] The resource http://localhost:3000/_next/image?url=%2Flogo%2Flogo.webp&w=384&q=75 was preloaded using link preload but not used within a few seconds from the window's load event. Please make sure it has an appropriate `as` value and it is preloaded intentionally. @ http://localhost:3000/:0
[   15422ms] [WARNING] You are trying to animate backgroundColor from "#111111" to "transparent". "transparent" is not an animatable value.. For more information and steps for solving, visit https://motion.dev/troubleshooting/value-not-animatable @ webpack-internal:///(app-pages-browser)/./node_modules/motion-utils/dist/es/errors.mjs:15
[   27107ms] [WARNING] The resource http://localhost:3000/_next/image?url=%2Fbest%20shots%2FProduct%20image%2Fproduct-molton-brown.webp&w=3840&q=75 was preloaded using link preload but not used within a few seconds from the window's load event. Please make sure it has an appropriate `as` value and it is preloaded intentionally. @ http://localhost:3000/:0
[   27107ms] [WARNING] The resource http://localhost:3000/_next/image?url=%2Flogo%2Flogo.webp&w=384&q=75 was preloaded using link preload but not used within a few seconds from the window's load event. Please make sure it has an appropriate `as` value and it is preloaded intentionally. @ http://localhost:3000/:0
[   31555ms] [WARNING] You are trying to animate backgroundColor from "rgba(11, 11, 11, 0.40999)" to "transparent". "transparent" is not an animatable value.. For more information and steps for solving, visit https://motion.dev/troubleshooting/value-not-animatable @ webpack-internal:///(app-pages-browser)/./node_modules/motion-utils/dist/es/errors.mjs:15
[  354855ms] [LOG] [Fast Refresh] rebuilding @ webpack-internal:///(app-pages-browser)/./node_modules/next/dist/client/components/react-dev-overlay/app/hot-reloader-client.js:239
[  355270ms] [LOG] [Fast Refresh] done in 415ms @ webpack-internal:///(app-pages-browser)/./node_modules/next/dist/client/components/react-dev-overlay/app/hot-reloader-client.js:66
[  367170ms] [INFO] %cDownload the React DevTools for a better development experience: https://react.dev/link/react-devtools font-weight:bold @ webpack-internal:///(app-pages-browser)/./node_modules/next/dist/compiled/react-dom/cjs/react-dom-client.development.js:24514
[  367316ms] [WARNING] Image with src "/logo/logo.webp" has either width or height modified, but not the other. If you use CSS to change the size of your image, also include the styles 'width: "auto"' or 'height: "auto"' to maintain the aspect ratio. @ webpack-internal:///(app-pages-browser)/./node_modules/next/dist/shared/lib/utils/warn-once.js:15
[  369747ms] [LOG] FloatingGallery progress: 0.0001 @ webpack-internal:///(app-pages-browser)/./src/components/sections/FloatingGallery.tsx:410
[  369813ms] [LOG] FloatingGallery progress: 0.0051473198438054665 @ webpack-internal:///(app-pages-browser)/./src/components/sections/FloatingGallery.tsx:410
[  369830ms] [LOG] FloatingGallery progress: 0.010117145899893504 @ webpack-internal:///(app-pages-browser)/./src/components/sections/FloatingGallery.tsx:410
[  369847ms] [LOG] FloatingGallery progress: 0.014731984380546681 @ webpack-internal:///(app-pages-browser)/./src/components/sections/FloatingGallery.tsx:410
[  369863ms] [LOG] FloatingGallery progress: 0.018814341498047567 @ webpack-internal:///(app-pages-browser)/./src/components/sections/FloatingGallery.tsx:410
[  369880ms] [LOG] FloatingGallery progress: 0.022719204827831026 @ webpack-internal:///(app-pages-browser)/./src/components/sections/FloatingGallery.tsx:410
[  369896ms] [LOG] FloatingGallery progress: 0.026446574369897054 @ webpack-internal:///(app-pages-browser)/./src/components/sections/FloatingGallery.tsx:410
[  369913ms] [LOG] FloatingGallery progress: 0.029641462548810792 @ webpack-internal:///(app-pages-browser)/./src/components/sections/FloatingGallery.tsx:410
[  369930ms] [LOG] FloatingGallery progress: 0.0326588569400071 @ webpack-internal:///(app-pages-browser)/./src/components/sections/FloatingGallery.tsx:410
[  369946ms] [LOG] FloatingGallery progress: 0.03567625133120341 @ webpack-internal:///(app-pages-browser)/./src/components/sections/FloatingGallery.tsx:410
[  369963ms] [LOG] FloatingGallery progress: 0.03816116435924743 @ webpack-internal:///(app-pages-browser)/./src/components/sections/FloatingGallery.tsx:410
[  369980ms] [LOG] FloatingGallery progress: 0.040646077387291445 @ webpack-internal:///(app-pages-browser)/./src/components/sections/FloatingGallery.tsx:410
[  369996ms] [LOG] FloatingGallery progress: 0.0427760028399006 @ webpack-internal:///(app-pages-browser)/./src/components/sections/FloatingGallery.tsx:410
[  370013ms] [LOG] FloatingGallery progress: 0.04472843450479233 @ webpack-internal:///(app-pages-browser)/./src/components/sections/FloatingGallery.tsx:410
[  370030ms] [LOG] FloatingGallery progress: 0.04668086616968406 @ webpack-internal:///(app-pages-browser)/./src/components/sections/FloatingGallery.tsx:410
[  370047ms] [LOG] FloatingGallery progress: 0.04845580404685836 @ webpack-internal:///(app-pages-browser)/./src/components/sections/FloatingGallery.tsx:410
[  370063ms] [LOG] FloatingGallery progress: 0.05005324813631523 @ webpack-internal:///(app-pages-browser)/./src/components/sections/FloatingGallery.tsx:410
[  370080ms] [LOG] FloatingGallery progress: 0.05289314873979411 @ webpack-internal:///(app-pages-browser)/./src/components/sections/FloatingGallery.tsx:410
[  370097ms] [LOG] FloatingGallery progress: 0.056975505857294995 @ webpack-internal:///(app-pages-browser)/./src/components/sections/FloatingGallery.tsx:410
[  370113ms] [LOG] FloatingGallery progress: 0.06194533191338303 @ webpack-internal:///(app-pages-browser)/./src/components/sections/FloatingGallery.tsx:410
[  370130ms] [LOG] FloatingGallery progress: 0.06798012069577565 @ webpack-internal:///(app-pages-browser)/./src/components/sections/FloatingGallery.tsx:410
[  370146ms] [LOG] FloatingGallery progress: 0.07330493432729854 @ webpack-internal:///(app-pages-browser)/./src/components/sections/FloatingGallery.tsx:410
[  370163ms] [LOG] FloatingGallery progress: 0.07862974795882144 @ webpack-internal:///(app-pages-browser)/./src/components/sections/FloatingGallery.tsx:410
[  370180ms] [LOG] FloatingGallery progress: 0.08342208022719205 @ webpack-internal:///(app-pages-browser)/./src/components/sections/FloatingGallery.tsx:410
[  370196ms] [LOG] FloatingGallery progress: 0.0878594249201278 @ webpack-internal:///(app-pages-browser)/./src/components/sections/FloatingGallery.tsx:410
[  370213ms] [LOG] FloatingGallery progress: 0.09176428824991126 @ webpack-internal:///(app-pages-browser)/./src/components/sections/FloatingGallery.tsx:410
[  370230ms] [LOG] FloatingGallery progress: 0.09566915157969472 @ webpack-internal:///(app-pages-browser)/./src/components/sections/FloatingGallery.tsx:410
[  370246ms] [LOG] FloatingGallery progress: 0.09904153354632587 @ webpack-internal:///(app-pages-browser)/./src/components/sections/FloatingGallery.tsx:410
[  370263ms] [LOG] FloatingGallery progress: 0.10223642172523961 @ webpack-internal:///(app-pages-browser)/./src/components/sections/FloatingGallery.tsx:410
[  370280ms] [LOG] FloatingGallery progress: 0.10525381611643593 @ webpack-internal:///(app-pages-browser)/./src/components/sections/FloatingGallery.tsx:410
[  370296ms] [LOG] FloatingGallery progress: 0.10791622293219737 @ webpack-internal:///(app-pages-browser)/./src/components/sections/FloatingGallery.tsx:410
[  370313ms] [LOG] FloatingGallery progress: 0.1104011359602414 @ webpack-internal:///(app-pages-browser)/./src/components/sections/FloatingGallery.tsx:410
[  370329ms] [LOG] FloatingGallery progress: 0.11270855520056798 @ webpack-internal:///(app-pages-browser)/./src/components/sections/FloatingGallery.tsx:410
[  370347ms] [LOG] FloatingGallery progress: 0.11483848065317714 @ webpack-internal:///(app-pages-browser)/./src/components/sections/FloatingGallery.tsx:410
[  370363ms] [LOG] FloatingGallery progress: 0.11679091231806887 @ webpack-internal:///(app-pages-browser)/./src/components/sections/FloatingGallery.tsx:410
[  370379ms] [LOG] FloatingGallery progress: 0.11856585019524317 @ webpack-internal:///(app-pages-browser)/./src/components/sections/FloatingGallery.tsx:410
[  370396ms] [LOG] FloatingGallery progress: 0.12016329428470003 @ webpack-internal:///(app-pages-browser)/./src/components/sections/FloatingGallery.tsx:410
[  370407ms] [WARNING] The resource http://localhost:3000/_next/image?url=%2Fbest%20shots%2FProduct%20image%2Fproduct-molton-brown.webp&w=3840&q=75 was preloaded using link preload but not used within a few seconds from the window's load event. Please make sure it has an appropriate `as` value and it is preloaded intentionally. @ http://localhost:3000/:0
[  370407ms] [WARNING] The resource http://localhost:3000/_next/image?url=%2Flogo%2Flogo.webp&w=384&q=75 was preloaded using link preload but not used within a few seconds from the window's load event. Please make sure it has an appropriate `as` value and it is preloaded intentionally. @ http://localhost:3000/:0
[  370413ms] [LOG] FloatingGallery progress: 0.12176073837415691 @ webpack-internal:///(app-pages-browser)/./src/components/sections/FloatingGallery.tsx:410
[  370430ms] [LOG] FloatingGallery progress: 0.12318068867589635 @ webpack-internal:///(app-pages-browser)/./src/components/sections/FloatingGallery.tsx:410
[  370446ms] [LOG] FloatingGallery progress: 0.12460063897763578 @ webpack-internal:///(app-pages-browser)/./src/components/sections/FloatingGallery.tsx:410
[  370463ms] [LOG] FloatingGallery progress: 0.1270855520056798 @ webpack-internal:///(app-pages-browser)/./src/components/sections/FloatingGallery.tsx:410
[  370480ms] [LOG] FloatingGallery progress: 0.13081292154774582 @ webpack-internal:///(app-pages-browser)/./src/components/sections/FloatingGallery.tsx:410
[  370496ms] [LOG] FloatingGallery progress: 0.13578274760383385 @ webpack-internal:///(app-pages-browser)/./src/components/sections/FloatingGallery.tsx:410
[  370513ms] [LOG] FloatingGallery progress: 0.14146254881079162 @ webpack-internal:///(app-pages-browser)/./src/components/sections/FloatingGallery.tsx:410
[  370529ms] [LOG] FloatingGallery progress: 0.14820731274405397 @ webpack-internal:///(app-pages-browser)/./src/components/sections/FloatingGallery.tsx:410
[  370546ms] [LOG] FloatingGallery progress: 0.15459708910188144 @ webpack-internal:///(app-pages-browser)/./src/components/sections/FloatingGallery.tsx:410
[  370563ms] [LOG] FloatingGallery progress: 0.16009939652112176 @ webpack-internal:///(app-pages-browser)/./src/components/sections/FloatingGallery.tsx:410
[  370580ms] [LOG] FloatingGallery progress: 0.16560170394036208 @ webpack-internal:///(app-pages-browser)/./src/components/sections/FloatingGallery.tsx:410
[  370596ms] [LOG] FloatingGallery progress: 0.17057152999645012 @ webpack-internal:///(app-pages-browser)/./src/components/sections/FloatingGallery.tsx:410
[  370613ms] [LOG] FloatingGallery progress: 0.17483138090166844 @ webpack-internal:///(app-pages-browser)/./src/components/sections/FloatingGallery.tsx:410
[  370631ms] [LOG] FloatingGallery progress: 0.1792687255946042 @ webpack-internal:///(app-pages-browser)/./src/components/sections/FloatingGallery.tsx:410
[  370646ms] [LOG] FloatingGallery progress: 0.18281860134895278 @ webpack-internal:///(app-pages-browser)/./src/components/sections/FloatingGallery.tsx:410
[  370663ms] [LOG] FloatingGallery progress: 0.18636847710330137 @ webpack-internal:///(app-pages-browser)/./src/components/sections/FloatingGallery.tsx:410
[  370679ms] [LOG] FloatingGallery progress: 0.18974085906993254 @ webpack-internal:///(app-pages-browser)/./src/components/sections/FloatingGallery.tsx:410
[  370696ms] [LOG] FloatingGallery progress: 0.1929357472488463 @ webpack-internal:///(app-pages-browser)/./src/components/sections/FloatingGallery.tsx:410
[  370713ms] [LOG] FloatingGallery progress: 0.19559815406460773 @ webpack-internal:///(app-pages-browser)/./src/components/sections/FloatingGallery.tsx:410
[  370730ms] [LOG] FloatingGallery progress: 0.1982605608803692 @ webpack-internal:///(app-pages-browser)/./src/components/sections/FloatingGallery.tsx:410
[  370746ms] [LOG] FloatingGallery progress: 0.20056798012069577 @ webpack-internal:///(app-pages-browser)/./src/components/sections/FloatingGallery.tsx:410
[  370763ms] [LOG] FloatingGallery progress: 0.20411785587504438 @ webpack-internal:///(app-pages-browser)/./src/components/sections/FloatingGallery.tsx:410
[  370779ms] [LOG] FloatingGallery progress: 0.20873269435569755 @ webpack-internal:///(app-pages-browser)/./src/components/sections/FloatingGallery.tsx:410
[  370796ms] [LOG] FloatingGallery progress: 0.21458998935037274 @ webpack-internal:///(app-pages-browser)/./src/components/sections/FloatingGallery.tsx:410
[  370813ms] [LOG] FloatingGallery progress: 0.2208022719204828 @ webpack-internal:///(app-pages-browser)/./src/components/sections/FloatingGallery.tsx:410
[  370834ms] [LOG] FloatingGallery progress: 0.23020944266950658 @ webpack-internal:///(app-pages-browser)/./src/components/sections/FloatingGallery.tsx:410
[  370846ms] [LOG] FloatingGallery progress: 0.23500177493787716 @ webpack-internal:///(app-pages-browser)/./src/components/sections/FloatingGallery.tsx:410
[  370863ms] [LOG] FloatingGallery progress: 0.24156904508342208 @ webpack-internal:///(app-pages-browser)/./src/components/sections/FloatingGallery.tsx:410
[  370879ms] [LOG] FloatingGallery progress: 0.2476038338658147 @ webpack-internal:///(app-pages-browser)/./src/components/sections/FloatingGallery.tsx:410
[  370896ms] [LOG] FloatingGallery progress: 0.25275115370962015 @ webpack-internal:///(app-pages-browser)/./src/components/sections/FloatingGallery.tsx:410
[  370913ms] [LOG] FloatingGallery progress: 0.25789847355342566 @ webpack-internal:///(app-pages-browser)/./src/components/sections/FloatingGallery.tsx:410
[  370930ms] [LOG] FloatingGallery progress: 0.2625133120340788 @ webpack-internal:///(app-pages-browser)/./src/components/sections/FloatingGallery.tsx:410
[  370946ms] [LOG] FloatingGallery progress: 0.26695065672701457 @ webpack-internal:///(app-pages-browser)/./src/components/sections/FloatingGallery.tsx:410
[  370963ms] [LOG] FloatingGallery progress: 0.2706780262690806 @ webpack-internal:///(app-pages-browser)/./src/components/sections/FloatingGallery.tsx:410
[  370981ms] [LOG] FloatingGallery progress: 0.2747603833865815 @ webpack-internal:///(app-pages-browser)/./src/components/sections/FloatingGallery.tsx:410
[  370996ms] [LOG] FloatingGallery progress: 0.2777777777777778 @ webpack-internal:///(app-pages-browser)/./src/components/sections/FloatingGallery.tsx:410
[  371013ms] [LOG] FloatingGallery progress: 0.2807951721689741 @ webpack-internal:///(app-pages-browser)/./src/components/sections/FloatingGallery.tsx:410
[  371029ms] [LOG] FloatingGallery progress: 0.283635072772453 @ webpack-internal:///(app-pages-browser)/./src/components/sections/FloatingGallery.tsx:410
[  371046ms] [LOG] FloatingGallery progress: 0.28611998580049697 @ webpack-internal:///(app-pages-browser)/./src/components/sections/FloatingGallery.tsx:410
[  371063ms] [LOG] FloatingGallery progress: 0.288604898828541 @ webpack-internal:///(app-pages-browser)/./src/components/sections/FloatingGallery.tsx:410
[  371079ms] [LOG] FloatingGallery progress: 0.29233226837060705 @ webpack-internal:///(app-pages-browser)/./src/components/sections/FloatingGallery.tsx:410
[  371096ms] [LOG] FloatingGallery progress: 0.2957046503372382 @ webpack-internal:///(app-pages-browser)/./src/components/sections/FloatingGallery.tsx:410
[  371113ms] [LOG] FloatingGallery progress: 0.2999645012424565 @ webpack-internal:///(app-pages-browser)/./src/components/sections/FloatingGallery.tsx:410
[  371130ms] [LOG] FloatingGallery progress: 0.30564430244941426 @ webpack-internal:///(app-pages-browser)/./src/components/sections/FloatingGallery.tsx:410
[  371146ms] [LOG] FloatingGallery progress: 0.31203407880724177 @ webpack-internal:///(app-pages-browser)/./src/components/sections/FloatingGallery.tsx:410
[  371163ms] [LOG] FloatingGallery progress: 0.31913383031593895 @ webpack-internal:///(app-pages-browser)/./src/components/sections/FloatingGallery.tsx:410
[  371179ms] [LOG] FloatingGallery progress: 0.3258785942492013 @ webpack-internal:///(app-pages-browser)/./src/components/sections/FloatingGallery.tsx:410
[  371196ms] [LOG] FloatingGallery progress: 0.33226837060702874 @ webpack-internal:///(app-pages-browser)/./src/components/sections/FloatingGallery.tsx:410
[  371213ms] [LOG] FloatingGallery progress: 0.33812566560170393 @ webpack-internal:///(app-pages-browser)/./src/components/sections/FloatingGallery.tsx:410
[  371231ms] [LOG] FloatingGallery progress: 0.3438054668086617 @ webpack-internal:///(app-pages-browser)/./src/components/sections/FloatingGallery.tsx:410
[  371246ms] [LOG] FloatingGallery progress: 0.3478878239261626 @ webpack-internal:///(app-pages-browser)/./src/components/sections/FloatingGallery.tsx:410
[  371263ms] [LOG] FloatingGallery progress: 0.35250266240681577 @ webpack-internal:///(app-pages-browser)/./src/components/sections/FloatingGallery.tsx:410
[  371279ms] [LOG] FloatingGallery progress: 0.35676251331203407 @ webpack-internal:///(app-pages-browser)/./src/components/sections/FloatingGallery.tsx:410
[  371296ms] [LOG] FloatingGallery progress: 0.3606673766418175 @ webpack-internal:///(app-pages-browser)/./src/components/sections/FloatingGallery.tsx:410
[  371313ms] [LOG] FloatingGallery progress: 0.3640397586084487 @ webpack-internal:///(app-pages-browser)/./src/components/sections/FloatingGallery.tsx:410
[  371329ms] [LOG] FloatingGallery progress: 0.36741214057507987 @ webpack-internal:///(app-pages-browser)/./src/components/sections/FloatingGallery.tsx:410
[  371346ms] [LOG] FloatingGallery progress: 0.3704295349662762 @ webpack-internal:///(app-pages-browser)/./src/components/sections/FloatingGallery.tsx:410
[  371363ms] [LOG] FloatingGallery progress: 0.37309194178203764 @ webpack-internal:///(app-pages-browser)/./src/components/sections/FloatingGallery.tsx:410
[  371380ms] [LOG] FloatingGallery progress: 0.3757543485977991 @ webpack-internal:///(app-pages-browser)/./src/components/sections/FloatingGallery.tsx:410
[  371396ms] [LOG] FloatingGallery progress: 0.37930422435214767 @ webpack-internal:///(app-pages-browser)/./src/components/sections/FloatingGallery.tsx:410
[  371413ms] [LOG] FloatingGallery progress: 0.3828541001064963 @ webpack-internal:///(app-pages-browser)/./src/components/sections/FloatingGallery.tsx:410
[  371430ms] [LOG] FloatingGallery progress: 0.3874689385871494 @ webpack-internal:///(app-pages-browser)/./src/components/sections/FloatingGallery.tsx:410
[  371446ms] [LOG] FloatingGallery progress: 0.3931487397941072 @ webpack-internal:///(app-pages-browser)/./src/components/sections/FloatingGallery.tsx:410
[  371463ms] [LOG] FloatingGallery progress: 0.3993610223642173 @ webpack-internal:///(app-pages-browser)/./src/components/sections/FloatingGallery.tsx:410
[  371479ms] [LOG] FloatingGallery progress: 0.4069932552360667 @ webpack-internal:///(app-pages-browser)/./src/components/sections/FloatingGallery.tsx:410
[  371496ms] [LOG] FloatingGallery progress: 0.4139155129570465 @ webpack-internal:///(app-pages-browser)/./src/components/sections/FloatingGallery.tsx:410
[  371513ms] [LOG] FloatingGallery progress: 0.42119275825346114 @ webpack-internal:///(app-pages-browser)/./src/components/sections/FloatingGallery.tsx:410
[  371530ms] [LOG] FloatingGallery progress: 0.42847000354987574 @ webpack-internal:///(app-pages-browser)/./src/components/sections/FloatingGallery.tsx:410
[  371546ms] [LOG] FloatingGallery progress: 0.43503727369542067 @ webpack-internal:///(app-pages-browser)/./src/components/sections/FloatingGallery.tsx:410
[  371563ms] [LOG] FloatingGallery progress: 0.44089456869009586 @ webpack-internal:///(app-pages-browser)/./src/components/sections/FloatingGallery.tsx:410
[  371580ms] [LOG] FloatingGallery progress: 0.4465743698970536 @ webpack-internal:///(app-pages-browser)/./src/components/sections/FloatingGallery.tsx:410
[  371596ms] [LOG] FloatingGallery progress: 0.4513667021654242 @ webpack-internal:///(app-pages-browser)/./src/components/sections/FloatingGallery.tsx:410
[  371613ms] [LOG] FloatingGallery progress: 0.45633652822151227 @ webpack-internal:///(app-pages-browser)/./src/components/sections/FloatingGallery.tsx:410
[  371630ms] [LOG] FloatingGallery progress: 0.460773872914448 @ webpack-internal:///(app-pages-browser)/./src/components/sections/FloatingGallery.tsx:410
[  371646ms] [LOG] FloatingGallery progress: 0.46485623003194887 @ webpack-internal:///(app-pages-browser)/./src/components/sections/FloatingGallery.tsx:410
[  371663ms] [LOG] FloatingGallery progress: 0.4684061057862975 @ webpack-internal:///(app-pages-browser)/./src/components/sections/FloatingGallery.tsx:410
[  371679ms] [LOG] FloatingGallery progress: 0.47195598154064605 @ webpack-internal:///(app-pages-browser)/./src/components/sections/FloatingGallery.tsx:410
[  371696ms] [LOG] FloatingGallery progress: 0.4749733759318424 @ webpack-internal:///(app-pages-browser)/./src/components/sections/FloatingGallery.tsx:410
[  371713ms] [LOG] FloatingGallery progress: 0.4779907703230387 @ webpack-internal:///(app-pages-browser)/./src/components/sections/FloatingGallery.tsx:410
[  371730ms] [LOG] FloatingGallery progress: 0.4806531771388001 @ webpack-internal:///(app-pages-browser)/./src/components/sections/FloatingGallery.tsx:410
[  371746ms] [LOG] FloatingGallery progress: 0.4833155839545616 @ webpack-internal:///(app-pages-browser)/./src/components/sections/FloatingGallery.tsx:410
[  371763ms] [LOG] FloatingGallery progress: 0.48544550940717074 @ webpack-internal:///(app-pages-browser)/./src/components/sections/FloatingGallery.tsx:410
[  371780ms] [LOG] FloatingGallery progress: 0.48899538516151936 @ webpack-internal:///(app-pages-browser)/./src/components/sections/FloatingGallery.tsx:410
[  371796ms] [LOG] FloatingGallery progress: 0.4936102236421725 @ webpack-internal:///(app-pages-browser)/./src/components/sections/FloatingGallery.tsx:410
[  371813ms] [LOG] FloatingGallery progress: 0.49769258075967343 @ webpack-internal:///(app-pages-browser)/./src/components/sections/FloatingGallery.tsx:410
[  371830ms] [LOG] FloatingGallery progress: 0.5031948881789138 @ webpack-internal:///(app-pages-browser)/./src/components/sections/FloatingGallery.tsx:410
[  371846ms] [LOG] FloatingGallery progress: 0.5094071707490238 @ webpack-internal:///(app-pages-browser)/./src/components/sections/FloatingGallery.tsx:410
[  371863ms] [LOG] FloatingGallery progress: 0.5149094781682642 @ webpack-internal:///(app-pages-browser)/./src/components/sections/FloatingGallery.tsx:410
[  371879ms] [LOG] FloatingGallery progress: 0.5204117855875044 @ webpack-internal:///(app-pages-browser)/./src/components/sections/FloatingGallery.tsx:410
[  371896ms] [LOG] FloatingGallery progress: 0.5268015619453319 @ webpack-internal:///(app-pages-browser)/./src/components/sections/FloatingGallery.tsx:410
[  371913ms] [LOG] FloatingGallery progress: 0.5323038693645722 @ webpack-internal:///(app-pages-browser)/./src/components/sections/FloatingGallery.tsx:410
[  371930ms] [LOG] FloatingGallery progress: 0.5378061767838126 @ webpack-internal:///(app-pages-browser)/./src/components/sections/FloatingGallery.tsx:410
[  371946ms] [LOG] FloatingGallery progress: 0.5427760028399006 @ webpack-internal:///(app-pages-browser)/./src/components/sections/FloatingGallery.tsx:410
[  371963ms] [LOG] FloatingGallery progress: 0.5472133475328363 @ webpack-internal:///(app-pages-browser)/./src/components/sections/FloatingGallery.tsx:410
[  371980ms] [LOG] FloatingGallery progress: 0.5514731984380546 @ webpack-internal:///(app-pages-browser)/./src/components/sections/FloatingGallery.tsx:410
[  371996ms] [LOG] FloatingGallery progress: 0.5553780617678381 @ webpack-internal:///(app-pages-browser)/./src/components/sections/FloatingGallery.tsx:410
[  372013ms] [LOG] FloatingGallery progress: 0.5589279375221867 @ webpack-internal:///(app-pages-browser)/./src/components/sections/FloatingGallery.tsx:410
[  372030ms] [LOG] FloatingGallery progress: 0.5623003194888179 @ webpack-internal:///(app-pages-browser)/./src/components/sections/FloatingGallery.tsx:410
[  372046ms] [LOG] FloatingGallery progress: 0.5653177138800142 @ webpack-internal:///(app-pages-browser)/./src/components/sections/FloatingGallery.tsx:410
[  372063ms] [LOG] FloatingGallery progress: 0.5679801206957756 @ webpack-internal:///(app-pages-browser)/./src/components/sections/FloatingGallery.tsx:410
[  372080ms] [LOG] FloatingGallery progress: 0.5706425275115371 @ webpack-internal:///(app-pages-browser)/./src/components/sections/FloatingGallery.tsx:410
[  372096ms] [LOG] FloatingGallery progress: 0.5729499467518637 @ webpack-internal:///(app-pages-browser)/./src/components/sections/FloatingGallery.tsx:410
[  372113ms] [LOG] FloatingGallery progress: 0.5752573659921902 @ webpack-internal:///(app-pages-browser)/./src/components/sections/FloatingGallery.tsx:410
[  372129ms] [LOG] FloatingGallery progress: 0.5773872914447994 @ webpack-internal:///(app-pages-browser)/./src/components/sections/FloatingGallery.tsx:410
[  372146ms] [LOG] FloatingGallery progress: 0.5805821796237132 @ webpack-internal:///(app-pages-browser)/./src/components/sections/FloatingGallery.tsx:410
[  372163ms] [LOG] FloatingGallery progress: 0.5835995740149095 @ webpack-internal:///(app-pages-browser)/./src/components/sections/FloatingGallery.tsx:410
[  372180ms] [LOG] FloatingGallery progress: 0.5876819311324104 @ webpack-internal:///(app-pages-browser)/./src/components/sections/FloatingGallery.tsx:410
[  372196ms] [LOG] FloatingGallery progress: 0.5930067447639332 @ webpack-internal:///(app-pages-browser)/./src/components/sections/FloatingGallery.tsx:410
[  372213ms] [LOG] FloatingGallery progress: 0.5988640397586085 @ webpack-internal:///(app-pages-browser)/./src/components/sections/FloatingGallery.tsx:410
[  372229ms] [LOG] FloatingGallery progress: 0.6047213347532836 @ webpack-internal:///(app-pages-browser)/./src/components/sections/FloatingGallery.tsx:410
[  372246ms] [LOG] FloatingGallery progress: 0.6096911608093717 @ webpack-internal:///(app-pages-browser)/./src/components/sections/FloatingGallery.tsx:410
[  372263ms] [LOG] FloatingGallery progress: 0.6146609868654597 @ webpack-internal:///(app-pages-browser)/./src/components/sections/FloatingGallery.tsx:410
[  372279ms] [LOG] FloatingGallery progress: 0.6192758253461129 @ webpack-internal:///(app-pages-browser)/./src/components/sections/FloatingGallery.tsx:410
[  372296ms] [LOG] FloatingGallery progress: 0.6231806886758964 @ webpack-internal:///(app-pages-browser)/./src/components/sections/FloatingGallery.tsx:410
[  372313ms] [LOG] FloatingGallery progress: 0.6270855520056798 @ webpack-internal:///(app-pages-browser)/./src/components/sections/FloatingGallery.tsx:410
[  372329ms] [LOG] FloatingGallery progress: 0.6306354277600283 @ webpack-internal:///(app-pages-browser)/./src/components/sections/FloatingGallery.tsx:410
[  372346ms] [LOG] FloatingGallery progress: 0.6338303159389421 @ webpack-internal:///(app-pages-browser)/./src/components/sections/FloatingGallery.tsx:410
[  372363ms] [LOG] FloatingGallery progress: 0.6368477103301384 @ webpack-internal:///(app-pages-browser)/./src/components/sections/FloatingGallery.tsx:410
[  372379ms] [LOG] FloatingGallery progress: 0.6396876109336174 @ webpack-internal:///(app-pages-browser)/./src/components/sections/FloatingGallery.tsx:410
[  372396ms] [LOG] FloatingGallery progress: 0.6423500177493787 @ webpack-internal:///(app-pages-browser)/./src/components/sections/FloatingGallery.tsx:410
[  372413ms] [LOG] FloatingGallery progress: 0.644479943201988 @ webpack-internal:///(app-pages-browser)/./src/components/sections/FloatingGallery.tsx:410
[  372429ms] [LOG] FloatingGallery progress: 0.6467873624423145 @ webpack-internal:///(app-pages-browser)/./src/components/sections/FloatingGallery.tsx:410
[  372446ms] [LOG] FloatingGallery progress: 0.6489172878949236 @ webpack-internal:///(app-pages-browser)/./src/components/sections/FloatingGallery.tsx:410
[  372463ms] [LOG] FloatingGallery progress: 0.650692225772098 @ webpack-internal:///(app-pages-browser)/./src/components/sections/FloatingGallery.tsx:410
[  372479ms] [LOG] FloatingGallery progress: 0.6522896698615549 @ webpack-internal:///(app-pages-browser)/./src/components/sections/FloatingGallery.tsx:410
[  372496ms] [LOG] FloatingGallery progress: 0.6553070642527512 @ webpack-internal:///(app-pages-browser)/./src/components/sections/FloatingGallery.tsx:410
[  372513ms] [LOG] FloatingGallery progress: 0.6579694710685126 @ webpack-internal:///(app-pages-browser)/./src/components/sections/FloatingGallery.tsx:410
[  372529ms] [LOG] FloatingGallery progress: 0.661874334398296 @ webpack-internal:///(app-pages-browser)/./src/components/sections/FloatingGallery.tsx:410
[  372546ms] [LOG] FloatingGallery progress: 0.6670216542421016 @ webpack-internal:///(app-pages-browser)/./src/components/sections/FloatingGallery.tsx:410
[  372563ms] [LOG] FloatingGallery progress: 0.6727014554490592 @ webpack-internal:///(app-pages-browser)/./src/components/sections/FloatingGallery.tsx:410
[  372580ms] [LOG] FloatingGallery progress: 0.679623713170039 @ webpack-internal:///(app-pages-browser)/./src/components/sections/FloatingGallery.tsx:410
[  372596ms] [LOG] FloatingGallery progress: 0.6860134895278666 @ webpack-internal:///(app-pages-browser)/./src/components/sections/FloatingGallery.tsx:410
[  372613ms] [LOG] FloatingGallery progress: 0.6916932907348243 @ webpack-internal:///(app-pages-browser)/./src/components/sections/FloatingGallery.tsx:410
[  372630ms] [LOG] FloatingGallery progress: 0.6970181043663471 @ webpack-internal:///(app-pages-browser)/./src/components/sections/FloatingGallery.tsx:410
[  372646ms] [LOG] FloatingGallery progress: 0.7021654242101526 @ webpack-internal:///(app-pages-browser)/./src/components/sections/FloatingGallery.tsx:410
[  372663ms] [LOG] FloatingGallery progress: 0.7066027689030884 @ webpack-internal:///(app-pages-browser)/./src/components/sections/FloatingGallery.tsx:410
[  372680ms] [LOG] FloatingGallery progress: 0.7108626198083067 @ webpack-internal:///(app-pages-browser)/./src/components/sections/FloatingGallery.tsx:410
[  372696ms] [LOG] FloatingGallery progress: 0.7147674831380901 @ webpack-internal:///(app-pages-browser)/./src/components/sections/FloatingGallery.tsx:410
[  372713ms] [LOG] FloatingGallery progress: 0.7183173588924388 @ webpack-internal:///(app-pages-browser)/./src/components/sections/FloatingGallery.tsx:410
[  372729ms] [LOG] FloatingGallery progress: 0.7216897408590699 @ webpack-internal:///(app-pages-browser)/./src/components/sections/FloatingGallery.tsx:410
[  372746ms] [LOG] FloatingGallery progress: 0.7247071352502662 @ webpack-internal:///(app-pages-browser)/./src/components/sections/FloatingGallery.tsx:410
[  372763ms] [LOG] FloatingGallery progress: 0.7275470358537451 @ webpack-internal:///(app-pages-browser)/./src/components/sections/FloatingGallery.tsx:410
[  372780ms] [LOG] FloatingGallery progress: 0.7302094426695066 @ webpack-internal:///(app-pages-browser)/./src/components/sections/FloatingGallery.tsx:410
[  372796ms] [LOG] FloatingGallery progress: 0.7325168619098331 @ webpack-internal:///(app-pages-browser)/./src/components/sections/FloatingGallery.tsx:410
[  372813ms] [LOG] FloatingGallery progress: 0.7348242811501597 @ webpack-internal:///(app-pages-browser)/./src/components/sections/FloatingGallery.tsx:410
[  372830ms] [LOG] FloatingGallery progress: 0.7369542066027689 @ webpack-internal:///(app-pages-browser)/./src/components/sections/FloatingGallery.tsx:410
[  372846ms] [LOG] FloatingGallery progress: 0.7389066382676607 @ webpack-internal:///(app-pages-browser)/./src/components/sections/FloatingGallery.tsx:410
[  372863ms] [LOG] FloatingGallery progress: 0.7405040823571175 @ webpack-internal:///(app-pages-browser)/./src/components/sections/FloatingGallery.tsx:410
[  372879ms] [LOG] FloatingGallery progress: 0.7435214767483138 @ webpack-internal:///(app-pages-browser)/./src/components/sections/FloatingGallery.tsx:410
[  372896ms] [LOG] FloatingGallery progress: 0.7463613773517926 @ webpack-internal:///(app-pages-browser)/./src/components/sections/FloatingGallery.tsx:410
[  372913ms] [LOG] FloatingGallery progress: 0.7500887468938587 @ webpack-internal:///(app-pages-browser)/./src/components/sections/FloatingGallery.tsx:410
[  372930ms] [LOG] FloatingGallery progress: 0.7552360667376642 @ webpack-internal:///(app-pages-browser)/./src/components/sections/FloatingGallery.tsx:410
[  372946ms] [LOG] FloatingGallery progress: 0.7612708555200568 @ webpack-internal:///(app-pages-browser)/./src/components/sections/FloatingGallery.tsx:410
[  372963ms] [LOG] FloatingGallery progress: 0.7678381256656017 @ webpack-internal:///(app-pages-browser)/./src/components/sections/FloatingGallery.tsx:410
[  372979ms] [LOG] FloatingGallery progress: 0.7744053958111466 @ webpack-internal:///(app-pages-browser)/./src/components/sections/FloatingGallery.tsx:410
[  372996ms] [LOG] FloatingGallery progress: 0.7802626908058218 @ webpack-internal:///(app-pages-browser)/./src/components/sections/FloatingGallery.tsx:410
[  373013ms] [LOG] FloatingGallery progress: 0.7854100106496272 @ webpack-internal:///(app-pages-browser)/./src/components/sections/FloatingGallery.tsx:410
[  373030ms] [LOG] FloatingGallery progress: 0.7905573304934327 @ webpack-internal:///(app-pages-browser)/./src/components/sections/FloatingGallery.tsx:410
[  373046ms] [LOG] FloatingGallery progress: 0.7951721689740859 @ webpack-internal:///(app-pages-browser)/./src/components/sections/FloatingGallery.tsx:410
[  373063ms] [LOG] FloatingGallery progress: 0.7992545260915868 @ webpack-internal:///(app-pages-browser)/./src/components/sections/FloatingGallery.tsx:410
[  373080ms] [LOG] FloatingGallery progress: 0.8033368832090877 @ webpack-internal:///(app-pages-browser)/./src/components/sections/FloatingGallery.tsx:410
[  373096ms] [LOG] FloatingGallery progress: 0.8070642527511537 @ webpack-internal:///(app-pages-browser)/./src/components/sections/FloatingGallery.tsx:410
[  373113ms] [LOG] FloatingGallery progress: 0.8102591409300675 @ webpack-internal:///(app-pages-browser)/./src/components/sections/FloatingGallery.tsx:410
[  373129ms] [LOG] FloatingGallery progress: 0.8132765353212638 @ webpack-internal:///(app-pages-browser)/./src/components/sections/FloatingGallery.tsx:410
[  373146ms] [LOG] FloatingGallery progress: 0.8161164359247426 @ webpack-internal:///(app-pages-browser)/./src/components/sections/FloatingGallery.tsx:410
[  373163ms] [LOG] FloatingGallery progress: 0.818778842740504 @ webpack-internal:///(app-pages-browser)/./src/components/sections/FloatingGallery.tsx:410
[  373180ms] [LOG] FloatingGallery progress: 0.8212637557685482 @ webpack-internal:///(app-pages-browser)/./src/components/sections/FloatingGallery.tsx:410
[  373196ms] [LOG] FloatingGallery progress: 0.8235711750088747 @ webpack-internal:///(app-pages-browser)/./src/components/sections/FloatingGallery.tsx:410
[  373213ms] [LOG] FloatingGallery progress: 0.8267660631877884 @ webpack-internal:///(app-pages-browser)/./src/components/sections/FloatingGallery.tsx:410
[  373230ms] [LOG] FloatingGallery progress: 0.8301384451544196 @ webpack-internal:///(app-pages-browser)/./src/components/sections/FloatingGallery.tsx:410
[  373246ms] [LOG] FloatingGallery progress: 0.8343982960596379 @ webpack-internal:///(app-pages-browser)/./src/components/sections/FloatingGallery.tsx:410
[  373263ms] [LOG] FloatingGallery progress: 0.8399006034788783 @ webpack-internal:///(app-pages-browser)/./src/components/sections/FloatingGallery.tsx:410
[  373279ms] [LOG] FloatingGallery progress: 0.8459353922612709 @ webpack-internal:///(app-pages-browser)/./src/components/sections/FloatingGallery.tsx:410
[  373296ms] [LOG] FloatingGallery progress: 0.8532126375576855 @ webpack-internal:///(app-pages-browser)/./src/components/sections/FloatingGallery.tsx:410
[  373313ms] [LOG] FloatingGallery progress: 0.859602413915513 @ webpack-internal:///(app-pages-browser)/./src/components/sections/FloatingGallery.tsx:410
[  373329ms] [LOG] FloatingGallery progress: 0.865814696485623 @ webpack-internal:///(app-pages-browser)/./src/components/sections/FloatingGallery.tsx:410
[  373346ms] [LOG] FloatingGallery progress: 0.8714944976925808 @ webpack-internal:///(app-pages-browser)/./src/components/sections/FloatingGallery.tsx:410
[  373363ms] [LOG] FloatingGallery progress: 0.8764643237486688 @ webpack-internal:///(app-pages-browser)/./src/components/sections/FloatingGallery.tsx:410
[  373380ms] [LOG] FloatingGallery progress: 0.8814341498047569 @ webpack-internal:///(app-pages-browser)/./src/components/sections/FloatingGallery.tsx:410
[  373396ms] [LOG] FloatingGallery progress: 0.8858714944976925 @ webpack-internal:///(app-pages-browser)/./src/components/sections/FloatingGallery.tsx:410
[  373413ms] [LOG] FloatingGallery progress: 0.8899538516151935 @ webpack-internal:///(app-pages-browser)/./src/components/sections/FloatingGallery.tsx:410
[  373430ms] [LOG] FloatingGallery progress: 0.8936812211572595 @ webpack-internal:///(app-pages-browser)/./src/components/sections/FloatingGallery.tsx:410
[  373446ms] [LOG] FloatingGallery progress: 0.8972310969116081 @ webpack-internal:///(app-pages-browser)/./src/components/sections/FloatingGallery.tsx:410
[  373463ms] [LOG] FloatingGallery progress: 0.9004259850905219 @ webpack-internal:///(app-pages-browser)/./src/components/sections/FloatingGallery.tsx:410
[  373480ms] [LOG] FloatingGallery progress: 0.9034433794817182 @ webpack-internal:///(app-pages-browser)/./src/components/sections/FloatingGallery.tsx:410
[  373496ms] [LOG] FloatingGallery progress: 0.906283280085197 @ webpack-internal:///(app-pages-browser)/./src/components/sections/FloatingGallery.tsx:410
[  373513ms] [LOG] FloatingGallery progress: 0.9085906993255236 @ webpack-internal:///(app-pages-browser)/./src/components/sections/FloatingGallery.tsx:410
[  373530ms] [LOG] FloatingGallery progress: 0.9110756123535676 @ webpack-internal:///(app-pages-browser)/./src/components/sections/FloatingGallery.tsx:410
[  373546ms] [LOG] FloatingGallery progress: 0.9132055378061767 @ webpack-internal:///(app-pages-browser)/./src/components/sections/FloatingGallery.tsx:410
[  373563ms] [LOG] FloatingGallery progress: 0.9153354632587859 @ webpack-internal:///(app-pages-browser)/./src/components/sections/FloatingGallery.tsx:410
[  373580ms] [LOG] FloatingGallery progress: 0.9183528576499822 @ webpack-internal:///(app-pages-browser)/./src/components/sections/FloatingGallery.tsx:410
[  373596ms] [LOG] FloatingGallery progress: 0.922790202342918 @ webpack-internal:///(app-pages-browser)/./src/components/sections/FloatingGallery.tsx:410
[  373613ms] [LOG] FloatingGallery progress: 0.9279375221867234 @ webpack-internal:///(app-pages-browser)/./src/components/sections/FloatingGallery.tsx:410
[  373629ms] [LOG] FloatingGallery progress: 0.9336173233936812 @ webpack-internal:///(app-pages-browser)/./src/components/sections/FloatingGallery.tsx:410
[  373646ms] [LOG] FloatingGallery progress: 0.9387646432374867 @ webpack-internal:///(app-pages-browser)/./src/components/sections/FloatingGallery.tsx:410
[  373663ms] [LOG] FloatingGallery progress: 0.9435569755058573 @ webpack-internal:///(app-pages-browser)/./src/components/sections/FloatingGallery.tsx:410
[  373680ms] [LOG] FloatingGallery progress: 0.9476393326233582 @ webpack-internal:///(app-pages-browser)/./src/components/sections/FloatingGallery.tsx:410
[  373680ms] [WARNING] You are trying to animate backgroundColor from "#111111" to "transparent". "transparent" is not an animatable value.. For more information and steps for solving, visit https://motion.dev/troubleshooting/value-not-animatable @ webpack-internal:///(app-pages-browser)/./node_modules/motion-utils/dist/es/errors.mjs:15
[  373696ms] [LOG] FloatingGallery progress: 0.9518991835285765 @ webpack-internal:///(app-pages-browser)/./src/components/sections/FloatingGallery.tsx:410
[  373713ms] [LOG] FloatingGallery progress: 0.9554490592829251 @ webpack-internal:///(app-pages-browser)/./src/components/sections/FloatingGallery.tsx:410
[  373730ms] [LOG] FloatingGallery progress: 0.9588214412495563 @ webpack-internal:///(app-pages-browser)/./src/components/sections/FloatingGallery.tsx:410
[  373747ms] [LOG] FloatingGallery progress: 0.96201632942847 @ webpack-internal:///(app-pages-browser)/./src/components/sections/FloatingGallery.tsx:410
[  373763ms] [LOG] FloatingGallery progress: 0.9650337238196663 @ webpack-internal:///(app-pages-browser)/./src/components/sections/FloatingGallery.tsx:410
[  373780ms] [LOG] FloatingGallery progress: 0.9676961306354278 @ webpack-internal:///(app-pages-browser)/./src/components/sections/FloatingGallery.tsx:410
[  373796ms] [LOG] FloatingGallery progress: 0.9701810436634718 @ webpack-internal:///(app-pages-browser)/./src/components/sections/FloatingGallery.tsx:410
[  373813ms] [LOG] FloatingGallery progress: 0.972310969116081 @ webpack-internal:///(app-pages-browser)/./src/components/sections/FloatingGallery.tsx:410
[  373830ms] [LOG] FloatingGallery progress: 0.9746183883564076 @ webpack-internal:///(app-pages-browser)/./src/components/sections/FloatingGallery.tsx:410
[  373846ms] [LOG] FloatingGallery progress: 0.9765708200212992 @ webpack-internal:///(app-pages-browser)/./src/components/sections/FloatingGallery.tsx:410
[  373863ms] [LOG] FloatingGallery progress: 0.9783457578984736 @ webpack-internal:///(app-pages-browser)/./src/components/sections/FloatingGallery.tsx:410
[  373880ms] [LOG] FloatingGallery progress: 0.9799432019879304 @ webpack-internal:///(app-pages-browser)/./src/components/sections/FloatingGallery.tsx:410
[  373896ms] [LOG] FloatingGallery progress: 0.9815406460773873 @ webpack-internal:///(app-pages-browser)/./src/components/sections/FloatingGallery.tsx:410
[  373913ms] [LOG] FloatingGallery progress: 0.9829605963791267 @ webpack-internal:///(app-pages-browser)/./src/components/sections/FloatingGallery.tsx:410
[  373930ms] [LOG] FloatingGallery progress: 0.9842030528931487 @ webpack-internal:///(app-pages-browser)/./src/components/sections/FloatingGallery.tsx:410
[  373946ms] [LOG] FloatingGallery progress: 0.9854455094071708 @ webpack-internal:///(app-pages-browser)/./src/components/sections/FloatingGallery.tsx:410
[  373963ms] [LOG] FloatingGallery progress: 0.9865104721334753 @ webpack-internal:///(app-pages-browser)/./src/components/sections/FloatingGallery.tsx:410
[  373980ms] [LOG] FloatingGallery progress: 0.9875754348597799 @ webpack-internal:///(app-pages-browser)/./src/components/sections/FloatingGallery.tsx:410
[  373996ms] [LOG] FloatingGallery progress: 0.9886403975860845 @ webpack-internal:///(app-pages-browser)/./src/components/sections/FloatingGallery.tsx:410
[  374013ms] [LOG] FloatingGallery progress: 0.9895278665246716 @ webpack-internal:///(app-pages-browser)/./src/components/sections/FloatingGallery.tsx:410
[  374030ms] [LOG] FloatingGallery progress: 0.9902378416755414 @ webpack-internal:///(app-pages-browser)/./src/components/sections/FloatingGallery.tsx:410
[  374046ms] [LOG] FloatingGallery progress: 0.9909478168264111 @ webpack-internal:///(app-pages-browser)/./src/components/sections/FloatingGallery.tsx:410
[  374063ms] [LOG] FloatingGallery progress: 0.9916577919772808 @ webpack-internal:///(app-pages-browser)/./src/components/sections/FloatingGallery.tsx:410
[  374080ms] [LOG] FloatingGallery progress: 0.9923677671281506 @ webpack-internal:///(app-pages-browser)/./src/components/sections/FloatingGallery.tsx:410
[  374096ms] [LOG] FloatingGallery progress: 0.9929002484913028 @ webpack-internal:///(app-pages-browser)/./src/components/sections/FloatingGallery.tsx:410
[  374113ms] [LOG] FloatingGallery progress: 0.9934327298544551 @ webpack-internal:///(app-pages-browser)/./src/components/sections/FloatingGallery.tsx:410
[  374130ms] [LOG] FloatingGallery progress: 0.9939652112176074 @ webpack-internal:///(app-pages-browser)/./src/components/sections/FloatingGallery.tsx:410
[  374146ms] [LOG] FloatingGallery progress: 0.9944976925807597 @ webpack-internal:///(app-pages-browser)/./src/components/sections/FloatingGallery.tsx:410
[  374163ms] [LOG] FloatingGallery progress: 0.9948526801561945 @ webpack-internal:///(app-pages-browser)/./src/components/sections/FloatingGallery.tsx:410
[  374180ms] [LOG] FloatingGallery progress: 0.9952076677316294 @ webpack-internal:///(app-pages-browser)/./src/components/sections/FloatingGallery.tsx:410
[  374196ms] [LOG] FloatingGallery progress: 0.9955626553070642 @ webpack-internal:///(app-pages-browser)/./src/components/sections/FloatingGallery.tsx:410
[  374213ms] [LOG] FloatingGallery progress: 0.9959176428824991 @ webpack-internal:///(app-pages-browser)/./src/components/sections/FloatingGallery.tsx:410
[  374230ms] [LOG] FloatingGallery progress: 0.996272630457934 @ webpack-internal:///(app-pages-browser)/./src/components/sections/FloatingGallery.tsx:410
[  374246ms] [LOG] FloatingGallery progress: 0.9966276180333689 @ webpack-internal:///(app-pages-browser)/./src/components/sections/FloatingGallery.tsx:410
[  374263ms] [LOG] FloatingGallery progress: 0.9968051118210862 @ webpack-internal:///(app-pages-browser)/./src/components/sections/FloatingGallery.tsx:410
[  374280ms] [LOG] FloatingGallery progress: 0.9969826056088037 @ webpack-internal:///(app-pages-browser)/./src/components/sections/FloatingGallery.tsx:410
[  374296ms] [LOG] FloatingGallery progress: 0.9973375931842385 @ webpack-internal:///(app-pages-browser)/./src/components/sections/FloatingGallery.tsx:410
[  374313ms] [LOG] FloatingGallery progress: 0.997515086971956 @ webpack-internal:///(app-pages-browser)/./src/components/sections/FloatingGallery.tsx:410
[  374330ms] [LOG] FloatingGallery progress: 0.9976925807596734 @ webpack-internal:///(app-pages-browser)/./src/components/sections/FloatingGallery.tsx:410
[  374346ms] [LOG] FloatingGallery progress: 0.9978700745473909 @ webpack-internal:///(app-pages-browser)/./src/components/sections/FloatingGallery.tsx:410
[  374363ms] [LOG] FloatingGallery progress: 0.9980475683351083 @ webpack-internal:///(app-pages-browser)/./src/components/sections/FloatingGallery.tsx:410
[  374380ms] [LOG] FloatingGallery progress: 0.9982250621228257 @ webpack-internal:///(app-pages-browser)/./src/components/sections/FloatingGallery.tsx:410
[  374396ms] [LOG] FloatingGallery progress: 0.9984025559105432 @ webpack-internal:///(app-pages-browser)/./src/components/sections/FloatingGallery.tsx:410
[  374430ms] [LOG] FloatingGallery progress: 0.9985800496982605 @ webpack-internal:///(app-pages-browser)/./src/components/sections/FloatingGallery.tsx:410
[  374446ms] [LOG] FloatingGallery progress: 0.998757543485978 @ webpack-internal:///(app-pages-browser)/./src/components/sections/FloatingGallery.tsx:410
[  374480ms] [LOG] FloatingGallery progress: 0.9989350372736954 @ webpack-internal:///(app-pages-browser)/./src/components/sections/FloatingGallery.tsx:410
[  374513ms] [LOG] FloatingGallery progress: 0.9991125310614128 @ webpack-internal:///(app-pages-browser)/./src/components/sections/FloatingGallery.tsx:410
[  374563ms] [LOG] FloatingGallery progress: 0.9992900248491303 @ webpack-internal:///(app-pages-browser)/./src/components/sections/FloatingGallery.tsx:410
[  374613ms] [LOG] FloatingGallery progress: 0.9994675186368477 @ webpack-internal:///(app-pages-browser)/./src/components/sections/FloatingGallery.tsx:410
[  374646ms] [WARNING] You are trying to animate backgroundColor from "transparent" to "#111111". "transparent" is not an animatable value.. For more information and steps for solving, visit https://motion.dev/troubleshooting/value-not-animatable @ webpack-internal:///(app-pages-browser)/./node_modules/motion-utils/dist/es/errors.mjs:15
[  374680ms] [LOG] FloatingGallery progress: 0.9996450124245652 @ webpack-internal:///(app-pages-browser)/./src/components/sections/FloatingGallery.tsx:410
[  374780ms] [LOG] FloatingGallery progress: 0.9984025559105432 @ webpack-internal:///(app-pages-browser)/./src/components/sections/FloatingGallery.tsx:410
[  374796ms] [LOG] FloatingGallery progress: 0.9971600993965212 @ webpack-internal:///(app-pages-browser)/./src/components/sections/FloatingGallery.tsx:410
[  374813ms] [LOG] FloatingGallery progress: 0.9946751863684771 @ webpack-internal:///(app-pages-browser)/./src/components/sections/FloatingGallery.tsx:410
[  374830ms] [LOG] FloatingGallery progress: 0.9909478168264111 @ webpack-internal:///(app-pages-browser)/./src/components/sections/FloatingGallery.tsx:410
[  374846ms] [LOG] FloatingGallery progress: 0.9861554845580405 @ webpack-internal:///(app-pages-browser)/./src/components/sections/FloatingGallery.tsx:410
[  374863ms] [LOG] FloatingGallery progress: 0.9818956336528222 @ webpack-internal:///(app-pages-browser)/./src/components/sections/FloatingGallery.tsx:410
[  374880ms] [LOG] FloatingGallery progress: 0.9763933262335818 @ webpack-internal:///(app-pages-browser)/./src/components/sections/FloatingGallery.tsx:410
[  374897ms] [LOG] FloatingGallery progress: 0.9712460063897763 @ webpack-internal:///(app-pages-browser)/./src/components/sections/FloatingGallery.tsx:410
[  374913ms] [LOG] FloatingGallery progress: 0.9664536741214057 @ webpack-internal:///(app-pages-browser)/./src/components/sections/FloatingGallery.tsx:410
[  374930ms] [LOG] FloatingGallery progress: 0.9623713170039049 @ webpack-internal:///(app-pages-browser)/./src/components/sections/FloatingGallery.tsx:410
[  374946ms] [LOG] FloatingGallery progress: 0.9586439474618388 @ webpack-internal:///(app-pages-browser)/./src/components/sections/FloatingGallery.tsx:410
[  374963ms] [LOG] FloatingGallery progress: 0.9549165779197728 @ webpack-internal:///(app-pages-browser)/./src/components/sections/FloatingGallery.tsx:410
[  374980ms] [LOG] FloatingGallery progress: 0.9515441959531417 @ webpack-internal:///(app-pages-browser)/./src/components/sections/FloatingGallery.tsx:410
[  374996ms] [LOG] FloatingGallery progress: 0.9483493077742279 @ webpack-internal:///(app-pages-browser)/./src/components/sections/FloatingGallery.tsx:410
[  375013ms] [LOG] FloatingGallery progress: 0.9456869009584664 @ webpack-internal:///(app-pages-browser)/./src/components/sections/FloatingGallery.tsx:410
[  375029ms] [LOG] FloatingGallery progress: 0.9428470003549876 @ webpack-internal:///(app-pages-browser)/./src/components/sections/FloatingGallery.tsx:410
[  375046ms] [LOG] FloatingGallery progress: 0.940539581114661 @ webpack-internal:///(app-pages-browser)/./src/components/sections/FloatingGallery.tsx:410
[  375063ms] [LOG] FloatingGallery progress: 0.9382321618743344 @ webpack-internal:///(app-pages-browser)/./src/components/sections/FloatingGallery.tsx:410
[  375080ms] [LOG] FloatingGallery progress: 0.9361022364217252 @ webpack-internal:///(app-pages-browser)/./src/components/sections/FloatingGallery.tsx:410
[  375096ms] [LOG] FloatingGallery progress: 0.9341498047568335 @ webpack-internal:///(app-pages-browser)/./src/components/sections/FloatingGallery.tsx:410
[  375113ms] [LOG] FloatingGallery progress: 0.9325523606673767 @ webpack-internal:///(app-pages-browser)/./src/components/sections/FloatingGallery.tsx:410
[  375130ms] [LOG] FloatingGallery progress: 0.9295349662761804 @ webpack-internal:///(app-pages-browser)/./src/components/sections/FloatingGallery.tsx:410
[  375146ms] [LOG] FloatingGallery progress: 0.925275115370962 @ webpack-internal:///(app-pages-browser)/./src/components/sections/FloatingGallery.tsx:410
[  375163ms] [LOG] FloatingGallery progress: 0.920305289314874 @ webpack-internal:///(app-pages-browser)/./src/components/sections/FloatingGallery.tsx:410
[  375180ms] [LOG] FloatingGallery progress: 0.9153354632587859 @ webpack-internal:///(app-pages-browser)/./src/components/sections/FloatingGallery.tsx:410
[  375196ms] [LOG] FloatingGallery progress: 0.9094781682641108 @ webpack-internal:///(app-pages-browser)/./src/components/sections/FloatingGallery.tsx:410
[  375213ms] [LOG] FloatingGallery progress: 0.9043308484203053 @ webpack-internal:///(app-pages-browser)/./src/components/sections/FloatingGallery.tsx:410
[  375230ms] [LOG] FloatingGallery progress: 0.8993610223642172 @ webpack-internal:///(app-pages-browser)/./src/components/sections/FloatingGallery.tsx:410
[  375246ms] [LOG] FloatingGallery progress: 0.8947461838835641 @ webpack-internal:///(app-pages-browser)/./src/components/sections/FloatingGallery.tsx:410
[  375263ms] [LOG] FloatingGallery progress: 0.8904863329783458 @ webpack-internal:///(app-pages-browser)/./src/components/sections/FloatingGallery.tsx:410
[  375280ms] [LOG] FloatingGallery progress: 0.8867589634362797 @ webpack-internal:///(app-pages-browser)/./src/components/sections/FloatingGallery.tsx:410
[  375296ms] [LOG] FloatingGallery progress: 0.8830315938942137 @ webpack-internal:///(app-pages-browser)/./src/components/sections/FloatingGallery.tsx:410
[  375313ms] [LOG] FloatingGallery progress: 0.8800141995030174 @ webpack-internal:///(app-pages-browser)/./src/components/sections/FloatingGallery.tsx:410
[  375330ms] [LOG] FloatingGallery progress: 0.8768193113241036 @ webpack-internal:///(app-pages-browser)/./src/components/sections/FloatingGallery.tsx:410
[  375346ms] [LOG] FloatingGallery progress: 0.8739794107206248 @ webpack-internal:///(app-pages-browser)/./src/components/sections/FloatingGallery.tsx:410
[  375363ms] [LOG] FloatingGallery progress: 0.8713170039048633 @ webpack-internal:///(app-pages-browser)/./src/components/sections/FloatingGallery.tsx:410
[  375379ms] [LOG] FloatingGallery progress: 0.8690095846645367 @ webpack-internal:///(app-pages-browser)/./src/components/sections/FloatingGallery.tsx:410
[  375396ms] [LOG] FloatingGallery progress: 0.8668796592119276 @ webpack-internal:///(app-pages-browser)/./src/components/sections/FloatingGallery.tsx:410
[  375413ms] [LOG] FloatingGallery progress: 0.8647497337593184 @ webpack-internal:///(app-pages-browser)/./src/components/sections/FloatingGallery.tsx:410
[  375429ms] [LOG] FloatingGallery progress: 0.8629747958821441 @ webpack-internal:///(app-pages-browser)/./src/components/sections/FloatingGallery.tsx:410
[  375446ms] [LOG] FloatingGallery progress: 0.8611998580049698 @ webpack-internal:///(app-pages-browser)/./src/components/sections/FloatingGallery.tsx:410
[  375463ms] [LOG] FloatingGallery progress: 0.859602413915513 @ webpack-internal:///(app-pages-browser)/./src/components/sections/FloatingGallery.tsx:410
[  375479ms] [LOG] FloatingGallery progress: 0.8580049698260561 @ webpack-internal:///(app-pages-browser)/./src/components/sections/FloatingGallery.tsx:410
[  375496ms] [LOG] FloatingGallery progress: 0.8553425630102947 @ webpack-internal:///(app-pages-browser)/./src/components/sections/FloatingGallery.tsx:410
[  375513ms] [LOG] FloatingGallery progress: 0.8516151934682286 @ webpack-internal:///(app-pages-browser)/./src/components/sections/FloatingGallery.tsx:410
[  375530ms] [LOG] FloatingGallery progress: 0.8464678736244231 @ webpack-internal:///(app-pages-browser)/./src/components/sections/FloatingGallery.tsx:410
[  375546ms] [LOG] FloatingGallery progress: 0.8404330848420305 @ webpack-internal:///(app-pages-browser)/./src/components/sections/FloatingGallery.tsx:410
[  375563ms] [LOG] FloatingGallery progress: 0.8349307774227902 @ webpack-internal:///(app-pages-browser)/./src/components/sections/FloatingGallery.tsx:410
[  375580ms] [LOG] FloatingGallery progress: 0.8299609513667021 @ webpack-internal:///(app-pages-browser)/./src/components/sections/FloatingGallery.tsx:410
[  375596ms] [LOG] FloatingGallery progress: 0.8251686190983316 @ webpack-internal:///(app-pages-browser)/./src/components/sections/FloatingGallery.tsx:410
[  375613ms] [LOG] FloatingGallery progress: 0.8210862619808307 @ webpack-internal:///(app-pages-browser)/./src/components/sections/FloatingGallery.tsx:410
[  375630ms] [LOG] FloatingGallery progress: 0.8170039048633297 @ webpack-internal:///(app-pages-browser)/./src/components/sections/FloatingGallery.tsx:410
[  375646ms] [LOG] FloatingGallery progress: 0.8132765353212638 @ webpack-internal:///(app-pages-browser)/./src/components/sections/FloatingGallery.tsx:410
[  375663ms] [LOG] FloatingGallery progress: 0.81008164714235 @ webpack-internal:///(app-pages-browser)/./src/components/sections/FloatingGallery.tsx:410
[  375680ms] [LOG] FloatingGallery progress: 0.8068867589634363 @ webpack-internal:///(app-pages-browser)/./src/components/sections/FloatingGallery.tsx:410
[  375696ms] [LOG] FloatingGallery progress: 0.80386936457224 @ webpack-internal:///(app-pages-browser)/./src/components/sections/FloatingGallery.tsx:410
[  375713ms] [LOG] FloatingGallery progress: 0.8013844515441959 @ webpack-internal:///(app-pages-browser)/./src/components/sections/FloatingGallery.tsx:410
[  375730ms] [LOG] FloatingGallery progress: 0.7988995385161519 @ webpack-internal:///(app-pages-browser)/./src/components/sections/FloatingGallery.tsx:410
[  375746ms] [LOG] FloatingGallery progress: 0.7965921192758253 @ webpack-internal:///(app-pages-browser)/./src/components/sections/FloatingGallery.tsx:410
[  375763ms] [LOG] FloatingGallery progress: 0.7944621938232161 @ webpack-internal:///(app-pages-browser)/./src/components/sections/FloatingGallery.tsx:410
[  375780ms] [LOG] FloatingGallery progress: 0.7925097621583245 @ webpack-internal:///(app-pages-browser)/./src/components/sections/FloatingGallery.tsx:410
[  375796ms] [LOG] FloatingGallery progress: 0.7907348242811502 @ webpack-internal:///(app-pages-browser)/./src/components/sections/FloatingGallery.tsx:410
[  375813ms] [LOG] FloatingGallery progress: 0.7891373801916933 @ webpack-internal:///(app-pages-browser)/./src/components/sections/FloatingGallery.tsx:410
[  375830ms] [LOG] FloatingGallery progress: 0.7875399361022364 @ webpack-internal:///(app-pages-browser)/./src/components/sections/FloatingGallery.tsx:410
[  375846ms] [LOG] FloatingGallery progress: 0.786119985800497 @ webpack-internal:///(app-pages-browser)/./src/components/sections/FloatingGallery.tsx:410
[  375863ms] [LOG] FloatingGallery progress: 0.784877529286475 @ webpack-internal:///(app-pages-browser)/./src/components/sections/FloatingGallery.tsx:410
[  375880ms] [LOG] FloatingGallery progress: 0.7836350727724529 @ webpack-internal:///(app-pages-browser)/./src/components/sections/FloatingGallery.tsx:410
[  375896ms] [LOG] FloatingGallery progress: 0.7825701100461484 @ webpack-internal:///(app-pages-browser)/./src/components/sections/FloatingGallery.tsx:410
[  375913ms] [LOG] FloatingGallery progress: 0.7815051473198438 @ webpack-internal:///(app-pages-browser)/./src/components/sections/FloatingGallery.tsx:410
[  375929ms] [LOG] FloatingGallery progress: 0.7806176783812566 @ webpack-internal:///(app-pages-browser)/./src/components/sections/FloatingGallery.tsx:410
[  375946ms] [LOG] FloatingGallery progress: 0.7797302094426695 @ webpack-internal:///(app-pages-browser)/./src/components/sections/FloatingGallery.tsx:410
[  375963ms] [LOG] FloatingGallery progress: 0.7788427405040823 @ webpack-internal:///(app-pages-browser)/./src/components/sections/FloatingGallery.tsx:410
[  375980ms] [LOG] FloatingGallery progress: 0.7781327653532126 @ webpack-internal:///(app-pages-browser)/./src/components/sections/FloatingGallery.tsx:410
[  375996ms] [LOG] FloatingGallery progress: 0.777422790202343 @ webpack-internal:///(app-pages-browser)/./src/components/sections/FloatingGallery.tsx:410
[  376013ms] [LOG] FloatingGallery progress: 0.7768903088391906 @ webpack-internal:///(app-pages-browser)/./src/components/sections/FloatingGallery.tsx:410
[  376030ms] [LOG] FloatingGallery progress: 0.776180333688321 @ webpack-internal:///(app-pages-browser)/./src/components/sections/FloatingGallery.tsx:410
[  376046ms] [LOG] FloatingGallery progress: 0.7756478523251686 @ webpack-internal:///(app-pages-browser)/./src/components/sections/FloatingGallery.tsx:410
[  376063ms] [LOG] FloatingGallery progress: 0.7752928647497338 @ webpack-internal:///(app-pages-browser)/./src/components/sections/FloatingGallery.tsx:410
[  376080ms] [LOG] FloatingGallery progress: 0.7747603833865815 @ webpack-internal:///(app-pages-browser)/./src/components/sections/FloatingGallery.tsx:410
[  376096ms] [LOG] FloatingGallery progress: 0.7744053958111466 @ webpack-internal:///(app-pages-browser)/./src/components/sections/FloatingGallery.tsx:410
[  376113ms] [LOG] FloatingGallery progress: 0.7740504082357117 @ webpack-internal:///(app-pages-browser)/./src/components/sections/FloatingGallery.tsx:410
[  376129ms] [LOG] FloatingGallery progress: 0.7735179268725595 @ webpack-internal:///(app-pages-browser)/./src/components/sections/FloatingGallery.tsx:410
[  376146ms] [LOG] FloatingGallery progress: 0.773340433084842 @ webpack-internal:///(app-pages-browser)/./src/components/sections/FloatingGallery.tsx:410
[  376163ms] [LOG] FloatingGallery progress: 0.7729854455094072 @ webpack-internal:///(app-pages-browser)/./src/components/sections/FloatingGallery.tsx:410
[  376180ms] [LOG] FloatingGallery progress: 0.7726304579339723 @ webpack-internal:///(app-pages-browser)/./src/components/sections/FloatingGallery.tsx:410
[  376196ms] [LOG] FloatingGallery progress: 0.7724529641462549 @ webpack-internal:///(app-pages-browser)/./src/components/sections/FloatingGallery.tsx:410
[  376213ms] [LOG] FloatingGallery progress: 0.77209797657082 @ webpack-internal:///(app-pages-browser)/./src/components/sections/FloatingGallery.tsx:410
[  376230ms] [LOG] FloatingGallery progress: 0.7719204827831025 @ webpack-internal:///(app-pages-browser)/./src/components/sections/FloatingGallery.tsx:410
[  376246ms] [LOG] FloatingGallery progress: 0.7717429889953852 @ webpack-internal:///(app-pages-browser)/./src/components/sections/FloatingGallery.tsx:410
[  376263ms] [LOG] FloatingGallery progress: 0.7715654952076677 @ webpack-internal:///(app-pages-browser)/./src/components/sections/FloatingGallery.tsx:410
[  376279ms] [LOG] FloatingGallery progress: 0.7713880014199503 @ webpack-internal:///(app-pages-browser)/./src/components/sections/FloatingGallery.tsx:410
[  376296ms] [LOG] FloatingGallery progress: 0.7712105076322329 @ webpack-internal:///(app-pages-browser)/./src/components/sections/FloatingGallery.tsx:410
[  376313ms] [LOG] FloatingGallery progress: 0.7710330138445154 @ webpack-internal:///(app-pages-browser)/./src/components/sections/FloatingGallery.tsx:410
[  376330ms] [LOG] FloatingGallery progress: 0.770855520056798 @ webpack-internal:///(app-pages-browser)/./src/components/sections/FloatingGallery.tsx:410
[  376363ms] [LOG] FloatingGallery progress: 0.7706780262690806 @ webpack-internal:///(app-pages-browser)/./src/components/sections/FloatingGallery.tsx:410
[  376379ms] [LOG] FloatingGallery progress: 0.7705005324813632 @ webpack-internal:///(app-pages-browser)/./src/components/sections/FloatingGallery.tsx:410
[  376413ms] [LOG] FloatingGallery progress: 0.7703230386936457 @ webpack-internal:///(app-pages-browser)/./src/components/sections/FloatingGallery.tsx:410
[  376446ms] [LOG] FloatingGallery progress: 0.7701455449059283 @ webpack-internal:///(app-pages-browser)/./src/components/sections/FloatingGallery.tsx:410
[  376496ms] [LOG] FloatingGallery progress: 0.7699680511182109 @ webpack-internal:///(app-pages-browser)/./src/components/sections/FloatingGallery.tsx:410
[  376546ms] [LOG] FloatingGallery progress: 0.7697905573304934 @ webpack-internal:///(app-pages-browser)/./src/components/sections/FloatingGallery.tsx:410
[  376613ms] [LOG] FloatingGallery progress: 0.769613063542776 @ webpack-internal:///(app-pages-browser)/./src/components/sections/FloatingGallery.tsx:410
[  376713ms] [LOG] FloatingGallery progress: 0.7694355697550586 @ webpack-internal:///(app-pages-browser)/./src/components/sections/FloatingGallery.tsx:410
[  376946ms] [LOG] FloatingGallery progress: 0.7692580759673412 @ webpack-internal:///(app-pages-browser)/./src/components/sections/FloatingGallery.tsx:410
[  377796ms] [LOG] FloatingGallery progress: 0.7706780262690806 @ webpack-internal:///(app-pages-browser)/./src/components/sections/FloatingGallery.tsx:410
[  377813ms] [LOG] FloatingGallery progress: 0.7719204827831025 @ webpack-internal:///(app-pages-browser)/./src/components/sections/FloatingGallery.tsx:410
[  377830ms] [LOG] FloatingGallery progress: 0.7744053958111466 @ webpack-internal:///(app-pages-browser)/./src/components/sections/FloatingGallery.tsx:410
[  377846ms] [LOG] FloatingGallery progress: 0.7781327653532126 @ webpack-internal:///(app-pages-browser)/./src/components/sections/FloatingGallery.tsx:410
[  377863ms] [LOG] FloatingGallery progress: 0.7813276535321264 @ webpack-internal:///(app-pages-browser)/./src/components/sections/FloatingGallery.tsx:410
[  377880ms] [LOG] FloatingGallery progress: 0.7859424920127795 @ webpack-internal:///(app-pages-browser)/./src/components/sections/FloatingGallery.tsx:410
[  377896ms] [LOG] FloatingGallery progress: 0.7902023429179978 @ webpack-internal:///(app-pages-browser)/./src/components/sections/FloatingGallery.tsx:410
[  377913ms] [LOG] FloatingGallery progress: 0.7941072062477813 @ webpack-internal:///(app-pages-browser)/./src/components/sections/FloatingGallery.tsx:410
[  377930ms] [LOG] FloatingGallery progress: 0.7976570820021299 @ webpack-internal:///(app-pages-browser)/./src/components/sections/FloatingGallery.tsx:410
[  377946ms] [LOG] FloatingGallery progress: 0.8008519701810437 @ webpack-internal:///(app-pages-browser)/./src/components/sections/FloatingGallery.tsx:410
[  377963ms] [LOG] FloatingGallery progress: 0.80386936457224 @ webpack-internal:///(app-pages-browser)/./src/components/sections/FloatingGallery.tsx:410
[  377980ms] [LOG] FloatingGallery progress: 0.8067092651757188 @ webpack-internal:///(app-pages-browser)/./src/components/sections/FloatingGallery.tsx:410
[  377996ms] [LOG] FloatingGallery progress: 0.8093716719914803 @ webpack-internal:///(app-pages-browser)/./src/components/sections/FloatingGallery.tsx:410
[  378013ms] [LOG] FloatingGallery progress: 0.8116790912318069 @ webpack-internal:///(app-pages-browser)/./src/components/sections/FloatingGallery.tsx:410
[  378030ms] [LOG] FloatingGallery progress: 0.8138090166844161 @ webpack-internal:///(app-pages-browser)/./src/components/sections/FloatingGallery.tsx:410
[  378047ms] [LOG] FloatingGallery progress: 0.8159389421370252 @ webpack-internal:///(app-pages-browser)/./src/components/sections/FloatingGallery.tsx:410
[  378063ms] [LOG] FloatingGallery progress: 0.8177138800141995 @ webpack-internal:///(app-pages-browser)/./src/components/sections/FloatingGallery.tsx:410
[  378080ms] [LOG] FloatingGallery progress: 0.8194888178913738 @ webpack-internal:///(app-pages-browser)/./src/components/sections/FloatingGallery.tsx:410
[  378096ms] [LOG] FloatingGallery progress: 0.8210862619808307 @ webpack-internal:///(app-pages-browser)/./src/components/sections/FloatingGallery.tsx:410
[  378113ms] [LOG] FloatingGallery progress: 0.8226837060702875 @ webpack-internal:///(app-pages-browser)/./src/components/sections/FloatingGallery.tsx:410
[  378130ms] [LOG] FloatingGallery progress: 0.8239261625843095 @ webpack-internal:///(app-pages-browser)/./src/components/sections/FloatingGallery.tsx:410
[  378146ms] [LOG] FloatingGallery progress: 0.8251686190983316 @ webpack-internal:///(app-pages-browser)/./src/components/sections/FloatingGallery.tsx:410
[  378163ms] [LOG] FloatingGallery progress: 0.8264110756123536 @ webpack-internal:///(app-pages-browser)/./src/components/sections/FloatingGallery.tsx:410
[  378180ms] [LOG] FloatingGallery progress: 0.8274760383386581 @ webpack-internal:///(app-pages-browser)/./src/components/sections/FloatingGallery.tsx:410
[  378196ms] [LOG] FloatingGallery progress: 0.8283635072772453 @ webpack-internal:///(app-pages-browser)/./src/components/sections/FloatingGallery.tsx:410
[  378213ms] [LOG] FloatingGallery progress: 0.8294284700035499 @ webpack-internal:///(app-pages-browser)/./src/components/sections/FloatingGallery.tsx:410
[  378230ms] [LOG] FloatingGallery progress: 0.8301384451544196 @ webpack-internal:///(app-pages-browser)/./src/components/sections/FloatingGallery.tsx:410
[  378246ms] [LOG] FloatingGallery progress: 0.8310259140930067 @ webpack-internal:///(app-pages-browser)/./src/components/sections/FloatingGallery.tsx:410
[  378263ms] [LOG] FloatingGallery progress: 0.8317358892438764 @ webpack-internal:///(app-pages-browser)/./src/components/sections/FloatingGallery.tsx:410
[  378280ms] [LOG] FloatingGallery progress: 0.8322683706070287 @ webpack-internal:///(app-pages-browser)/./src/components/sections/FloatingGallery.tsx:410
[  378296ms] [LOG] FloatingGallery progress: 0.8329783457578984 @ webpack-internal:///(app-pages-browser)/./src/components/sections/FloatingGallery.tsx:410
[  378313ms] [LOG] FloatingGallery progress: 0.8335108271210507 @ webpack-internal:///(app-pages-browser)/./src/components/sections/FloatingGallery.tsx:410
[  378330ms] [LOG] FloatingGallery progress: 0.834043308484203 @ webpack-internal:///(app-pages-browser)/./src/components/sections/FloatingGallery.tsx:410
[  378346ms] [LOG] FloatingGallery progress: 0.8345757898473554 @ webpack-internal:///(app-pages-browser)/./src/components/sections/FloatingGallery.tsx:410
[  378363ms] [LOG] FloatingGallery progress: 0.8349307774227902 @ webpack-internal:///(app-pages-browser)/./src/components/sections/FloatingGallery.tsx:410
[  378380ms] [LOG] FloatingGallery progress: 0.835285764998225 @ webpack-internal:///(app-pages-browser)/./src/components/sections/FloatingGallery.tsx:410
[  378396ms] [LOG] FloatingGallery progress: 0.8356407525736599 @ webpack-internal:///(app-pages-browser)/./src/components/sections/FloatingGallery.tsx:410
[  378413ms] [LOG] FloatingGallery progress: 0.8359957401490948 @ webpack-internal:///(app-pages-browser)/./src/components/sections/FloatingGallery.tsx:410
[  378430ms] [LOG] FloatingGallery progress: 0.8363507277245297 @ webpack-internal:///(app-pages-browser)/./src/components/sections/FloatingGallery.tsx:410
[  378446ms] [LOG] FloatingGallery progress: 0.8367057152999645 @ webpack-internal:///(app-pages-browser)/./src/components/sections/FloatingGallery.tsx:410
[  378463ms] [LOG] FloatingGallery progress: 0.8368832090876819 @ webpack-internal:///(app-pages-browser)/./src/components/sections/FloatingGallery.tsx:410
[  378480ms] [LOG] FloatingGallery progress: 0.8372381966631168 @ webpack-internal:///(app-pages-browser)/./src/components/sections/FloatingGallery.tsx:410
[  378497ms] [LOG] FloatingGallery progress: 0.8374156904508342 @ webpack-internal:///(app-pages-browser)/./src/components/sections/FloatingGallery.tsx:410
[  378513ms] [LOG] FloatingGallery progress: 0.8375931842385517 @ webpack-internal:///(app-pages-browser)/./src/components/sections/FloatingGallery.tsx:410
[  378530ms] [LOG] FloatingGallery progress: 0.8379481718139865 @ webpack-internal:///(app-pages-browser)/./src/components/sections/FloatingGallery.tsx:410
[  378546ms] [LOG] FloatingGallery progress: 0.838125665601704 @ webpack-internal:///(app-pages-browser)/./src/components/sections/FloatingGallery.tsx:410
[  378579ms] [LOG] FloatingGallery progress: 0.8383031593894213 @ webpack-internal:///(app-pages-browser)/./src/components/sections/FloatingGallery.tsx:410
[  378596ms] [LOG] FloatingGallery progress: 0.8399006034788783 @ webpack-internal:///(app-pages-browser)/./src/components/sections/FloatingGallery.tsx:410
[  378613ms] [LOG] FloatingGallery progress: 0.8425630102946396 @ webpack-internal:///(app-pages-browser)/./src/components/sections/FloatingGallery.tsx:410
[  378630ms] [LOG] FloatingGallery progress: 0.8452254171104011 @ webpack-internal:///(app-pages-browser)/./src/components/sections/FloatingGallery.tsx:410
[  378646ms] [LOG] FloatingGallery progress: 0.8489527866524672 @ webpack-internal:///(app-pages-browser)/./src/components/sections/FloatingGallery.tsx:410
[  378663ms] [LOG] FloatingGallery progress: 0.8525026624068157 @ webpack-internal:///(app-pages-browser)/./src/components/sections/FloatingGallery.tsx:410
[  378680ms] [LOG] FloatingGallery progress: 0.8567625133120341 @ webpack-internal:///(app-pages-browser)/./src/components/sections/FloatingGallery.tsx:410
[  378697ms] [LOG] FloatingGallery progress: 0.8610223642172524 @ webpack-internal:///(app-pages-browser)/./src/components/sections/FloatingGallery.tsx:410
[  378713ms] [LOG] FloatingGallery progress: 0.8647497337593184 @ webpack-internal:///(app-pages-browser)/./src/components/sections/FloatingGallery.tsx:410
[  378730ms] [LOG] FloatingGallery progress: 0.8684771033013845 @ webpack-internal:///(app-pages-browser)/./src/components/sections/FloatingGallery.tsx:410
[  378747ms] [LOG] FloatingGallery progress: 0.8718494852680156 @ webpack-internal:///(app-pages-browser)/./src/components/sections/FloatingGallery.tsx:410
[  378763ms] [LOG] FloatingGallery progress: 0.874866879659212 @ webpack-internal:///(app-pages-browser)/./src/components/sections/FloatingGallery.tsx:410
[  378780ms] [LOG] FloatingGallery progress: 0.8775292864749734 @ webpack-internal:///(app-pages-browser)/./src/components/sections/FloatingGallery.tsx:410
[  378796ms] [LOG] FloatingGallery progress: 0.8801916932907349 @ webpack-internal:///(app-pages-browser)/./src/components/sections/FloatingGallery.tsx:410
[  378813ms] [LOG] FloatingGallery progress: 0.8824991125310614 @ webpack-internal:///(app-pages-browser)/./src/components/sections/FloatingGallery.tsx:410
[  378830ms] [LOG] FloatingGallery progress: 0.884806531771388 @ webpack-internal:///(app-pages-browser)/./src/components/sections/FloatingGallery.tsx:410
[  378846ms] [LOG] FloatingGallery progress: 0.8867589634362797 @ webpack-internal:///(app-pages-browser)/./src/components/sections/FloatingGallery.tsx:410
[  378863ms] [LOG] FloatingGallery progress: 0.8887113951011715 @ webpack-internal:///(app-pages-browser)/./src/components/sections/FloatingGallery.tsx:410
[  378880ms] [LOG] FloatingGallery progress: 0.8904863329783458 @ webpack-internal:///(app-pages-browser)/./src/components/sections/FloatingGallery.tsx:410
[  378897ms] [LOG] FloatingGallery progress: 0.8920837770678026 @ webpack-internal:///(app-pages-browser)/./src/components/sections/FloatingGallery.tsx:410
[  378913ms] [LOG] FloatingGallery progress: 0.8935037273695421 @ webpack-internal:///(app-pages-browser)/./src/components/sections/FloatingGallery.tsx:410
[  378930ms] [LOG] FloatingGallery progress: 0.8949236776712816 @ webpack-internal:///(app-pages-browser)/./src/components/sections/FloatingGallery.tsx:410
[  378946ms] [LOG] FloatingGallery progress: 0.8961661341853036 @ webpack-internal:///(app-pages-browser)/./src/components/sections/FloatingGallery.tsx:410
[  378963ms] [LOG] FloatingGallery progress: 0.8972310969116081 @ webpack-internal:///(app-pages-browser)/./src/components/sections/FloatingGallery.tsx:410
[  378980ms] [LOG] FloatingGallery progress: 0.8982960596379127 @ webpack-internal:///(app-pages-browser)/./src/components/sections/FloatingGallery.tsx:410
[  378996ms] [LOG] FloatingGallery progress: 0.8993610223642172 @ webpack-internal:///(app-pages-browser)/./src/components/sections/FloatingGallery.tsx:410
[  379013ms] [LOG] FloatingGallery progress: 0.9002484913028044 @ webpack-internal:///(app-pages-browser)/./src/components/sections/FloatingGallery.tsx:410
[  379030ms] [LOG] FloatingGallery progress: 0.9011359602413915 @ webpack-internal:///(app-pages-browser)/./src/components/sections/FloatingGallery.tsx:410
[  379046ms] [LOG] FloatingGallery progress: 0.9018459353922613 @ webpack-internal:///(app-pages-browser)/./src/components/sections/FloatingGallery.tsx:410
[  379063ms] [LOG] FloatingGallery progress: 0.902555910543131 @ webpack-internal:///(app-pages-browser)/./src/components/sections/FloatingGallery.tsx:410
[  379079ms] [LOG] FloatingGallery progress: 0.9032658856940007 @ webpack-internal:///(app-pages-browser)/./src/components/sections/FloatingGallery.tsx:410
[  379096ms] [LOG] FloatingGallery progress: 0.9039758608448705 @ webpack-internal:///(app-pages-browser)/./src/components/sections/FloatingGallery.tsx:410
[  379113ms] [LOG] FloatingGallery progress: 0.9045083422080227 @ webpack-internal:///(app-pages-browser)/./src/components/sections/FloatingGallery.tsx:410
[  379130ms] [LOG] FloatingGallery progress: 0.905040823571175 @ webpack-internal:///(app-pages-browser)/./src/components/sections/FloatingGallery.tsx:410
[  379146ms] [LOG] FloatingGallery progress: 0.9053958111466098 @ webpack-internal:///(app-pages-browser)/./src/components/sections/FloatingGallery.tsx:410
[  379163ms] [LOG] FloatingGallery progress: 0.9059282925097621 @ webpack-internal:///(app-pages-browser)/./src/components/sections/FloatingGallery.tsx:410
[  379180ms] [LOG] FloatingGallery progress: 0.906283280085197 @ webpack-internal:///(app-pages-browser)/./src/components/sections/FloatingGallery.tsx:410
[  379196ms] [LOG] FloatingGallery progress: 0.9066382676606318 @ webpack-internal:///(app-pages-browser)/./src/components/sections/FloatingGallery.tsx:410
[  379213ms] [LOG] FloatingGallery progress: 0.9069932552360668 @ webpack-internal:///(app-pages-browser)/./src/components/sections/FloatingGallery.tsx:410
[  379230ms] [LOG] FloatingGallery progress: 0.9073482428115016 @ webpack-internal:///(app-pages-browser)/./src/components/sections/FloatingGallery.tsx:410
[  379246ms] [LOG] FloatingGallery progress: 0.9077032303869365 @ webpack-internal:///(app-pages-browser)/./src/components/sections/FloatingGallery.tsx:410
[  379263ms] [LOG] FloatingGallery progress: 0.9078807241746539 @ webpack-internal:///(app-pages-browser)/./src/components/sections/FloatingGallery.tsx:410
[  379280ms] [LOG] FloatingGallery progress: 0.9082357117500888 @ webpack-internal:///(app-pages-browser)/./src/components/sections/FloatingGallery.tsx:410
[  379296ms] [LOG] FloatingGallery progress: 0.9084132055378061 @ webpack-internal:///(app-pages-browser)/./src/components/sections/FloatingGallery.tsx:410
[  379313ms] [LOG] FloatingGallery progress: 0.9085906993255236 @ webpack-internal:///(app-pages-browser)/./src/components/sections/FloatingGallery.tsx:410
[  379330ms] [LOG] FloatingGallery progress: 0.9087681931132411 @ webpack-internal:///(app-pages-browser)/./src/components/sections/FloatingGallery.tsx:410
[  379346ms] [LOG] FloatingGallery progress: 0.9091231806886759 @ webpack-internal:///(app-pages-browser)/./src/components/sections/FloatingGallery.tsx:410
[  379379ms] [LOG] FloatingGallery progress: 0.9093006744763933 @ webpack-internal:///(app-pages-browser)/./src/components/sections/FloatingGallery.tsx:410
[  379396ms] [LOG] FloatingGallery progress: 0.9094781682641108 @ webpack-internal:///(app-pages-browser)/./src/components/sections/FloatingGallery.tsx:410
[  379413ms] [LOG] FloatingGallery progress: 0.9084132055378061 @ webpack-internal:///(app-pages-browser)/./src/components/sections/FloatingGallery.tsx:410
[  379430ms] [LOG] FloatingGallery progress: 0.9057507987220448 @ webpack-internal:///(app-pages-browser)/./src/components/sections/FloatingGallery.tsx:410
[  379446ms] [LOG] FloatingGallery progress: 0.9020234291799787 @ webpack-internal:///(app-pages-browser)/./src/components/sections/FloatingGallery.tsx:410
[  379463ms] [LOG] FloatingGallery progress: 0.8974085906993255 @ webpack-internal:///(app-pages-browser)/./src/components/sections/FloatingGallery.tsx:410
[  379480ms] [LOG] FloatingGallery progress: 0.8929712460063898 @ webpack-internal:///(app-pages-browser)/./src/components/sections/FloatingGallery.tsx:410
[  379497ms] [LOG] FloatingGallery progress: 0.8874689385871495 @ webpack-internal:///(app-pages-browser)/./src/components/sections/FloatingGallery.tsx:410
[  379513ms] [LOG] FloatingGallery progress: 0.8826766063187789 @ webpack-internal:///(app-pages-browser)/./src/components/sections/FloatingGallery.tsx:410
[  379530ms] [LOG] FloatingGallery progress: 0.8778842740504083 @ webpack-internal:///(app-pages-browser)/./src/components/sections/FloatingGallery.tsx:410
[  379546ms] [LOG] FloatingGallery progress: 0.87362442314519 @ webpack-internal:///(app-pages-browser)/./src/components/sections/FloatingGallery.tsx:410
[  379563ms] [LOG] FloatingGallery progress: 0.8698970536031239 @ webpack-internal:///(app-pages-browser)/./src/components/sections/FloatingGallery.tsx:410
[  379580ms] [LOG] FloatingGallery progress: 0.8661696840610579 @ webpack-internal:///(app-pages-browser)/./src/components/sections/FloatingGallery.tsx:410
[  379596ms] [LOG] FloatingGallery progress: 0.8626198083067093 @ webpack-internal:///(app-pages-browser)/./src/components/sections/FloatingGallery.tsx:410
[  379613ms] [LOG] FloatingGallery progress: 0.8597799077032304 @ webpack-internal:///(app-pages-browser)/./src/components/sections/FloatingGallery.tsx:410
[  379630ms] [LOG] FloatingGallery progress: 0.8567625133120341 @ webpack-internal:///(app-pages-browser)/./src/components/sections/FloatingGallery.tsx:410
[  379647ms] [LOG] FloatingGallery progress: 0.8541001064962727 @ webpack-internal:///(app-pages-browser)/./src/components/sections/FloatingGallery.tsx:410
[  379663ms] [LOG] FloatingGallery progress: 0.8516151934682286 @ webpack-internal:///(app-pages-browser)/./src/components/sections/FloatingGallery.tsx:410
[  379680ms] [LOG] FloatingGallery progress: 0.8494852680156194 @ webpack-internal:///(app-pages-browser)/./src/components/sections/FloatingGallery.tsx:410
[  379696ms] [LOG] FloatingGallery progress: 0.8473553425630103 @ webpack-internal:///(app-pages-browser)/./src/components/sections/FloatingGallery.tsx:410
[  379713ms] [LOG] FloatingGallery progress: 0.8454029108981186 @ webpack-internal:///(app-pages-browser)/./src/components/sections/FloatingGallery.tsx:410
[  379730ms] [LOG] FloatingGallery progress: 0.8438054668086616 @ webpack-internal:///(app-pages-browser)/./src/components/sections/FloatingGallery.tsx:410
[  379746ms] [LOG] FloatingGallery progress: 0.8420305289314874 @ webpack-internal:///(app-pages-browser)/./src/components/sections/FloatingGallery.tsx:410
[  379763ms] [LOG] FloatingGallery progress: 0.840610578629748 @ webpack-internal:///(app-pages-browser)/./src/components/sections/FloatingGallery.tsx:410
[  379780ms] [LOG] FloatingGallery progress: 0.8391906283280085 @ webpack-internal:///(app-pages-browser)/./src/components/sections/FloatingGallery.tsx:410
[  379796ms] [LOG] FloatingGallery progress: 0.8379481718139865 @ webpack-internal:///(app-pages-browser)/./src/components/sections/FloatingGallery.tsx:410
[  379813ms] [LOG] FloatingGallery progress: 0.8367057152999645 @ webpack-internal:///(app-pages-browser)/./src/components/sections/FloatingGallery.tsx:410
[  379830ms] [LOG] FloatingGallery progress: 0.8356407525736599 @ webpack-internal:///(app-pages-browser)/./src/components/sections/FloatingGallery.tsx:410
[  379846ms] [LOG] FloatingGallery progress: 0.8345757898473554 @ webpack-internal:///(app-pages-browser)/./src/components/sections/FloatingGallery.tsx:410
[  379863ms] [LOG] FloatingGallery progress: 0.8336883209087682 @ webpack-internal:///(app-pages-browser)/./src/components/sections/FloatingGallery.tsx:410
[  379880ms] [LOG] FloatingGallery progress: 0.832800851970181 @ webpack-internal:///(app-pages-browser)/./src/components/sections/FloatingGallery.tsx:410
[  379896ms] [LOG] FloatingGallery progress: 0.8320908768193114 @ webpack-internal:///(app-pages-browser)/./src/components/sections/FloatingGallery.tsx:410
[  379913ms] [LOG] FloatingGallery progress: 0.8312034078807242 @ webpack-internal:///(app-pages-browser)/./src/components/sections/FloatingGallery.tsx:410
[  379930ms] [LOG] FloatingGallery progress: 0.8306709265175719 @ webpack-internal:///(app-pages-browser)/./src/components/sections/FloatingGallery.tsx:410
[  379946ms] [LOG] FloatingGallery progress: 0.8299609513667021 @ webpack-internal:///(app-pages-browser)/./src/components/sections/FloatingGallery.tsx:410
[  379963ms] [LOG] FloatingGallery progress: 0.8294284700035499 @ webpack-internal:///(app-pages-browser)/./src/components/sections/FloatingGallery.tsx:410
[  379980ms] [LOG] FloatingGallery progress: 0.8288959886403976 @ webpack-internal:///(app-pages-browser)/./src/components/sections/FloatingGallery.tsx:410
[  379996ms] [LOG] FloatingGallery progress: 0.8283635072772453 @ webpack-internal:///(app-pages-browser)/./src/components/sections/FloatingGallery.tsx:410
[  380013ms] [LOG] FloatingGallery progress: 0.8280085197018104 @ webpack-internal:///(app-pages-browser)/./src/components/sections/FloatingGallery.tsx:410
[  380030ms] [LOG] FloatingGallery progress: 0.8274760383386581 @ webpack-internal:///(app-pages-browser)/./src/components/sections/FloatingGallery.tsx:410
[  380046ms] [LOG] FloatingGallery progress: 0.8271210507632233 @ webpack-internal:///(app-pages-browser)/./src/components/sections/FloatingGallery.tsx:410
[  380063ms] [LOG] FloatingGallery progress: 0.8267660631877884 @ webpack-internal:///(app-pages-browser)/./src/components/sections/FloatingGallery.tsx:410
[  380080ms] [LOG] FloatingGallery progress: 0.8264110756123536 @ webpack-internal:///(app-pages-browser)/./src/components/sections/FloatingGallery.tsx:410
[  380096ms] [LOG] FloatingGallery progress: 0.8262335818246361 @ webpack-internal:///(app-pages-browser)/./src/components/sections/FloatingGallery.tsx:410
[  380113ms] [LOG] FloatingGallery progress: 0.8258785942492013 @ webpack-internal:///(app-pages-browser)/./src/components/sections/FloatingGallery.tsx:410
[  380130ms] [LOG] FloatingGallery progress: 0.8257011004614838 @ webpack-internal:///(app-pages-browser)/./src/components/sections/FloatingGallery.tsx:410
[  380146ms] [LOG] FloatingGallery progress: 0.825346112886049 @ webpack-internal:///(app-pages-browser)/./src/components/sections/FloatingGallery.tsx:410
[  380163ms] [LOG] FloatingGallery progress: 0.8251686190983316 @ webpack-internal:///(app-pages-browser)/./src/components/sections/FloatingGallery.tsx:410
[  380180ms] [LOG] FloatingGallery progress: 0.8249911253106141 @ webpack-internal:///(app-pages-browser)/./src/components/sections/FloatingGallery.tsx:410
[  380196ms] [LOG] FloatingGallery progress: 0.8248136315228967 @ webpack-internal:///(app-pages-browser)/./src/components/sections/FloatingGallery.tsx:410
[  380213ms] [LOG] FloatingGallery progress: 0.8246361377351793 @ webpack-internal:///(app-pages-browser)/./src/components/sections/FloatingGallery.tsx:410
[  380230ms] [LOG] FloatingGallery progress: 0.8244586439474618 @ webpack-internal:///(app-pages-browser)/./src/components/sections/FloatingGallery.tsx:410
[  380246ms] [LOG] FloatingGallery progress: 0.8242811501597445 @ webpack-internal:///(app-pages-browser)/./src/components/sections/FloatingGallery.tsx:410
[  380263ms] [LOG] FloatingGallery progress: 0.824103656372027 @ webpack-internal:///(app-pages-browser)/./src/components/sections/FloatingGallery.tsx:410
[  380296ms] [LOG] FloatingGallery progress: 0.8239261625843095 @ webpack-internal:///(app-pages-browser)/./src/components/sections/FloatingGallery.tsx:410
[  380313ms] [LOG] FloatingGallery progress: 0.8237486687965921 @ webpack-internal:///(app-pages-browser)/./src/components/sections/FloatingGallery.tsx:410
[  380346ms] [LOG] FloatingGallery progress: 0.8235711750088747 @ webpack-internal:///(app-pages-browser)/./src/components/sections/FloatingGallery.tsx:410
[  380379ms] [LOG] FloatingGallery progress: 0.8233936812211573 @ webpack-internal:///(app-pages-browser)/./src/components/sections/FloatingGallery.tsx:410
[  380430ms] [LOG] FloatingGallery progress: 0.8232161874334398 @ webpack-internal:///(app-pages-browser)/./src/components/sections/FloatingGallery.tsx:410
[  380480ms] [LOG] FloatingGallery progress: 0.8230386936457224 @ webpack-internal:///(app-pages-browser)/./src/components/sections/FloatingGallery.tsx:410
[  380546ms] [LOG] FloatingGallery progress: 0.822861199858005 @ webpack-internal:///(app-pages-browser)/./src/components/sections/FloatingGallery.tsx:410
[  380646ms] [LOG] FloatingGallery progress: 0.8226837060702875 @ webpack-internal:///(app-pages-browser)/./src/components/sections/FloatingGallery.tsx:410
[  380879ms] [LOG] FloatingGallery progress: 0.8225062122825701 @ webpack-internal:///(app-pages-browser)/./src/components/sections/FloatingGallery.tsx:410
[  381813ms] [LOG] FloatingGallery progress: 0 @ webpack-internal:///(app-pages-browser)/./src/components/sections/FloatingGallery.tsx:410
[  390037ms] [WARNING] The resource http://localhost:3000/_next/image?url=%2Fbest%20shots%2FProduct%20image%2Fproduct-molton-brown.webp&w=3840&q=75 was preloaded using link preload but not used within a few seconds from the window's load event. Please make sure it has an appropriate `as` value and it is preloaded intentionally. @ http://localhost:3000/:0
[  390037ms] [WARNING] The resource http://localhost:3000/_next/image?url=%2Flogo%2Flogo.webp&w=384&q=75 was preloaded using link preload but not used within a few seconds from the window's load event. Please make sure it has an appropriate `as` value and it is preloaded intentionally. @ http://localhost:3000/:0
[  399780ms] [WARNING] The resource http://localhost:3000/_next/image?url=%2Fbest%20shots%2FProduct%20image%2Fproduct-molton-brown.webp&w=3840&q=75 was preloaded using link preload but not used within a few seconds from the window's load event. Please make sure it has an appropriate `as` value and it is preloaded intentionally. @ http://localhost:3000/:0
[  399780ms] [WARNING] The resource http://localhost:3000/_next/image?url=%2Flogo%2Flogo.webp&w=384&q=75 was preloaded using link preload but not used within a few seconds from the window's load event. Please make sure it has an appropriate `as` value and it is preloaded intentionally. @ http://localhost:3000/:0
[  405015ms] [WARNING] The resource http://localhost:3000/_next/image?url=%2Fbest%20shots%2FProduct%20image%2Fproduct-molton-brown.webp&w=3840&q=75 was preloaded using link preload but not used within a few seconds from the window's load event. Please make sure it has an appropriate `as` value and it is preloaded intentionally. @ http://localhost:3000/:0
[  405015ms] [WARNING] The resource http://localhost:3000/_next/image?url=%2Flogo%2Flogo.webp&w=384&q=75 was preloaded using link preload but not used within a few seconds from the window's load event. Please make sure it has an appropriate `as` value and it is preloaded intentionally. @ http://localhost:3000/:0
[  412881ms] [LOG] FloatingGallery progress: 0.0001 @ webpack-internal:///(app-pages-browser)/./src/components/sections/FloatingGallery.tsx:410
[  412964ms] [LOG] FloatingGallery progress: 0 @ webpack-internal:///(app-pages-browser)/./src/components/sections/FloatingGallery.tsx:410
[  412980ms] [LOG] FloatingGallery progress: 0.0001 @ webpack-internal:///(app-pages-browser)/./src/components/sections/FloatingGallery.tsx:410
[  413030ms] [LOG] FloatingGallery progress: 0.01828186013489528 @ webpack-internal:///(app-pages-browser)/./src/components/sections/FloatingGallery.tsx:410
[  413047ms] [LOG] FloatingGallery progress: 0.044550940717074904 @ webpack-internal:///(app-pages-browser)/./src/components/sections/FloatingGallery.tsx:410
[  413080ms] [LOG] FloatingGallery progress: 0.12016329428470003 @ webpack-internal:///(app-pages-browser)/./src/components/sections/FloatingGallery.tsx:410
[  413147ms] [LOG] FloatingGallery progress: 0.24813631522896698 @ webpack-internal:///(app-pages-browser)/./src/components/sections/FloatingGallery.tsx:410
[  413197ms] [LOG] FloatingGallery progress: 0.30067447639332623 @ webpack-internal:///(app-pages-browser)/./src/components/sections/FloatingGallery.tsx:410
[  413231ms] [LOG] FloatingGallery progress: 0.32694355697550587 @ webpack-internal:///(app-pages-browser)/./src/components/sections/FloatingGallery.tsx:410
[  413298ms] [LOG] FloatingGallery progress: 0.5042598509052183 @ webpack-internal:///(app-pages-browser)/./src/components/sections/FloatingGallery.tsx:410
[  413365ms] [LOG] FloatingGallery progress: 0.6356052538161164 @ webpack-internal:///(app-pages-browser)/./src/components/sections/FloatingGallery.tsx:410
[  413381ms] [LOG] FloatingGallery progress: 0.6553070642527512 @ webpack-internal:///(app-pages-browser)/./src/components/sections/FloatingGallery.tsx:410
[  413397ms] [LOG] FloatingGallery progress: 0.6750088746893859 @ webpack-internal:///(app-pages-browser)/./src/components/sections/FloatingGallery.tsx:410
[  413414ms] [LOG] FloatingGallery progress: 0.6947106851260206 @ webpack-internal:///(app-pages-browser)/./src/components/sections/FloatingGallery.tsx:410
[  413431ms] [LOG] FloatingGallery progress: 0.7144124955626553 @ webpack-internal:///(app-pages-browser)/./src/components/sections/FloatingGallery.tsx:410
[  413447ms] [LOG] FloatingGallery progress: 0.7472488462903798 @ webpack-internal:///(app-pages-browser)/./src/components/sections/FloatingGallery.tsx:410
[  413464ms] [LOG] FloatingGallery progress: 0.7800851970181044 @ webpack-internal:///(app-pages-browser)/./src/components/sections/FloatingGallery.tsx:410
[  413481ms] [LOG] FloatingGallery progress: 0.822861199858005 @ webpack-internal:///(app-pages-browser)/./src/components/sections/FloatingGallery.tsx:410
[  413497ms] [LOG] FloatingGallery progress: 0.888533901313454 @ webpack-internal:///(app-pages-browser)/./src/components/sections/FloatingGallery.tsx:410
[  413514ms] [LOG] FloatingGallery progress: 0.9148029818956337 @ webpack-internal:///(app-pages-browser)/./src/components/sections/FloatingGallery.tsx:410
[  413531ms] [LOG] FloatingGallery progress: 0.9279375221867234 @ webpack-internal:///(app-pages-browser)/./src/components/sections/FloatingGallery.tsx:410
[  413580ms] [LOG] FloatingGallery progress: 0.9311324103656372 @ webpack-internal:///(app-pages-browser)/./src/components/sections/FloatingGallery.tsx:410
[  413597ms] [LOG] FloatingGallery progress: 0.9376996805111821 @ webpack-internal:///(app-pages-browser)/./src/components/sections/FloatingGallery.tsx:410
[  413614ms] [LOG] FloatingGallery progress: 0.944266950656727 @ webpack-internal:///(app-pages-browser)/./src/components/sections/FloatingGallery.tsx:410
[  413630ms] [LOG] FloatingGallery progress: 0.9508342208022719 @ webpack-internal:///(app-pages-browser)/./src/components/sections/FloatingGallery.tsx:410
[  413647ms] [LOG] FloatingGallery progress: 0.9705360312389066 @ webpack-internal:///(app-pages-browser)/./src/components/sections/FloatingGallery.tsx:410
[  413664ms] [LOG] FloatingGallery progress: 0.9804756833510827 @ webpack-internal:///(app-pages-browser)/./src/components/sections/FloatingGallery.tsx:410
[  413680ms] [LOG] FloatingGallery progress: 0.9902378416755414 @ webpack-internal:///(app-pages-browser)/./src/components/sections/FloatingGallery.tsx:410
[  413697ms] [LOG] FloatingGallery progress: 1 @ webpack-internal:///(app-pages-browser)/./src/components/sections/FloatingGallery.tsx:410
[  414181ms] [WARNING] You are trying to animate backgroundColor from "#111111" to "transparent". "transparent" is not an animatable value.. For more information and steps for solving, visit https://motion.dev/troubleshooting/value-not-animatable @ webpack-internal:///(app-pages-browser)/./node_modules/motion-utils/dist/es/errors.mjs:15
[  414863ms] [WARNING] The resource http://localhost:3000/_next/image?url=%2Fbest%20shots%2FProduct%20image%2Fproduct-molton-brown.webp&w=3840&q=75 was preloaded using link preload but not used within a few seconds from the window's load event. Please make sure it has an appropriate `as` value and it is preloaded intentionally. @ http://localhost:3000/:0
[  414863ms] [WARNING] The resource http://localhost:3000/_next/image?url=%2Flogo%2Flogo.webp&w=384&q=75 was preloaded using link preload but not used within a few seconds from the window's load event. Please make sure it has an appropriate `as` value and it is preloaded intentionally. @ http://localhost:3000/:0
[  417764ms] [WARNING] You are trying to animate backgroundColor from "transparent" to "#111111". "transparent" is not an animatable value.. For more information and steps for solving, visit https://motion.dev/troubleshooting/value-not-animatable @ webpack-internal:///(app-pages-browser)/./node_modules/motion-utils/dist/es/errors.mjs:15
[  418081ms] [WARNING] You are trying to animate backgroundColor from "rgba(9, 9, 9, 0.27841)" to "transparent". "transparent" is not an animatable value.. For more information and steps for solving, visit https://motion.dev/troubleshooting/value-not-animatable @ webpack-internal:///(app-pages-browser)/./node_modules/motion-utils/dist/es/errors.mjs:15
[  418164ms] [WARNING] You are trying to animate backgroundColor from "transparent" to "#111111". "transparent" is not an animatable value.. For more information and steps for solving, visit https://motion.dev/troubleshooting/value-not-animatable @ webpack-internal:///(app-pages-browser)/./node_modules/motion-utils/dist/es/errors.mjs:15
[  418281ms] [LOG] FloatingGallery progress: 0.9985800496982605 @ webpack-internal:///(app-pages-browser)/./src/components/sections/FloatingGallery.tsx:410
[  418297ms] [LOG] FloatingGallery progress: 0.9973375931842385 @ webpack-internal:///(app-pages-browser)/./src/components/sections/FloatingGallery.tsx:410
[  418314ms] [LOG] FloatingGallery progress: 0.9948526801561945 @ webpack-internal:///(app-pages-browser)/./src/components/sections/FloatingGallery.tsx:410
[  418331ms] [LOG] FloatingGallery progress: 0.9925452609158679 @ webpack-internal:///(app-pages-browser)/./src/components/sections/FloatingGallery.tsx:410
[  418347ms] [LOG] FloatingGallery progress: 0.9902378416755414 @ webpack-internal:///(app-pages-browser)/./src/components/sections/FloatingGallery.tsx:410
[  418364ms] [LOG] FloatingGallery progress: 0.9882854100106496 @ webpack-internal:///(app-pages-browser)/./src/components/sections/FloatingGallery.tsx:410
[  418381ms] [LOG] FloatingGallery progress: 0.9865104721334753 @ webpack-internal:///(app-pages-browser)/./src/components/sections/FloatingGallery.tsx:410
[  418381ms] [WARNING] You are trying to animate backgroundColor from "#111111" to "transparent". "transparent" is not an animatable value.. For more information and steps for solving, visit https://motion.dev/troubleshooting/value-not-animatable @ webpack-internal:///(app-pages-browser)/./node_modules/motion-utils/dist/es/errors.mjs:15
[  418398ms] [LOG] FloatingGallery progress: 0.984735534256301 @ webpack-internal:///(app-pages-browser)/./src/components/sections/FloatingGallery.tsx:410
[  418414ms] [LOG] FloatingGallery progress: 0.9831380901668442 @ webpack-internal:///(app-pages-browser)/./src/components/sections/FloatingGallery.tsx:410
[  418431ms] [LOG] FloatingGallery progress: 0.9818956336528222 @ webpack-internal:///(app-pages-browser)/./src/components/sections/FloatingGallery.tsx:410
[  418447ms] [LOG] FloatingGallery progress: 0.9804756833510827 @ webpack-internal:///(app-pages-browser)/./src/components/sections/FloatingGallery.tsx:410
[  418464ms] [LOG] FloatingGallery progress: 0.9792332268370607 @ webpack-internal:///(app-pages-browser)/./src/components/sections/FloatingGallery.tsx:410
[  418464ms] [WARNING] You are trying to animate backgroundColor from "transparent" to "#111111". "transparent" is not an animatable value.. For more information and steps for solving, visit https://motion.dev/troubleshooting/value-not-animatable @ webpack-internal:///(app-pages-browser)/./node_modules/motion-utils/dist/es/errors.mjs:15
[  418481ms] [LOG] FloatingGallery progress: 0.9781682641107561 @ webpack-internal:///(app-pages-browser)/./src/components/sections/FloatingGallery.tsx:410
[  418497ms] [LOG] FloatingGallery progress: 0.9771033013844516 @ webpack-internal:///(app-pages-browser)/./src/components/sections/FloatingGallery.tsx:410
[  418514ms] [LOG] FloatingGallery progress: 0.9762158324458644 @ webpack-internal:///(app-pages-browser)/./src/components/sections/FloatingGallery.tsx:410
[  418530ms] [LOG] FloatingGallery progress: 0.9751508697195598 @ webpack-internal:///(app-pages-browser)/./src/components/sections/FloatingGallery.tsx:410
[  418547ms] [LOG] FloatingGallery progress: 0.9744408945686901 @ webpack-internal:///(app-pages-browser)/./src/components/sections/FloatingGallery.tsx:410
[  418564ms] [LOG] FloatingGallery progress: 0.9737309194178204 @ webpack-internal:///(app-pages-browser)/./src/components/sections/FloatingGallery.tsx:410
[  418580ms] [LOG] FloatingGallery progress: 0.9730209442669506 @ webpack-internal:///(app-pages-browser)/./src/components/sections/FloatingGallery.tsx:410
[  418597ms] [LOG] FloatingGallery progress: 0.972310969116081 @ webpack-internal:///(app-pages-browser)/./src/components/sections/FloatingGallery.tsx:410
[  418614ms] [LOG] FloatingGallery progress: 0.9717784877529286 @ webpack-internal:///(app-pages-browser)/./src/components/sections/FloatingGallery.tsx:410
[  418631ms] [LOG] FloatingGallery progress: 0.971068512602059 @ webpack-internal:///(app-pages-browser)/./src/components/sections/FloatingGallery.tsx:410
[  418647ms] [LOG] FloatingGallery progress: 0.9705360312389066 @ webpack-internal:///(app-pages-browser)/./src/components/sections/FloatingGallery.tsx:410
[  418664ms] [LOG] FloatingGallery progress: 0.9701810436634718 @ webpack-internal:///(app-pages-browser)/./src/components/sections/FloatingGallery.tsx:410
[  418680ms] [LOG] FloatingGallery progress: 0.9696485623003195 @ webpack-internal:///(app-pages-browser)/./src/components/sections/FloatingGallery.tsx:410
[  418697ms] [LOG] FloatingGallery progress: 0.9692935747248846 @ webpack-internal:///(app-pages-browser)/./src/components/sections/FloatingGallery.tsx:410
[  418714ms] [LOG] FloatingGallery progress: 0.9689385871494498 @ webpack-internal:///(app-pages-browser)/./src/components/sections/FloatingGallery.tsx:410
[  418730ms] [LOG] FloatingGallery progress: 0.968583599574015 @ webpack-internal:///(app-pages-browser)/./src/components/sections/FloatingGallery.tsx:410
[  418747ms] [LOG] FloatingGallery progress: 0.96822861199858 @ webpack-internal:///(app-pages-browser)/./src/components/sections/FloatingGallery.tsx:410
[  418764ms] [LOG] FloatingGallery progress: 0.9680511182108626 @ webpack-internal:///(app-pages-browser)/./src/components/sections/FloatingGallery.tsx:410
[  418780ms] [LOG] FloatingGallery progress: 0.9676961306354278 @ webpack-internal:///(app-pages-browser)/./src/components/sections/FloatingGallery.tsx:410
[  418797ms] [LOG] FloatingGallery progress: 0.9675186368477103 @ webpack-internal:///(app-pages-browser)/./src/components/sections/FloatingGallery.tsx:410
[  418814ms] [LOG] FloatingGallery progress: 0.9673411430599929 @ webpack-internal:///(app-pages-browser)/./src/components/sections/FloatingGallery.tsx:410
[  418830ms] [LOG] FloatingGallery progress: 0.966986155484558 @ webpack-internal:///(app-pages-browser)/./src/components/sections/FloatingGallery.tsx:410
[  418847ms] [LOG] FloatingGallery progress: 0.9668086616968407 @ webpack-internal:///(app-pages-browser)/./src/components/sections/FloatingGallery.tsx:410
[  418864ms] [LOG] FloatingGallery progress: 0.9666311679091232 @ webpack-internal:///(app-pages-browser)/./src/components/sections/FloatingGallery.tsx:410
[  418880ms] [LOG] FloatingGallery progress: 0.9664536741214057 @ webpack-internal:///(app-pages-browser)/./src/components/sections/FloatingGallery.tsx:410
[  418897ms] [LOG] FloatingGallery progress: 0.9662761803336883 @ webpack-internal:///(app-pages-browser)/./src/components/sections/FloatingGallery.tsx:410
[  418931ms] [LOG] FloatingGallery progress: 0.9660986865459709 @ webpack-internal:///(app-pages-browser)/./src/components/sections/FloatingGallery.tsx:410
[  418947ms] [LOG] FloatingGallery progress: 0.9659211927582535 @ webpack-internal:///(app-pages-browser)/./src/components/sections/FloatingGallery.tsx:410
[  418981ms] [LOG] FloatingGallery progress: 0.965743698970536 @ webpack-internal:///(app-pages-browser)/./src/components/sections/FloatingGallery.tsx:410
[  418997ms] [LOG] FloatingGallery progress: 0.9655662051828185 @ webpack-internal:///(app-pages-browser)/./src/components/sections/FloatingGallery.tsx:410
[  419030ms] [LOG] FloatingGallery progress: 0.9653887113951012 @ webpack-internal:///(app-pages-browser)/./src/components/sections/FloatingGallery.tsx:410
[  419080ms] [LOG] FloatingGallery progress: 0.9652112176073837 @ webpack-internal:///(app-pages-browser)/./src/components/sections/FloatingGallery.tsx:410
[  419130ms] [LOG] FloatingGallery progress: 0.9650337238196663 @ webpack-internal:///(app-pages-browser)/./src/components/sections/FloatingGallery.tsx:410
[  419197ms] [LOG] FloatingGallery progress: 0.9648562300319489 @ webpack-internal:///(app-pages-browser)/./src/components/sections/FloatingGallery.tsx:410
[  419314ms] [LOG] FloatingGallery progress: 0.9646787362442315 @ webpack-internal:///(app-pages-browser)/./src/components/sections/FloatingGallery.tsx:410
[  419530ms] [LOG] FloatingGallery progress: 0.964501242456514 @ webpack-internal:///(app-pages-browser)/./src/components/sections/FloatingGallery.tsx:410
[  419681ms] [LOG] FloatingGallery progress: 0.9579339723109691 @ webpack-internal:///(app-pages-browser)/./src/components/sections/FloatingGallery.tsx:410
[  419697ms] [LOG] FloatingGallery progress: 0.9513667021654242 @ webpack-internal:///(app-pages-browser)/./src/components/sections/FloatingGallery.tsx:410
[  419714ms] [LOG] FloatingGallery progress: 0.9447994320198793 @ webpack-internal:///(app-pages-browser)/./src/components/sections/FloatingGallery.tsx:410
[  419731ms] [LOG] FloatingGallery progress: 0.9185303514376997 @ webpack-internal:///(app-pages-browser)/./src/components/sections/FloatingGallery.tsx:410
[  419747ms] [LOG] FloatingGallery progress: 0.8693645722399717 @ webpack-internal:///(app-pages-browser)/./src/components/sections/FloatingGallery.tsx:410
[  419764ms] [LOG] FloatingGallery progress: 0.8102591409300675 @ webpack-internal:///(app-pages-browser)/./src/components/sections/FloatingGallery.tsx:410
[  419781ms] [LOG] FloatingGallery progress: 0.7215122470713525 @ webpack-internal:///(app-pages-browser)/./src/components/sections/FloatingGallery.tsx:410
[  419797ms] [LOG] FloatingGallery progress: 0.6033013844515442 @ webpack-internal:///(app-pages-browser)/./src/components/sections/FloatingGallery.tsx:410
[  419814ms] [LOG] FloatingGallery progress: 0.3965211217607384 @ webpack-internal:///(app-pages-browser)/./src/components/sections/FloatingGallery.tsx:410
[  419831ms] [LOG] FloatingGallery progress: 0.24210152644657437 @ webpack-internal:///(app-pages-browser)/./src/components/sections/FloatingGallery.tsx:410
[  419848ms] [LOG] FloatingGallery progress: 0.13045793397231098 @ webpack-internal:///(app-pages-browser)/./src/components/sections/FloatingGallery.tsx:410
[  419864ms] [LOG] FloatingGallery progress: 0.04508342208022719 @ webpack-internal:///(app-pages-browser)/./src/components/sections/FloatingGallery.tsx:410
[  419881ms] [LOG] FloatingGallery progress: 0 @ webpack-internal:///(app-pages-browser)/./src/components/sections/FloatingGallery.tsx:410
[  424271ms] [LOG] FloatingGallery progress: 0.0001 @ webpack-internal:///(app-pages-browser)/./src/components/sections/FloatingGallery.tsx:410
[  424454ms] [LOG] FloatingGallery progress: 0 @ webpack-internal:///(app-pages-browser)/./src/components/sections/FloatingGallery.tsx:410
[  424536ms] [LOG] FloatingGallery progress: 0.0001 @ webpack-internal:///(app-pages-browser)/./src/components/sections/FloatingGallery.tsx:410
[  424704ms] [LOG] FloatingGallery progress: 0 @ webpack-internal:///(app-pages-browser)/./src/components/sections/FloatingGallery.tsx:410
[  424920ms] [LOG] FloatingGallery progress: 0.024849130280440185 @ webpack-internal:///(app-pages-browser)/./src/components/sections/FloatingGallery.tsx:410
[  425403ms] [LOG] FloatingGallery progress: 0.07348242811501597 @ webpack-internal:///(app-pages-browser)/./src/components/sections/FloatingGallery.tsx:410
[  425420ms] [LOG] FloatingGallery progress: 0.12211572594959176 @ webpack-internal:///(app-pages-browser)/./src/components/sections/FloatingGallery.tsx:410
[  425437ms] [LOG] FloatingGallery progress: 0.17074902378416756 @ webpack-internal:///(app-pages-browser)/./src/components/sections/FloatingGallery.tsx:410
[  425454ms] [LOG] FloatingGallery progress: 0.21938232161874335 @ webpack-internal:///(app-pages-browser)/./src/components/sections/FloatingGallery.tsx:410
[  425470ms] [LOG] FloatingGallery progress: 0.26801561945331914 @ webpack-internal:///(app-pages-browser)/./src/components/sections/FloatingGallery.tsx:410
[  425686ms] [LOG] FloatingGallery progress: 0.3166489172878949 @ webpack-internal:///(app-pages-browser)/./src/components/sections/FloatingGallery.tsx:410
[  425754ms] [LOG] FloatingGallery progress: 0.3651047213347533 @ webpack-internal:///(app-pages-browser)/./src/components/sections/FloatingGallery.tsx:410
[  425820ms] [LOG] FloatingGallery progress: 0.41373801916932906 @ webpack-internal:///(app-pages-browser)/./src/components/sections/FloatingGallery.tsx:410
[  425987ms] [LOG] FloatingGallery progress: 0.4623713170039049 @ webpack-internal:///(app-pages-browser)/./src/components/sections/FloatingGallery.tsx:410
[  426070ms] [LOG] FloatingGallery progress: 0.5108271210507632 @ webpack-internal:///(app-pages-browser)/./src/components/sections/FloatingGallery.tsx:410
[  426120ms] [LOG] FloatingGallery progress: 0.559460418885339 @ webpack-internal:///(app-pages-browser)/./src/components/sections/FloatingGallery.tsx:410
[  426136ms] [LOG] FloatingGallery progress: 0.6080937167199149 @ webpack-internal:///(app-pages-browser)/./src/components/sections/FloatingGallery.tsx:410
[  426370ms] [LOG] FloatingGallery progress: 0.6565495207667732 @ webpack-internal:///(app-pages-browser)/./src/components/sections/FloatingGallery.tsx:410
[  426420ms] [LOG] FloatingGallery progress: 0.7051828186013489 @ webpack-internal:///(app-pages-browser)/./src/components/sections/FloatingGallery.tsx:410
[  426454ms] [LOG] FloatingGallery progress: 0.7538161164359247 @ webpack-internal:///(app-pages-browser)/./src/components/sections/FloatingGallery.tsx:410
[  426487ms] [LOG] FloatingGallery progress: 0.8022719204827831 @ webpack-internal:///(app-pages-browser)/./src/components/sections/FloatingGallery.tsx:410
[  426503ms] [LOG] FloatingGallery progress: 0.8509052183173589 @ webpack-internal:///(app-pages-browser)/./src/components/sections/FloatingGallery.tsx:410
[  426520ms] [LOG] FloatingGallery progress: 0.8993610223642172 @ webpack-internal:///(app-pages-browser)/./src/components/sections/FloatingGallery.tsx:410
[  426731ms] [WARNING] You are trying to animate backgroundColor from "#111111" to "transparent". "transparent" is not an animatable value.. For more information and steps for solving, visit https://motion.dev/troubleshooting/value-not-animatable @ webpack-internal:///(app-pages-browser)/./node_modules/motion-utils/dist/es/errors.mjs:15
[  428462ms] [LOG] [Fast Refresh] rebuilding @ webpack-internal:///(app-pages-browser)/./node_modules/next/dist/client/components/react-dev-overlay/app/hot-reloader-client.js:239
[  428852ms] [LOG] [Fast Refresh] done in 390ms @ webpack-internal:///(app-pages-browser)/./node_modules/next/dist/client/components/react-dev-overlay/app/hot-reloader-client.js:66
[  431879ms] [WARNING] The resource http://localhost:3000/_next/image?url=%2Fbest%20shots%2FProduct%20image%2Fproduct-molton-brown.webp&w=3840&q=75 was preloaded using link preload but not used within a few seconds from the window's load event. Please make sure it has an appropriate `as` value and it is preloaded intentionally. @ http://localhost:3000/:0
[  431879ms] [WARNING] The resource http://localhost:3000/_next/image?url=%2Flogo%2Flogo.webp&w=384&q=75 was preloaded using link preload but not used within a few seconds from the window's load event. Please make sure it has an appropriate `as` value and it is preloaded intentionally. @ http://localhost:3000/:0
[  440048ms] [LOG] FloatingGallery progress: 0 @ webpack-internal:///(app-pages-browser)/./src/components/sections/FloatingGallery.tsx:410
[  447600ms] [WARNING] The resource http://localhost:3000/_next/image?url=%2Fbest%20shots%2FProduct%20image%2Fproduct-molton-brown.webp&w=3840&q=75 was preloaded using link preload but not used within a few seconds from the window's load event. Please make sure it has an appropriate `as` value and it is preloaded intentionally. @ http://localhost:3000/:0
[  447600ms] [WARNING] The resource http://localhost:3000/_next/image?url=%2Flogo%2Flogo.webp&w=384&q=75 was preloaded using link preload but not used within a few seconds from the window's load event. Please make sure it has an appropriate `as` value and it is preloaded intentionally. @ http://localhost:3000/:0
[  457439ms] [WARNING] The resource http://localhost:3000/_next/image?url=%2Fbest%20shots%2FProduct%20image%2Fproduct-molton-brown.webp&w=3840&q=75 was preloaded using link preload but not used within a few seconds from the window's load event. Please make sure it has an appropriate `as` value and it is preloaded intentionally. @ http://localhost:3000/:0
[  457439ms] [WARNING] The resource http://localhost:3000/_next/image?url=%2Flogo%2Flogo.webp&w=384&q=75 was preloaded using link preload but not used within a few seconds from the window's load event. Please make sure it has an appropriate `as` value and it is preloaded intentionally. @ http://localhost:3000/:0
[  462781ms] [WARNING] The resource http://localhost:3000/_next/image?url=%2Fbest%20shots%2FProduct%20image%2Fproduct-molton-brown.webp&w=3840&q=75 was preloaded using link preload but not used within a few seconds from the window's load event. Please make sure it has an appropriate `as` value and it is preloaded intentionally. @ http://localhost:3000/:0
[  462781ms] [WARNING] The resource http://localhost:3000/_next/image?url=%2Flogo%2Flogo.webp&w=384&q=75 was preloaded using link preload but not used within a few seconds from the window's load event. Please make sure it has an appropriate `as` value and it is preloaded intentionally. @ http://localhost:3000/:0
[  472515ms] [WARNING] The resource http://localhost:3000/_next/image?url=%2Fbest%20shots%2FProduct%20image%2Fproduct-molton-brown.webp&w=3840&q=75 was preloaded using link preload but not used within a few seconds from the window's load event. Please make sure it has an appropriate `as` value and it is preloaded intentionally. @ http://localhost:3000/:0
[  472515ms] [WARNING] The resource http://localhost:3000/_next/image?url=%2Flogo%2Flogo.webp&w=384&q=75 was preloaded using link preload but not used within a few seconds from the window's load event. Please make sure it has an appropriate `as` value and it is preloaded intentionally. @ http://localhost:3000/:0
[  477765ms] [WARNING] The resource http://localhost:3000/_next/image?url=%2Fbest%20shots%2FProduct%20image%2Fproduct-molton-brown.webp&w=3840&q=75 was preloaded using link preload but not used within a few seconds from the window's load event. Please make sure it has an appropriate `as` value and it is preloaded intentionally. @ http://localhost:3000/:0
[  477766ms] [WARNING] The resource http://localhost:3000/_next/image?url=%2Flogo%2Flogo.webp&w=384&q=75 was preloaded using link preload but not used within a few seconds from the window's load event. Please make sure it has an appropriate `as` value and it is preloaded intentionally. @ http://localhost:3000/:0
[  487582ms] [WARNING] The resource http://localhost:3000/_next/image?url=%2Fbest%20shots%2FProduct%20image%2Fproduct-molton-brown.webp&w=3840&q=75 was preloaded using link preload but not used within a few seconds from the window's load event. Please make sure it has an appropriate `as` value and it is preloaded intentionally. @ http://localhost:3000/:0
[  487582ms] [WARNING] The resource http://localhost:3000/_next/image?url=%2Flogo%2Flogo.webp&w=384&q=75 was preloaded using link preload but not used within a few seconds from the window's load event. Please make sure it has an appropriate `as` value and it is preloaded intentionally. @ http://localhost:3000/:0
[  492826ms] [WARNING] The resource http://localhost:3000/_next/image?url=%2Fbest%20shots%2FProduct%20image%2Fproduct-molton-brown.webp&w=3840&q=75 was preloaded using link preload but not used within a few seconds from the window's load event. Please make sure it has an appropriate `as` value and it is preloaded intentionally. @ http://localhost:3000/:0
[  492826ms] [WARNING] The resource http://localhost:3000/_next/image?url=%2Flogo%2Flogo.webp&w=384&q=75 was preloaded using link preload but not used within a few seconds from the window's load event. Please make sure it has an appropriate `as` value and it is preloaded intentionally. @ http://localhost:3000/:0
[  502666ms] [WARNING] The resource http://localhost:3000/_next/image?url=%2Fbest%20shots%2FProduct%20image%2Fproduct-molton-brown.webp&w=3840&q=75 was preloaded using link preload but not used within a few seconds from the window's load event. Please make sure it has an appropriate `as` value and it is preloaded intentionally. @ http://localhost:3000/:0
[  502666ms] [WARNING] The resource http://localhost:3000/_next/image?url=%2Flogo%2Flogo.webp&w=384&q=75 was preloaded using link preload but not used within a few seconds from the window's load event. Please make sure it has an appropriate `as` value and it is preloaded intentionally. @ http://localhost:3000/:0
[  507894ms] [WARNING] The resource http://localhost:3000/_next/image?url=%2Fbest%20shots%2FProduct%20image%2Fproduct-molton-brown.webp&w=3840&q=75 was preloaded using link preload but not used within a few seconds from the window's load event. Please make sure it has an appropriate `as` value and it is preloaded intentionally. @ http://localhost:3000/:0
[  507894ms] [WARNING] The resource http://localhost:3000/_next/image?url=%2Flogo%2Flogo.webp&w=384&q=75 was preloaded using link preload but not used within a few seconds from the window's load event. Please make sure it has an appropriate `as` value and it is preloaded intentionally. @ http://localhost:3000/:0
[  517750ms] [WARNING] The resource http://localhost:3000/_next/image?url=%2Fbest%20shots%2FProduct%20image%2Fproduct-molton-brown.webp&w=3840&q=75 was preloaded using link preload but not used within a few seconds from the window's load event. Please make sure it has an appropriate `as` value and it is preloaded intentionally. @ http://localhost:3000/:0
[  517750ms] [WARNING] The resource http://localhost:3000/_next/image?url=%2Flogo%2Flogo.webp&w=384&q=75 was preloaded using link preload but not used within a few seconds from the window's load event. Please make sure it has an appropriate `as` value and it is preloaded intentionally. @ http://localhost:3000/:0
[  522983ms] [WARNING] The resource http://localhost:3000/_next/image?url=%2Fbest%20shots%2FProduct%20image%2Fproduct-molton-brown.webp&w=3840&q=75 was preloaded using link preload but not used within a few seconds from the window's load event. Please make sure it has an appropriate `as` value and it is preloaded intentionally. @ http://localhost:3000/:0
[  522983ms] [WARNING] The resource http://localhost:3000/_next/image?url=%2Flogo%2Flogo.webp&w=384&q=75 was preloaded using link preload but not used within a few seconds from the window's load event. Please make sure it has an appropriate `as` value and it is preloaded intentionally. @ http://localhost:3000/:0
[  532817ms] [WARNING] The resource http://localhost:3000/_next/image?url=%2Fbest%20shots%2FProduct%20image%2Fproduct-molton-brown.webp&w=3840&q=75 was preloaded using link preload but not used within a few seconds from the window's load event. Please make sure it has an appropriate `as` value and it is preloaded intentionally. @ http://localhost:3000/:0
[  532817ms] [WARNING] The resource http://localhost:3000/_next/image?url=%2Flogo%2Flogo.webp&w=384&q=75 was preloaded using link preload but not used within a few seconds from the window's load event. Please make sure it has an appropriate `as` value and it is preloaded intentionally. @ http://localhost:3000/:0
[  538048ms] [WARNING] The resource http://localhost:3000/_next/image?url=%2Fbest%20shots%2FProduct%20image%2Fproduct-molton-brown.webp&w=3840&q=75 was preloaded using link preload but not used within a few seconds from the window's load event. Please make sure it has an appropriate `as` value and it is preloaded intentionally. @ http://localhost:3000/:0
[  538048ms] [WARNING] The resource http://localhost:3000/_next/image?url=%2Flogo%2Flogo.webp&w=384&q=75 was preloaded using link preload but not used within a few seconds from the window's load event. Please make sure it has an appropriate `as` value and it is preloaded intentionally. @ http://localhost:3000/:0
[  547896ms] [WARNING] The resource http://localhost:3000/_next/image?url=%2Fbest%20shots%2FProduct%20image%2Fproduct-molton-brown.webp&w=3840&q=75 was preloaded using link preload but not used within a few seconds from the window's load event. Please make sure it has an appropriate `as` value and it is preloaded intentionally. @ http://localhost:3000/:0
[  547896ms] [WARNING] The resource http://localhost:3000/_next/image?url=%2Flogo%2Flogo.webp&w=384&q=75 was preloaded using link preload but not used within a few seconds from the window's load event. Please make sure it has an appropriate `as` value and it is preloaded intentionally. @ http://localhost:3000/:0
[  553195ms] [WARNING] The resource http://localhost:3000/_next/image?url=%2Fbest%20shots%2FProduct%20image%2Fproduct-molton-brown.webp&w=3840&q=75 was preloaded using link preload but not used within a few seconds from the window's load event. Please make sure it has an appropriate `as` value and it is preloaded intentionally. @ http://localhost:3000/:0
[  553196ms] [WARNING] The resource http://localhost:3000/_next/image?url=%2Flogo%2Flogo.webp&w=384&q=75 was preloaded using link preload but not used within a few seconds from the window's load event. Please make sure it has an appropriate `as` value and it is preloaded intentionally. @ http://localhost:3000/:0
[  554081ms] [LOG] FloatingGallery progress: 0.0001 @ webpack-internal:///(app-pages-browser)/./src/components/sections/FloatingGallery.tsx:410
[  554217ms] [LOG] FloatingGallery progress: 0 @ webpack-internal:///(app-pages-browser)/./src/components/sections/FloatingGallery.tsx:410
[  606652ms] [LOG] FloatingGallery progress: 0.0001 @ webpack-internal:///(app-pages-browser)/./src/components/sections/FloatingGallery.tsx:410
[  606718ms] [LOG] FloatingGallery progress: 0 @ webpack-internal:///(app-pages-browser)/./src/components/sections/FloatingGallery.tsx:410
[  741753ms] [LOG] [Fast Refresh] rebuilding @ webpack-internal:///(app-pages-browser)/./node_modules/next/dist/client/components/react-dev-overlay/app/hot-reloader-client.js:239
[  742146ms] [LOG] [Fast Refresh] done in 393ms @ webpack-internal:///(app-pages-browser)/./node_modules/next/dist/client/components/react-dev-overlay/app/hot-reloader-client.js:66
[  745222ms] [WARNING] The resource http://localhost:3000/_next/image?url=%2Fbest%20shots%2FProduct%20image%2Fproduct-molton-brown.webp&w=3840&q=75 was preloaded using link preload but not used within a few seconds from the window's load event. Please make sure it has an appropriate `as` value and it is preloaded intentionally. @ http://localhost:3000/:0
[  745222ms] [WARNING] The resource http://localhost:3000/_next/image?url=%2Flogo%2Flogo.webp&w=384&q=75 was preloaded using link preload but not used within a few seconds from the window's load event. Please make sure it has an appropriate `as` value and it is preloaded intentionally. @ http://localhost:3000/:0
[  770122ms] [LOG] FloatingGallery progress: 0.0001 @ webpack-internal:///(app-pages-browser)/./src/components/sections/FloatingGallery.tsx:410
[  770139ms] [LOG] FloatingGallery progress: 0 @ webpack-internal:///(app-pages-browser)/./src/components/sections/FloatingGallery.tsx:410
[  770140ms] [LOG] FloatingGallery progress: 0.0001 @ webpack-internal:///(app-pages-browser)/./src/components/sections/FloatingGallery.tsx:410
[  770172ms] [LOG] FloatingGallery progress: 0.004969826056088037 @ webpack-internal:///(app-pages-browser)/./src/components/sections/FloatingGallery.tsx:410
[  770189ms] [LOG] FloatingGallery progress: 0.009762158324458644 @ webpack-internal:///(app-pages-browser)/./src/components/sections/FloatingGallery.tsx:410
[  770206ms] [LOG] FloatingGallery progress: 0.013844515441959531 @ webpack-internal:///(app-pages-browser)/./src/components/sections/FloatingGallery.tsx:410
[  770222ms] [LOG] FloatingGallery progress: 0.01792687255946042 @ webpack-internal:///(app-pages-browser)/./src/components/sections/FloatingGallery.tsx:410
[  770241ms] [LOG] FloatingGallery progress: 0.022009229676961305 @ webpack-internal:///(app-pages-browser)/./src/components/sections/FloatingGallery.tsx:410
[  770256ms] [LOG] FloatingGallery progress: 0.025026624068157616 @ webpack-internal:///(app-pages-browser)/./src/components/sections/FloatingGallery.tsx:410
[  770272ms] [LOG] FloatingGallery progress: 0.028221512247071354 @ webpack-internal:///(app-pages-browser)/./src/components/sections/FloatingGallery.tsx:410
[  770289ms] [LOG] FloatingGallery progress: 0.03106141285055023 @ webpack-internal:///(app-pages-browser)/./src/components/sections/FloatingGallery.tsx:410
[  770306ms] [LOG] FloatingGallery progress: 0.03372381966631168 @ webpack-internal:///(app-pages-browser)/./src/components/sections/FloatingGallery.tsx:410
[  770322ms] [LOG] FloatingGallery progress: 0.0362087326943557 @ webpack-internal:///(app-pages-browser)/./src/components/sections/FloatingGallery.tsx:410
[  770339ms] [LOG] FloatingGallery progress: 0.038693645722399715 @ webpack-internal:///(app-pages-browser)/./src/components/sections/FloatingGallery.tsx:410
[  770356ms] [LOG] FloatingGallery progress: 0.040646077387291445 @ webpack-internal:///(app-pages-browser)/./src/components/sections/FloatingGallery.tsx:410
[  770373ms] [LOG] FloatingGallery progress: 0.042598509052183174 @ webpack-internal:///(app-pages-browser)/./src/components/sections/FloatingGallery.tsx:410
[  770389ms] [LOG] FloatingGallery progress: 0.04437344692935747 @ webpack-internal:///(app-pages-browser)/./src/components/sections/FloatingGallery.tsx:410
[  770406ms] [LOG] FloatingGallery progress: 0.04614838480653177 @ webpack-internal:///(app-pages-browser)/./src/components/sections/FloatingGallery.tsx:410
[  770422ms] [LOG] FloatingGallery progress: 0.04756833510827121 @ webpack-internal:///(app-pages-browser)/./src/components/sections/FloatingGallery.tsx:410
[  770439ms] [LOG] FloatingGallery progress: 0.04898828541001065 @ webpack-internal:///(app-pages-browser)/./src/components/sections/FloatingGallery.tsx:410
[  770456ms] [LOG] FloatingGallery progress: 0.05040823571175009 @ webpack-internal:///(app-pages-browser)/./src/components/sections/FloatingGallery.tsx:410
[  770472ms] [LOG] FloatingGallery progress: 0.05147319843805467 @ webpack-internal:///(app-pages-browser)/./src/components/sections/FloatingGallery.tsx:410
[  770489ms] [LOG] FloatingGallery progress: 0.052715654952076675 @ webpack-internal:///(app-pages-browser)/./src/components/sections/FloatingGallery.tsx:410
[  770506ms] [LOG] FloatingGallery progress: 0.052360667376641815 @ webpack-internal:///(app-pages-browser)/./src/components/sections/FloatingGallery.tsx:410
[  770522ms] [LOG] FloatingGallery progress: 0.05058572949946752 @ webpack-internal:///(app-pages-browser)/./src/components/sections/FloatingGallery.tsx:410
[  770539ms] [LOG] FloatingGallery progress: 0.04792332268370607 @ webpack-internal:///(app-pages-browser)/./src/components/sections/FloatingGallery.tsx:410
[  770556ms] [LOG] FloatingGallery progress: 0.043663471778487756 @ webpack-internal:///(app-pages-browser)/./src/components/sections/FloatingGallery.tsx:410
[  770572ms] [LOG] FloatingGallery progress: 0.03851615193468229 @ webpack-internal:///(app-pages-browser)/./src/components/sections/FloatingGallery.tsx:410
[  770589ms] [LOG] FloatingGallery progress: 0.03372381966631168 @ webpack-internal:///(app-pages-browser)/./src/components/sections/FloatingGallery.tsx:410
[  770606ms] [LOG] FloatingGallery progress: 0.028221512247071354 @ webpack-internal:///(app-pages-browser)/./src/components/sections/FloatingGallery.tsx:410
[  770622ms] [LOG] FloatingGallery progress: 0.022896698615548456 @ webpack-internal:///(app-pages-browser)/./src/components/sections/FloatingGallery.tsx:410
[  770639ms] [LOG] FloatingGallery progress: 0.01810436634717785 @ webpack-internal:///(app-pages-browser)/./src/components/sections/FloatingGallery.tsx:410
[  770656ms] [LOG] FloatingGallery progress: 0.012247071352502662 @ webpack-internal:///(app-pages-browser)/./src/components/sections/FloatingGallery.tsx:410
[  770672ms] [LOG] FloatingGallery progress: 0.0067447639332623354 @ webpack-internal:///(app-pages-browser)/./src/components/sections/FloatingGallery.tsx:410
[  770689ms] [LOG] FloatingGallery progress: 0.0019524316648917288 @ webpack-internal:///(app-pages-browser)/./src/components/sections/FloatingGallery.tsx:410
[  770706ms] [LOG] FloatingGallery progress: 0 @ webpack-internal:///(app-pages-browser)/./src/components/sections/FloatingGallery.tsx:410
[  775756ms] [LOG] FloatingGallery progress: 0.0001 @ webpack-internal:///(app-pages-browser)/./src/components/sections/FloatingGallery.tsx:410
[  775773ms] [LOG] FloatingGallery progress: 0 @ webpack-internal:///(app-pages-browser)/./src/components/sections/FloatingGallery.tsx:410
[  775773ms] [LOG] FloatingGallery progress: 0.0001 @ webpack-internal:///(app-pages-browser)/./src/components/sections/FloatingGallery.tsx:410
[  775839ms] [LOG] FloatingGallery progress: 0.0007099751508697196 @ webpack-internal:///(app-pages-browser)/./src/components/sections/FloatingGallery.tsx:410
[  775856ms] [LOG] FloatingGallery progress: 0.003017394391196308 @ webpack-internal:///(app-pages-browser)/./src/components/sections/FloatingGallery.tsx:410
[  775873ms] [LOG] FloatingGallery progress: 0.0051473198438054665 @ webpack-internal:///(app-pages-browser)/./src/components/sections/FloatingGallery.tsx:410
[  775889ms] [LOG] FloatingGallery progress: 0.007099751508697196 @ webpack-internal:///(app-pages-browser)/./src/components/sections/FloatingGallery.tsx:410
[  775906ms] [LOG] FloatingGallery progress: 0.008874689385871494 @ webpack-internal:///(app-pages-browser)/./src/components/sections/FloatingGallery.tsx:410
[  775923ms] [LOG] FloatingGallery progress: 0.010472133475328363 @ webpack-internal:///(app-pages-browser)/./src/components/sections/FloatingGallery.tsx:410
[  775940ms] [LOG] FloatingGallery progress: 0.012069577564785232 @ webpack-internal:///(app-pages-browser)/./src/components/sections/FloatingGallery.tsx:410
[  775956ms] [LOG] FloatingGallery progress: 0.013489527866524671 @ webpack-internal:///(app-pages-browser)/./src/components/sections/FloatingGallery.tsx:410
[  775973ms] [LOG] FloatingGallery progress: 0.014731984380546681 @ webpack-internal:///(app-pages-browser)/./src/components/sections/FloatingGallery.tsx:410
[  775990ms] [LOG] FloatingGallery progress: 0.01597444089456869 @ webpack-internal:///(app-pages-browser)/./src/components/sections/FloatingGallery.tsx:410
[  776006ms] [LOG] FloatingGallery progress: 0.01703940362087327 @ webpack-internal:///(app-pages-browser)/./src/components/sections/FloatingGallery.tsx:410
[  776023ms] [LOG] FloatingGallery progress: 0.01810436634717785 @ webpack-internal:///(app-pages-browser)/./src/components/sections/FloatingGallery.tsx:410
[  776039ms] [LOG] FloatingGallery progress: 0.019169329073482427 @ webpack-internal:///(app-pages-browser)/./src/components/sections/FloatingGallery.tsx:410
[  776056ms] [LOG] FloatingGallery progress: 0.02005679801206958 @ webpack-internal:///(app-pages-browser)/./src/components/sections/FloatingGallery.tsx:410
[  776072ms] [LOG] FloatingGallery progress: 0.020766773162939296 @ webpack-internal:///(app-pages-browser)/./src/components/sections/FloatingGallery.tsx:410
[  776089ms] [LOG] FloatingGallery progress: 0.021476748313809017 @ webpack-internal:///(app-pages-browser)/./src/components/sections/FloatingGallery.tsx:410
[  776106ms] [LOG] FloatingGallery progress: 0.022186723464678735 @ webpack-internal:///(app-pages-browser)/./src/components/sections/FloatingGallery.tsx:410
[  776122ms] [LOG] FloatingGallery progress: 0.022896698615548456 @ webpack-internal:///(app-pages-browser)/./src/components/sections/FloatingGallery.tsx:410
[  776139ms] [LOG] FloatingGallery progress: 0.023429179978700747 @ webpack-internal:///(app-pages-browser)/./src/components/sections/FloatingGallery.tsx:410
[  776156ms] [LOG] FloatingGallery progress: 0.025381611643592473 @ webpack-internal:///(app-pages-browser)/./src/components/sections/FloatingGallery.tsx:410
[  776172ms] [LOG] FloatingGallery progress: 0.027156549520766772 @ webpack-internal:///(app-pages-browser)/./src/components/sections/FloatingGallery.tsx:410
[  776189ms] [LOG] FloatingGallery progress: 0.03017394391196308 @ webpack-internal:///(app-pages-browser)/./src/components/sections/FloatingGallery.tsx:410
[  776206ms] [LOG] FloatingGallery progress: 0.034433794817181396 @ webpack-internal:///(app-pages-browser)/./src/components/sections/FloatingGallery.tsx:410
[  776222ms] [LOG] FloatingGallery progress: 0.037983670571529994 @ webpack-internal:///(app-pages-browser)/./src/components/sections/FloatingGallery.tsx:410
[  776239ms] [LOG] FloatingGallery progress: 0.042953496627618035 @ webpack-internal:///(app-pages-browser)/./src/components/sections/FloatingGallery.tsx:410
[  776256ms] [LOG] FloatingGallery progress: 0.04739084132055378 @ webpack-internal:///(app-pages-browser)/./src/components/sections/FloatingGallery.tsx:410
[  776272ms] [LOG] FloatingGallery progress: 0.0516506922257721 @ webpack-internal:///(app-pages-browser)/./src/components/sections/FloatingGallery.tsx:410
[  776289ms] [LOG] FloatingGallery progress: 0.05555555555555555 @ webpack-internal:///(app-pages-browser)/./src/components/sections/FloatingGallery.tsx:410
[  776306ms] [LOG] FloatingGallery progress: 0.058927937522186724 @ webpack-internal:///(app-pages-browser)/./src/components/sections/FloatingGallery.tsx:410
[  776322ms] [LOG] FloatingGallery progress: 0.06230031948881789 @ webpack-internal:///(app-pages-browser)/./src/components/sections/FloatingGallery.tsx:410
[  776339ms] [LOG] FloatingGallery progress: 0.06514022009229677 @ webpack-internal:///(app-pages-browser)/./src/components/sections/FloatingGallery.tsx:410
[  776356ms] [LOG] FloatingGallery progress: 0.06798012069577565 @ webpack-internal:///(app-pages-browser)/./src/components/sections/FloatingGallery.tsx:410
[  776372ms] [LOG] FloatingGallery progress: 0.0706425275115371 @ webpack-internal:///(app-pages-browser)/./src/components/sections/FloatingGallery.tsx:410
[  776389ms] [LOG] FloatingGallery progress: 0.07294994675186368 @ webpack-internal:///(app-pages-browser)/./src/components/sections/FloatingGallery.tsx:410
[  776406ms] [LOG] FloatingGallery progress: 0.07507987220447285 @ webpack-internal:///(app-pages-browser)/./src/components/sections/FloatingGallery.tsx:410
[  776423ms] [LOG] FloatingGallery progress: 0.077209797657082 @ webpack-internal:///(app-pages-browser)/./src/components/sections/FloatingGallery.tsx:410
[  776439ms] [LOG] FloatingGallery progress: 0.07916222932197373 @ webpack-internal:///(app-pages-browser)/./src/components/sections/FloatingGallery.tsx:410
[  776456ms] [LOG] FloatingGallery progress: 0.08093716719914804 @ webpack-internal:///(app-pages-browser)/./src/components/sections/FloatingGallery.tsx:410
[  776473ms] [LOG] FloatingGallery progress: 0.08235711750088746 @ webpack-internal:///(app-pages-browser)/./src/components/sections/FloatingGallery.tsx:410
[  776489ms] [LOG] FloatingGallery progress: 0.08395456159034434 @ webpack-internal:///(app-pages-browser)/./src/components/sections/FloatingGallery.tsx:410
[  776506ms] [LOG] FloatingGallery progress: 0.08519701810436635 @ webpack-internal:///(app-pages-browser)/./src/components/sections/FloatingGallery.tsx:410
[  776523ms] [LOG] FloatingGallery progress: 0.08643947461838836 @ webpack-internal:///(app-pages-browser)/./src/components/sections/FloatingGallery.tsx:410
[  776539ms] [LOG] FloatingGallery progress: 0.08750443734469293 @ webpack-internal:///(app-pages-browser)/./src/components/sections/FloatingGallery.tsx:410
[  776556ms] [LOG] FloatingGallery progress: 0.08874689385871494 @ webpack-internal:///(app-pages-browser)/./src/components/sections/FloatingGallery.tsx:410
[  776572ms] [LOG] FloatingGallery progress: 0.0896343627973021 @ webpack-internal:///(app-pages-browser)/./src/components/sections/FloatingGallery.tsx:410
[  776589ms] [LOG] FloatingGallery progress: 0.09194178203762868 @ webpack-internal:///(app-pages-browser)/./src/components/sections/FloatingGallery.tsx:410
[  776606ms] [LOG] FloatingGallery progress: 0.09407170749023784 @ webpack-internal:///(app-pages-browser)/./src/components/sections/FloatingGallery.tsx:410
[  776623ms] [LOG] FloatingGallery progress: 0.09744408945686901 @ webpack-internal:///(app-pages-browser)/./src/components/sections/FloatingGallery.tsx:410
[  776640ms] [LOG] FloatingGallery progress: 0.10188143414980476 @ webpack-internal:///(app-pages-browser)/./src/components/sections/FloatingGallery.tsx:410
[  776656ms] [LOG] FloatingGallery progress: 0.10702875399361023 @ webpack-internal:///(app-pages-browser)/./src/components/sections/FloatingGallery.tsx:410
[  776673ms] [LOG] FloatingGallery progress: 0.11359602413915514 @ webpack-internal:///(app-pages-browser)/./src/components/sections/FloatingGallery.tsx:410
[  776689ms] [LOG] FloatingGallery progress: 0.11963081292154774 @ webpack-internal:///(app-pages-browser)/./src/components/sections/FloatingGallery.tsx:410
[  776706ms] [LOG] FloatingGallery progress: 0.12477813276535321 @ webpack-internal:///(app-pages-browser)/./src/components/sections/FloatingGallery.tsx:410
[  776722ms] [LOG] FloatingGallery progress: 0.1299254526091587 @ webpack-internal:///(app-pages-browser)/./src/components/sections/FloatingGallery.tsx:410
[  776739ms] [LOG] FloatingGallery progress: 0.13471778487752928 @ webpack-internal:///(app-pages-browser)/./src/components/sections/FloatingGallery.tsx:410
[  776756ms] [LOG] FloatingGallery progress: 0.13880014199503019 @ webpack-internal:///(app-pages-browser)/./src/components/sections/FloatingGallery.tsx:410
[  776773ms] [LOG] FloatingGallery progress: 0.14288249911253106 @ webpack-internal:///(app-pages-browser)/./src/components/sections/FloatingGallery.tsx:410
[  776789ms] [LOG] FloatingGallery progress: 0.14660986865459708 @ webpack-internal:///(app-pages-browser)/./src/components/sections/FloatingGallery.tsx:410
[  776806ms] [LOG] FloatingGallery progress: 0.14980475683351083 @ webpack-internal:///(app-pages-browser)/./src/components/sections/FloatingGallery.tsx:410
[  776823ms] [LOG] FloatingGallery progress: 0.15299964501242458 @ webpack-internal:///(app-pages-browser)/./src/components/sections/FloatingGallery.tsx:410
[  776839ms] [LOG] FloatingGallery progress: 0.15583954561590344 @ webpack-internal:///(app-pages-browser)/./src/components/sections/FloatingGallery.tsx:410
[  776856ms] [LOG] FloatingGallery progress: 0.1585019524316649 @ webpack-internal:///(app-pages-browser)/./src/components/sections/FloatingGallery.tsx:410
[  776873ms] [LOG] FloatingGallery progress: 0.16098686545970892 @ webpack-internal:///(app-pages-browser)/./src/components/sections/FloatingGallery.tsx:410
[  776889ms] [LOG] FloatingGallery progress: 0.1645367412140575 @ webpack-internal:///(app-pages-browser)/./src/components/sections/FloatingGallery.tsx:410
[  776906ms] [LOG] FloatingGallery progress: 0.16790912318068868 @ webpack-internal:///(app-pages-browser)/./src/components/sections/FloatingGallery.tsx:410
[  776923ms] [LOG] FloatingGallery progress: 0.17234646787362443 @ webpack-internal:///(app-pages-browser)/./src/components/sections/FloatingGallery.tsx:410
[  776939ms] [LOG] FloatingGallery progress: 0.17802626908058217 @ webpack-internal:///(app-pages-browser)/./src/components/sections/FloatingGallery.tsx:410
[  776956ms] [LOG] FloatingGallery progress: 0.1840610578629748 @ webpack-internal:///(app-pages-browser)/./src/components/sections/FloatingGallery.tsx:410
[  776973ms] [LOG] FloatingGallery progress: 0.1900958466453674 @ webpack-internal:///(app-pages-browser)/./src/components/sections/FloatingGallery.tsx:410
[  776989ms] [LOG] FloatingGallery progress: 0.19577564785232518 @ webpack-internal:///(app-pages-browser)/./src/components/sections/FloatingGallery.tsx:410
[  777006ms] [LOG] FloatingGallery progress: 0.20056798012069577 @ webpack-internal:///(app-pages-browser)/./src/components/sections/FloatingGallery.tsx:410
[  777022ms] [LOG] FloatingGallery progress: 0.20536031238906638 @ webpack-internal:///(app-pages-browser)/./src/components/sections/FloatingGallery.tsx:410
[  777039ms] [LOG] FloatingGallery progress: 0.20944266950656726 @ webpack-internal:///(app-pages-browser)/./src/components/sections/FloatingGallery.tsx:410
[  777056ms] [LOG] FloatingGallery progress: 0.21352502662406816 @ webpack-internal:///(app-pages-browser)/./src/components/sections/FloatingGallery.tsx:410
[  777072ms] [LOG] FloatingGallery progress: 0.21725239616613418 @ webpack-internal:///(app-pages-browser)/./src/components/sections/FloatingGallery.tsx:410
[  777089ms] [LOG] FloatingGallery progress: 0.22062477813276535 @ webpack-internal:///(app-pages-browser)/./src/components/sections/FloatingGallery.tsx:410
[  777106ms] [LOG] FloatingGallery progress: 0.22364217252396165 @ webpack-internal:///(app-pages-browser)/./src/components/sections/FloatingGallery.tsx:410
[  777122ms] [LOG] FloatingGallery progress: 0.22665956691515796 @ webpack-internal:///(app-pages-browser)/./src/components/sections/FloatingGallery.tsx:410
[  777139ms] [LOG] FloatingGallery progress: 0.22932197373091942 @ webpack-internal:///(app-pages-browser)/./src/components/sections/FloatingGallery.tsx:410
[  777156ms] [LOG] FloatingGallery progress: 0.23180688675896344 @ webpack-internal:///(app-pages-browser)/./src/components/sections/FloatingGallery.tsx:410
[  777173ms] [LOG] FloatingGallery progress: 0.23411430599929003 @ webpack-internal:///(app-pages-browser)/./src/components/sections/FloatingGallery.tsx:410
[  777189ms] [LOG] FloatingGallery progress: 0.2374866879659212 @ webpack-internal:///(app-pages-browser)/./src/components/sections/FloatingGallery.tsx:410
[  777206ms] [LOG] FloatingGallery progress: 0.24068157614483493 @ webpack-internal:///(app-pages-browser)/./src/components/sections/FloatingGallery.tsx:410
[  777223ms] [LOG] FloatingGallery progress: 0.24494142705005326 @ webpack-internal:///(app-pages-browser)/./src/components/sections/FloatingGallery.tsx:410
[  777239ms] [LOG] FloatingGallery progress: 0.2504437344692936 @ webpack-internal:///(app-pages-browser)/./src/components/sections/FloatingGallery.tsx:410
[  777256ms] [LOG] FloatingGallery progress: 0.2552360667376642 @ webpack-internal:///(app-pages-browser)/./src/components/sections/FloatingGallery.tsx:410
[  777273ms] [LOG] FloatingGallery progress: 0.2612708555200568 @ webpack-internal:///(app-pages-browser)/./src/components/sections/FloatingGallery.tsx:410
[  777289ms] [LOG] FloatingGallery progress: 0.26677316293929715 @ webpack-internal:///(app-pages-browser)/./src/components/sections/FloatingGallery.tsx:410
[  777306ms] [LOG] FloatingGallery progress: 0.2715654952076677 @ webpack-internal:///(app-pages-browser)/./src/components/sections/FloatingGallery.tsx:410
[  777323ms] [LOG] FloatingGallery progress: 0.2763578274760383 @ webpack-internal:///(app-pages-browser)/./src/components/sections/FloatingGallery.tsx:410
[  777339ms] [LOG] FloatingGallery progress: 0.2807951721689741 @ webpack-internal:///(app-pages-browser)/./src/components/sections/FloatingGallery.tsx:410
[  777356ms] [LOG] FloatingGallery progress: 0.28452254171104013 @ webpack-internal:///(app-pages-browser)/./src/components/sections/FloatingGallery.tsx:410
[  777373ms] [LOG] FloatingGallery progress: 0.2882499112531061 @ webpack-internal:///(app-pages-browser)/./src/components/sections/FloatingGallery.tsx:410
[  777389ms] [LOG] FloatingGallery progress: 0.29179978700745474 @ webpack-internal:///(app-pages-browser)/./src/components/sections/FloatingGallery.tsx:410
[  777406ms] [LOG] FloatingGallery progress: 0.29481718139865104 @ webpack-internal:///(app-pages-browser)/./src/components/sections/FloatingGallery.tsx:410
[  777422ms] [LOG] FloatingGallery progress: 0.2976570820021299 @ webpack-internal:///(app-pages-browser)/./src/components/sections/FloatingGallery.tsx:410
[  777439ms] [LOG] FloatingGallery progress: 0.3003194888178914 @ webpack-internal:///(app-pages-browser)/./src/components/sections/FloatingGallery.tsx:410
[  777456ms] [LOG] FloatingGallery progress: 0.3028044018459354 @ webpack-internal:///(app-pages-browser)/./src/components/sections/FloatingGallery.tsx:410
[  777473ms] [LOG] FloatingGallery progress: 0.3065317713880014 @ webpack-internal:///(app-pages-browser)/./src/components/sections/FloatingGallery.tsx:410
[  777489ms] [LOG] FloatingGallery progress: 0.31132410365637203 @ webpack-internal:///(app-pages-browser)/./src/components/sections/FloatingGallery.tsx:410
[  777506ms] [LOG] FloatingGallery progress: 0.3168264110756124 @ webpack-internal:///(app-pages-browser)/./src/components/sections/FloatingGallery.tsx:410
[  777522ms] [LOG] FloatingGallery progress: 0.32215122470713525 @ webpack-internal:///(app-pages-browser)/./src/components/sections/FloatingGallery.tsx:410
[  777539ms] [LOG] FloatingGallery progress: 0.3271210507632233 @ webpack-internal:///(app-pages-browser)/./src/components/sections/FloatingGallery.tsx:410
[  777557ms] [LOG] FloatingGallery progress: 0.3317358892438765 @ webpack-internal:///(app-pages-browser)/./src/components/sections/FloatingGallery.tsx:410
[  777573ms] [LOG] FloatingGallery progress: 0.33564075257365994 @ webpack-internal:///(app-pages-browser)/./src/components/sections/FloatingGallery.tsx:410
[  777589ms] [LOG] FloatingGallery progress: 0.3395456159034434 @ webpack-internal:///(app-pages-browser)/./src/components/sections/FloatingGallery.tsx:410
[  777606ms] [LOG] FloatingGallery progress: 0.34291799787007454 @ webpack-internal:///(app-pages-browser)/./src/components/sections/FloatingGallery.tsx:410
[  777622ms] [LOG] FloatingGallery progress: 0.34629037983670574 @ webpack-internal:///(app-pages-browser)/./src/components/sections/FloatingGallery.tsx:410
[  777639ms] [LOG] FloatingGallery progress: 0.34930777422790205 @ webpack-internal:///(app-pages-browser)/./src/components/sections/FloatingGallery.tsx:410
[  777656ms] [LOG] FloatingGallery progress: 0.35197018104366345 @ webpack-internal:///(app-pages-browser)/./src/components/sections/FloatingGallery.tsx:410
[  777673ms] [LOG] FloatingGallery progress: 0.3546325878594249 @ webpack-internal:///(app-pages-browser)/./src/components/sections/FloatingGallery.tsx:410
[  777689ms] [LOG] FloatingGallery progress: 0.3585374511892084 @ webpack-internal:///(app-pages-browser)/./src/components/sections/FloatingGallery.tsx:410
[  777706ms] [LOG] FloatingGallery progress: 0.3617323393681221 @ webpack-internal:///(app-pages-browser)/./src/components/sections/FloatingGallery.tsx:410
[  777723ms] [LOG] FloatingGallery progress: 0.3663471778487753 @ webpack-internal:///(app-pages-browser)/./src/components/sections/FloatingGallery.tsx:410
[  777739ms] [LOG] FloatingGallery progress: 0.37202697905573306 @ webpack-internal:///(app-pages-browser)/./src/components/sections/FloatingGallery.tsx:410
[  777756ms] [LOG] FloatingGallery progress: 0.3769968051118211 @ webpack-internal:///(app-pages-browser)/./src/components/sections/FloatingGallery.tsx:410
[  777773ms] [LOG] FloatingGallery progress: 0.3817891373801917 @ webpack-internal:///(app-pages-browser)/./src/components/sections/FloatingGallery.tsx:410
[  777789ms] [LOG] FloatingGallery progress: 0.38640397586084485 @ webpack-internal:///(app-pages-browser)/./src/components/sections/FloatingGallery.tsx:410
[  777806ms] [LOG] FloatingGallery progress: 0.3904863329783458 @ webpack-internal:///(app-pages-browser)/./src/components/sections/FloatingGallery.tsx:410
[  777823ms] [LOG] FloatingGallery progress: 0.39403620873269435 @ webpack-internal:///(app-pages-browser)/./src/components/sections/FloatingGallery.tsx:410
[  777839ms] [LOG] FloatingGallery progress: 0.39758608448704297 @ webpack-internal:///(app-pages-browser)/./src/components/sections/FloatingGallery.tsx:410
[  777856ms] [LOG] FloatingGallery progress: 0.40060347887823927 @ webpack-internal:///(app-pages-browser)/./src/components/sections/FloatingGallery.tsx:410
[  777873ms] [LOG] FloatingGallery progress: 0.4036208732694356 @ webpack-internal:///(app-pages-browser)/./src/components/sections/FloatingGallery.tsx:410
[  777889ms] [LOG] FloatingGallery progress: 0.40628328008519704 @ webpack-internal:///(app-pages-browser)/./src/components/sections/FloatingGallery.tsx:410
[  777906ms] [LOG] FloatingGallery progress: 0.40876819311324103 @ webpack-internal:///(app-pages-browser)/./src/components/sections/FloatingGallery.tsx:410
[  777923ms] [LOG] FloatingGallery progress: 0.4110756123535676 @ webpack-internal:///(app-pages-browser)/./src/components/sections/FloatingGallery.tsx:410
[  777939ms] [LOG] FloatingGallery progress: 0.4146254881079162 @ webpack-internal:///(app-pages-browser)/./src/components/sections/FloatingGallery.tsx:410
[  777956ms] [LOG] FloatingGallery progress: 0.4176428824991125 @ webpack-internal:///(app-pages-browser)/./src/components/sections/FloatingGallery.tsx:410
[  777973ms] [LOG] FloatingGallery progress: 0.4220802271920483 @ webpack-internal:///(app-pages-browser)/./src/components/sections/FloatingGallery.tsx:410
[  777989ms] [LOG] FloatingGallery progress: 0.4275825346112886 @ webpack-internal:///(app-pages-browser)/./src/components/sections/FloatingGallery.tsx:410
[  778006ms] [LOG] FloatingGallery progress: 0.4336173233936812 @ webpack-internal:///(app-pages-browser)/./src/components/sections/FloatingGallery.tsx:410
[  778023ms] [LOG] FloatingGallery progress: 0.43965211217607386 @ webpack-internal:///(app-pages-browser)/./src/components/sections/FloatingGallery.tsx:410
[  778039ms] [LOG] FloatingGallery progress: 0.44515441959531415 @ webpack-internal:///(app-pages-browser)/./src/components/sections/FloatingGallery.tsx:410
[  778056ms] [LOG] FloatingGallery progress: 0.44994675186368477 @ webpack-internal:///(app-pages-browser)/./src/components/sections/FloatingGallery.tsx:410
[  778073ms] [LOG] FloatingGallery progress: 0.45456159034433796 @ webpack-internal:///(app-pages-browser)/./src/components/sections/FloatingGallery.tsx:410
[  778090ms] [LOG] FloatingGallery progress: 0.4589989350372737 @ webpack-internal:///(app-pages-browser)/./src/components/sections/FloatingGallery.tsx:410
[  778106ms] [LOG] FloatingGallery progress: 0.4627263045793397 @ webpack-internal:///(app-pages-browser)/./src/components/sections/FloatingGallery.tsx:410
[  778122ms] [LOG] FloatingGallery progress: 0.46645367412140576 @ webpack-internal:///(app-pages-browser)/./src/components/sections/FloatingGallery.tsx:410
[  778139ms] [LOG] FloatingGallery progress: 0.4698260560880369 @ webpack-internal:///(app-pages-browser)/./src/components/sections/FloatingGallery.tsx:410
[  778156ms] [LOG] FloatingGallery progress: 0.4726659566915158 @ webpack-internal:///(app-pages-browser)/./src/components/sections/FloatingGallery.tsx:410
[  778172ms] [LOG] FloatingGallery progress: 0.4756833510827121 @ webpack-internal:///(app-pages-browser)/./src/components/sections/FloatingGallery.tsx:410
[  778189ms] [LOG] FloatingGallery progress: 0.47816826411075614 @ webpack-internal:///(app-pages-browser)/./src/components/sections/FloatingGallery.tsx:410
[  778206ms] [LOG] FloatingGallery progress: 0.4820731274405396 @ webpack-internal:///(app-pages-browser)/./src/components/sections/FloatingGallery.tsx:410
[  778223ms] [LOG] FloatingGallery progress: 0.48704295349662763 @ webpack-internal:///(app-pages-browser)/./src/components/sections/FloatingGallery.tsx:410
[  778239ms] [LOG] FloatingGallery progress: 0.49148029818956335 @ webpack-internal:///(app-pages-browser)/./src/components/sections/FloatingGallery.tsx:410
[  778256ms] [LOG] FloatingGallery progress: 0.4968051118210863 @ webpack-internal:///(app-pages-browser)/./src/components/sections/FloatingGallery.tsx:410
[  778273ms] [LOG] FloatingGallery progress: 0.5019524316648917 @ webpack-internal:///(app-pages-browser)/./src/components/sections/FloatingGallery.tsx:410
[  778289ms] [LOG] FloatingGallery progress: 0.5067447639332623 @ webpack-internal:///(app-pages-browser)/./src/components/sections/FloatingGallery.tsx:410
[  778306ms] [LOG] FloatingGallery progress: 0.5110046148384807 @ webpack-internal:///(app-pages-browser)/./src/components/sections/FloatingGallery.tsx:410
[  778322ms] [LOG] FloatingGallery progress: 0.5150869719559815 @ webpack-internal:///(app-pages-browser)/./src/components/sections/FloatingGallery.tsx:410
[  778339ms] [LOG] FloatingGallery progress: 0.5188143414980476 @ webpack-internal:///(app-pages-browser)/./src/components/sections/FloatingGallery.tsx:410
[  778356ms] [LOG] FloatingGallery progress: 0.5220092296769613 @ webpack-internal:///(app-pages-browser)/./src/components/sections/FloatingGallery.tsx:410
[  778373ms] [LOG] FloatingGallery progress: 0.5252041178558751 @ webpack-internal:///(app-pages-browser)/./src/components/sections/FloatingGallery.tsx:410
[  778389ms] [LOG] FloatingGallery progress: 0.5282215122470714 @ webpack-internal:///(app-pages-browser)/./src/components/sections/FloatingGallery.tsx:410
[  778406ms] [LOG] FloatingGallery progress: 0.5308839190628328 @ webpack-internal:///(app-pages-browser)/./src/components/sections/FloatingGallery.tsx:410
[  778422ms] [LOG] FloatingGallery progress: 0.5333688320908768 @ webpack-internal:///(app-pages-browser)/./src/components/sections/FloatingGallery.tsx:410
[  778439ms] [LOG] FloatingGallery progress: 0.5370962016329428 @ webpack-internal:///(app-pages-browser)/./src/components/sections/FloatingGallery.tsx:410
[  778456ms] [LOG] FloatingGallery progress: 0.5402910898118566 @ webpack-internal:///(app-pages-browser)/./src/components/sections/FloatingGallery.tsx:410
[  778473ms] [LOG] FloatingGallery progress: 0.5449059282925097 @ webpack-internal:///(app-pages-browser)/./src/components/sections/FloatingGallery.tsx:410
[  778489ms] [LOG] FloatingGallery progress: 0.5504082357117501 @ webpack-internal:///(app-pages-browser)/./src/components/sections/FloatingGallery.tsx:410
[  778506ms] [LOG] FloatingGallery progress: 0.5553780617678381 @ webpack-internal:///(app-pages-browser)/./src/components/sections/FloatingGallery.tsx:410
[  778523ms] [LOG] FloatingGallery progress: 0.5599929002484914 @ webpack-internal:///(app-pages-browser)/./src/components/sections/FloatingGallery.tsx:410
[  778539ms] [LOG] FloatingGallery progress: 0.564430244941427 @ webpack-internal:///(app-pages-browser)/./src/components/sections/FloatingGallery.tsx:410
[  778556ms] [LOG] FloatingGallery progress: 0.5683351082712105 @ webpack-internal:///(app-pages-browser)/./src/components/sections/FloatingGallery.tsx:410
[  778573ms] [LOG] FloatingGallery progress: 0.5720624778132766 @ webpack-internal:///(app-pages-browser)/./src/components/sections/FloatingGallery.tsx:410
[  778589ms] [LOG] FloatingGallery progress: 0.5756123535676251 @ webpack-internal:///(app-pages-browser)/./src/components/sections/FloatingGallery.tsx:410
[  778606ms] [LOG] FloatingGallery progress: 0.578452254171104 @ webpack-internal:///(app-pages-browser)/./src/components/sections/FloatingGallery.tsx:410
[  778622ms] [LOG] FloatingGallery progress: 0.5814696485623003 @ webpack-internal:///(app-pages-browser)/./src/components/sections/FloatingGallery.tsx:410
[  778639ms] [LOG] FloatingGallery progress: 0.5841320553780618 @ webpack-internal:///(app-pages-browser)/./src/components/sections/FloatingGallery.tsx:410
[  778656ms] [LOG] FloatingGallery progress: 0.5866169684061058 @ webpack-internal:///(app-pages-browser)/./src/components/sections/FloatingGallery.tsx:410
[  778672ms] [LOG] FloatingGallery progress: 0.5889243876464324 @ webpack-internal:///(app-pages-browser)/./src/components/sections/FloatingGallery.tsx:410
[  778689ms] [LOG] FloatingGallery progress: 0.592474263400781 @ webpack-internal:///(app-pages-browser)/./src/components/sections/FloatingGallery.tsx:410
[  778706ms] [LOG] FloatingGallery progress: 0.5954916577919773 @ webpack-internal:///(app-pages-browser)/./src/components/sections/FloatingGallery.tsx:410
[  778723ms] [LOG] FloatingGallery progress: 0.599929002484913 @ webpack-internal:///(app-pages-browser)/./src/components/sections/FloatingGallery.tsx:410
[  778739ms] [LOG] FloatingGallery progress: 0.6054313099041534 @ webpack-internal:///(app-pages-browser)/./src/components/sections/FloatingGallery.tsx:410
[  778756ms] [LOG] FloatingGallery progress: 0.611466098686546 @ webpack-internal:///(app-pages-browser)/./src/components/sections/FloatingGallery.tsx:410
[  778773ms] [LOG] FloatingGallery progress: 0.6173233936812211 @ webpack-internal:///(app-pages-browser)/./src/components/sections/FloatingGallery.tsx:410
[  778789ms] [LOG] FloatingGallery progress: 0.6228257011004615 @ webpack-internal:///(app-pages-browser)/./src/components/sections/FloatingGallery.tsx:410
[  778806ms] [LOG] FloatingGallery progress: 0.627618033368832 @ webpack-internal:///(app-pages-browser)/./src/components/sections/FloatingGallery.tsx:410
[  778823ms] [LOG] FloatingGallery progress: 0.6322328718494853 @ webpack-internal:///(app-pages-browser)/./src/components/sections/FloatingGallery.tsx:410
[  778839ms] [LOG] FloatingGallery progress: 0.6366702165424211 @ webpack-internal:///(app-pages-browser)/./src/components/sections/FloatingGallery.tsx:410
[  778856ms] [LOG] FloatingGallery progress: 0.640397586084487 @ webpack-internal:///(app-pages-browser)/./src/components/sections/FloatingGallery.tsx:410
[  778873ms] [LOG] FloatingGallery progress: 0.6439474618388357 @ webpack-internal:///(app-pages-browser)/./src/components/sections/FloatingGallery.tsx:410
[  778889ms] [LOG] FloatingGallery progress: 0.6473198438054668 @ webpack-internal:///(app-pages-browser)/./src/components/sections/FloatingGallery.tsx:410
[  778906ms] [LOG] FloatingGallery progress: 0.6503372381966631 @ webpack-internal:///(app-pages-browser)/./src/components/sections/FloatingGallery.tsx:410
[  778922ms] [LOG] FloatingGallery progress: 0.6531771388001419 @ webpack-internal:///(app-pages-browser)/./src/components/sections/FloatingGallery.tsx:410
[  778939ms] [LOG] FloatingGallery progress: 0.6558395456159034 @ webpack-internal:///(app-pages-browser)/./src/components/sections/FloatingGallery.tsx:410
[  778956ms] [LOG] FloatingGallery progress: 0.65814696485623 @ webpack-internal:///(app-pages-browser)/./src/components/sections/FloatingGallery.tsx:410
[  778973ms] [LOG] FloatingGallery progress: 0.661874334398296 @ webpack-internal:///(app-pages-browser)/./src/components/sections/FloatingGallery.tsx:410
[  778989ms] [LOG] FloatingGallery progress: 0.6666666666666666 @ webpack-internal:///(app-pages-browser)/./src/components/sections/FloatingGallery.tsx:410
[  779006ms] [LOG] FloatingGallery progress: 0.672168974085907 @ webpack-internal:///(app-pages-browser)/./src/components/sections/FloatingGallery.tsx:410
[  779023ms] [LOG] FloatingGallery progress: 0.6774937877174299 @ webpack-internal:///(app-pages-browser)/./src/components/sections/FloatingGallery.tsx:410
[  779039ms] [LOG] FloatingGallery progress: 0.6824636137735179 @ webpack-internal:///(app-pages-browser)/./src/components/sections/FloatingGallery.tsx:410
[  779056ms] [LOG] FloatingGallery progress: 0.6867234646787362 @ webpack-internal:///(app-pages-browser)/./src/components/sections/FloatingGallery.tsx:410
[  779073ms] [LOG] FloatingGallery progress: 0.6909833155839545 @ webpack-internal:///(app-pages-browser)/./src/components/sections/FloatingGallery.tsx:410
[  779089ms] [LOG] FloatingGallery progress: 0.694888178913738 @ webpack-internal:///(app-pages-browser)/./src/components/sections/FloatingGallery.tsx:410
[  779106ms] [LOG] FloatingGallery progress: 0.6982605608803691 @ webpack-internal:///(app-pages-browser)/./src/components/sections/FloatingGallery.tsx:410
[  779123ms] [LOG] FloatingGallery progress: 0.7014554490592829 @ webpack-internal:///(app-pages-browser)/./src/components/sections/FloatingGallery.tsx:410
[  779139ms] [LOG] FloatingGallery progress: 0.7044728434504792 @ webpack-internal:///(app-pages-browser)/./src/components/sections/FloatingGallery.tsx:410
[  779156ms] [LOG] FloatingGallery progress: 0.7071352502662407 @ webpack-internal:///(app-pages-browser)/./src/components/sections/FloatingGallery.tsx:410
[  779173ms] [LOG] FloatingGallery progress: 0.7097976570820022 @ webpack-internal:///(app-pages-browser)/./src/components/sections/FloatingGallery.tsx:410
[  779189ms] [LOG] FloatingGallery progress: 0.7122825701100461 @ webpack-internal:///(app-pages-browser)/./src/components/sections/FloatingGallery.tsx:410
[  779206ms] [LOG] FloatingGallery progress: 0.7142350017749379 @ webpack-internal:///(app-pages-browser)/./src/components/sections/FloatingGallery.tsx:410
[  779223ms] [LOG] FloatingGallery progress: 0.7177848775292864 @ webpack-internal:///(app-pages-browser)/./src/components/sections/FloatingGallery.tsx:410
[  779239ms] [LOG] FloatingGallery progress: 0.7209797657082002 @ webpack-internal:///(app-pages-browser)/./src/components/sections/FloatingGallery.tsx:410
[  779256ms] [LOG] FloatingGallery progress: 0.7252396166134185 @ webpack-internal:///(app-pages-browser)/./src/components/sections/FloatingGallery.tsx:410
[  779273ms] [LOG] FloatingGallery progress: 0.730386936457224 @ webpack-internal:///(app-pages-browser)/./src/components/sections/FloatingGallery.tsx:410
[  779289ms] [LOG] FloatingGallery progress: 0.7353567625133121 @ webpack-internal:///(app-pages-browser)/./src/components/sections/FloatingGallery.tsx:410
[  779306ms] [LOG] FloatingGallery progress: 0.7396166134185304 @ webpack-internal:///(app-pages-browser)/./src/components/sections/FloatingGallery.tsx:410
[  779323ms] [LOG] FloatingGallery progress: 0.7438764643237487 @ webpack-internal:///(app-pages-browser)/./src/components/sections/FloatingGallery.tsx:410
[  779339ms] [LOG] FloatingGallery progress: 0.7477813276535321 @ webpack-internal:///(app-pages-browser)/./src/components/sections/FloatingGallery.tsx:410
[  779356ms] [LOG] FloatingGallery progress: 0.7511537096201633 @ webpack-internal:///(app-pages-browser)/./src/components/sections/FloatingGallery.tsx:410
[  779373ms] [LOG] FloatingGallery progress: 0.7545260915867945 @ webpack-internal:///(app-pages-browser)/./src/components/sections/FloatingGallery.tsx:410
[  779389ms] [LOG] FloatingGallery progress: 0.7575434859779908 @ webpack-internal:///(app-pages-browser)/./src/components/sections/FloatingGallery.tsx:410
[  779406ms] [LOG] FloatingGallery progress: 0.7602058927937522 @ webpack-internal:///(app-pages-browser)/./src/components/sections/FloatingGallery.tsx:410
[  779423ms] [LOG] FloatingGallery progress: 0.7628682996095136 @ webpack-internal:///(app-pages-browser)/./src/components/sections/FloatingGallery.tsx:410
[  779439ms] [LOG] FloatingGallery progress: 0.7653532126375577 @ webpack-internal:///(app-pages-browser)/./src/components/sections/FloatingGallery.tsx:410
[  779456ms] [LOG] FloatingGallery progress: 0.7674831380901669 @ webpack-internal:///(app-pages-browser)/./src/components/sections/FloatingGallery.tsx:410
[  779473ms] [LOG] FloatingGallery progress: 0.770855520056798 @ webpack-internal:///(app-pages-browser)/./src/components/sections/FloatingGallery.tsx:410
[  779489ms] [LOG] FloatingGallery progress: 0.7740504082357117 @ webpack-internal:///(app-pages-browser)/./src/components/sections/FloatingGallery.tsx:410
[  779506ms] [LOG] FloatingGallery progress: 0.7781327653532126 @ webpack-internal:///(app-pages-browser)/./src/components/sections/FloatingGallery.tsx:410
[  779523ms] [LOG] FloatingGallery progress: 0.7822151224707136 @ webpack-internal:///(app-pages-browser)/./src/components/sections/FloatingGallery.tsx:410
[  779539ms] [LOG] FloatingGallery progress: 0.7871849485268015 @ webpack-internal:///(app-pages-browser)/./src/components/sections/FloatingGallery.tsx:410
[  779556ms] [LOG] FloatingGallery progress: 0.7932197373091942 @ webpack-internal:///(app-pages-browser)/./src/components/sections/FloatingGallery.tsx:410
[  779573ms] [LOG] FloatingGallery progress: 0.7985445509407171 @ webpack-internal:///(app-pages-browser)/./src/components/sections/FloatingGallery.tsx:410
[  779589ms] [LOG] FloatingGallery progress: 0.8036918707845225 @ webpack-internal:///(app-pages-browser)/./src/components/sections/FloatingGallery.tsx:410
[  779606ms] [LOG] FloatingGallery progress: 0.8084842030528931 @ webpack-internal:///(app-pages-browser)/./src/components/sections/FloatingGallery.tsx:410
[  779623ms] [LOG] FloatingGallery progress: 0.8127440539581114 @ webpack-internal:///(app-pages-browser)/./src/components/sections/FloatingGallery.tsx:410
[  779639ms] [LOG] FloatingGallery progress: 0.8168264110756124 @ webpack-internal:///(app-pages-browser)/./src/components/sections/FloatingGallery.tsx:410
[  779656ms] [LOG] FloatingGallery progress: 0.820376286829961 @ webpack-internal:///(app-pages-browser)/./src/components/sections/FloatingGallery.tsx:410
[  779673ms] [LOG] FloatingGallery progress: 0.8237486687965921 @ webpack-internal:///(app-pages-browser)/./src/components/sections/FloatingGallery.tsx:410
[  779689ms] [LOG] FloatingGallery progress: 0.8269435569755058 @ webpack-internal:///(app-pages-browser)/./src/components/sections/FloatingGallery.tsx:410
[  779706ms] [LOG] FloatingGallery progress: 0.8299609513667021 @ webpack-internal:///(app-pages-browser)/./src/components/sections/FloatingGallery.tsx:410
[  779723ms] [LOG] FloatingGallery progress: 0.8326233581824636 @ webpack-internal:///(app-pages-browser)/./src/components/sections/FloatingGallery.tsx:410
[  779739ms] [LOG] FloatingGallery progress: 0.8351082712105077 @ webpack-internal:///(app-pages-browser)/./src/components/sections/FloatingGallery.tsx:410
[  779756ms] [LOG] FloatingGallery progress: 0.8372381966631168 @ webpack-internal:///(app-pages-browser)/./src/components/sections/FloatingGallery.tsx:410
[  779772ms] [LOG] FloatingGallery progress: 0.839368122115726 @ webpack-internal:///(app-pages-browser)/./src/components/sections/FloatingGallery.tsx:410
[  779789ms] [LOG] FloatingGallery progress: 0.8427405040823571 @ webpack-internal:///(app-pages-browser)/./src/components/sections/FloatingGallery.tsx:410
[  779806ms] [LOG] FloatingGallery progress: 0.8470003549875754 @ webpack-internal:///(app-pages-browser)/./src/components/sections/FloatingGallery.tsx:410
[  779823ms] [LOG] FloatingGallery progress: 0.8526801561945332 @ webpack-internal:///(app-pages-browser)/./src/components/sections/FloatingGallery.tsx:410
[  779839ms] [LOG] FloatingGallery progress: 0.8576499822506213 @ webpack-internal:///(app-pages-browser)/./src/components/sections/FloatingGallery.tsx:410
[  779856ms] [LOG] FloatingGallery progress: 0.8635072772452964 @ webpack-internal:///(app-pages-browser)/./src/components/sections/FloatingGallery.tsx:410
[  779873ms] [LOG] FloatingGallery progress: 0.8691870784522542 @ webpack-internal:///(app-pages-browser)/./src/components/sections/FloatingGallery.tsx:410
[  779889ms] [LOG] FloatingGallery progress: 0.8743343982960596 @ webpack-internal:///(app-pages-browser)/./src/components/sections/FloatingGallery.tsx:410
[  779906ms] [LOG] FloatingGallery progress: 0.8789492367767128 @ webpack-internal:///(app-pages-browser)/./src/components/sections/FloatingGallery.tsx:410
[  779923ms] [LOG] FloatingGallery progress: 0.8833865814696485 @ webpack-internal:///(app-pages-browser)/./src/components/sections/FloatingGallery.tsx:410
[  779939ms] [LOG] FloatingGallery progress: 0.8874689385871495 @ webpack-internal:///(app-pages-browser)/./src/components/sections/FloatingGallery.tsx:410
[  779956ms] [LOG] FloatingGallery progress: 0.8910188143414981 @ webpack-internal:///(app-pages-browser)/./src/components/sections/FloatingGallery.tsx:410
[  779972ms] [LOG] FloatingGallery progress: 0.8945686900958466 @ webpack-internal:///(app-pages-browser)/./src/components/sections/FloatingGallery.tsx:410
[  779989ms] [LOG] FloatingGallery progress: 0.8977635782747604 @ webpack-internal:///(app-pages-browser)/./src/components/sections/FloatingGallery.tsx:410
[  780006ms] [LOG] FloatingGallery progress: 0.9006034788782392 @ webpack-internal:///(app-pages-browser)/./src/components/sections/FloatingGallery.tsx:410
[  780022ms] [LOG] FloatingGallery progress: 0.9032658856940007 @ webpack-internal:///(app-pages-browser)/./src/components/sections/FloatingGallery.tsx:410
[  780039ms] [LOG] FloatingGallery progress: 0.9057507987220448 @ webpack-internal:///(app-pages-browser)/./src/components/sections/FloatingGallery.tsx:410
[  780056ms] [LOG] FloatingGallery progress: 0.9094781682641108 @ webpack-internal:///(app-pages-browser)/./src/components/sections/FloatingGallery.tsx:410
[  780073ms] [LOG] FloatingGallery progress: 0.9142705005324814 @ webpack-internal:///(app-pages-browser)/./src/components/sections/FloatingGallery.tsx:410
[  780089ms] [LOG] FloatingGallery progress: 0.9187078452254172 @ webpack-internal:///(app-pages-browser)/./src/components/sections/FloatingGallery.tsx:410
[  780106ms] [LOG] FloatingGallery progress: 0.92403265885694 @ webpack-internal:///(app-pages-browser)/./src/components/sections/FloatingGallery.tsx:410
[  780122ms] [LOG] FloatingGallery progress: 0.9290024849130281 @ webpack-internal:///(app-pages-browser)/./src/components/sections/FloatingGallery.tsx:410
[  780139ms] [LOG] FloatingGallery progress: 0.9337948171813987 @ webpack-internal:///(app-pages-browser)/./src/components/sections/FloatingGallery.tsx:410
[  780156ms] [LOG] FloatingGallery progress: 0.9378771742988995 @ webpack-internal:///(app-pages-browser)/./src/components/sections/FloatingGallery.tsx:410
[  780173ms] [LOG] FloatingGallery progress: 0.941782037628683 @ webpack-internal:///(app-pages-browser)/./src/components/sections/FloatingGallery.tsx:410
[  780189ms] [LOG] FloatingGallery progress: 0.945509407170749 @ webpack-internal:///(app-pages-browser)/./src/components/sections/FloatingGallery.tsx:410
[  780206ms] [LOG] FloatingGallery progress: 0.9487042953496627 @ webpack-internal:///(app-pages-browser)/./src/components/sections/FloatingGallery.tsx:410
[  780222ms] [LOG] FloatingGallery progress: 0.9518991835285765 @ webpack-internal:///(app-pages-browser)/./src/components/sections/FloatingGallery.tsx:410
[  780239ms] [LOG] FloatingGallery progress: 0.9547390841320553 @ webpack-internal:///(app-pages-browser)/./src/components/sections/FloatingGallery.tsx:410
[  780256ms] [LOG] FloatingGallery progress: 0.9574014909478168 @ webpack-internal:///(app-pages-browser)/./src/components/sections/FloatingGallery.tsx:410
[  780272ms] [LOG] FloatingGallery progress: 0.9598864039758609 @ webpack-internal:///(app-pages-browser)/./src/components/sections/FloatingGallery.tsx:410
[  780289ms] [LOG] FloatingGallery progress: 0.96201632942847 @ webpack-internal:///(app-pages-browser)/./src/components/sections/FloatingGallery.tsx:410
[  780306ms] [LOG] FloatingGallery progress: 0.9641462548810792 @ webpack-internal:///(app-pages-browser)/./src/components/sections/FloatingGallery.tsx:410
[  780323ms] [LOG] FloatingGallery progress: 0.9660986865459709 @ webpack-internal:///(app-pages-browser)/./src/components/sections/FloatingGallery.tsx:410
[  780339ms] [LOG] FloatingGallery progress: 0.9678736244231452 @ webpack-internal:///(app-pages-browser)/./src/components/sections/FloatingGallery.tsx:410
[  780356ms] [LOG] FloatingGallery progress: 0.969471068512602 @ webpack-internal:///(app-pages-browser)/./src/components/sections/FloatingGallery.tsx:410
[  780373ms] [LOG] FloatingGallery progress: 0.9708910188143415 @ webpack-internal:///(app-pages-browser)/./src/components/sections/FloatingGallery.tsx:410
[  780389ms] [LOG] FloatingGallery progress: 0.972310969116081 @ webpack-internal:///(app-pages-browser)/./src/components/sections/FloatingGallery.tsx:410
[  780406ms] [LOG] FloatingGallery progress: 0.9744408945686901 @ webpack-internal:///(app-pages-browser)/./src/components/sections/FloatingGallery.tsx:410
[  780422ms] [LOG] FloatingGallery progress: 0.9763933262335818 @ webpack-internal:///(app-pages-browser)/./src/components/sections/FloatingGallery.tsx:410
[  780439ms] [LOG] FloatingGallery progress: 0.9783457578984736 @ webpack-internal:///(app-pages-browser)/./src/components/sections/FloatingGallery.tsx:410
[  780456ms] [LOG] FloatingGallery progress: 0.9799432019879304 @ webpack-internal:///(app-pages-browser)/./src/components/sections/FloatingGallery.tsx:410
[  780473ms] [LOG] FloatingGallery progress: 0.9815406460773873 @ webpack-internal:///(app-pages-browser)/./src/components/sections/FloatingGallery.tsx:410
[  780489ms] [LOG] FloatingGallery progress: 0.9829605963791267 @ webpack-internal:///(app-pages-browser)/./src/components/sections/FloatingGallery.tsx:410
[  780506ms] [LOG] FloatingGallery progress: 0.9842030528931487 @ webpack-internal:///(app-pages-browser)/./src/components/sections/FloatingGallery.tsx:410
[  780522ms] [LOG] FloatingGallery progress: 0.9854455094071708 @ webpack-internal:///(app-pages-browser)/./src/components/sections/FloatingGallery.tsx:410
[  780539ms] [LOG] FloatingGallery progress: 0.9865104721334753 @ webpack-internal:///(app-pages-browser)/./src/components/sections/FloatingGallery.tsx:410
[  780556ms] [LOG] FloatingGallery progress: 0.9875754348597799 @ webpack-internal:///(app-pages-browser)/./src/components/sections/FloatingGallery.tsx:410
[  780572ms] [LOG] FloatingGallery progress: 0.9884629037983671 @ webpack-internal:///(app-pages-browser)/./src/components/sections/FloatingGallery.tsx:410
[  780589ms] [LOG] FloatingGallery progress: 0.9893503727369543 @ webpack-internal:///(app-pages-browser)/./src/components/sections/FloatingGallery.tsx:410
[  780606ms] [LOG] FloatingGallery progress: 0.9902378416755414 @ webpack-internal:///(app-pages-browser)/./src/components/sections/FloatingGallery.tsx:410
[  780622ms] [LOG] FloatingGallery progress: 0.9909478168264111 @ webpack-internal:///(app-pages-browser)/./src/components/sections/FloatingGallery.tsx:410
[  780639ms] [LOG] FloatingGallery progress: 0.9916577919772808 @ webpack-internal:///(app-pages-browser)/./src/components/sections/FloatingGallery.tsx:410
[  780656ms] [LOG] FloatingGallery progress: 0.9923677671281506 @ webpack-internal:///(app-pages-browser)/./src/components/sections/FloatingGallery.tsx:410
[  780673ms] [LOG] FloatingGallery progress: 0.9929002484913028 @ webpack-internal:///(app-pages-browser)/./src/components/sections/FloatingGallery.tsx:410
[  780689ms] [LOG] FloatingGallery progress: 0.9934327298544551 @ webpack-internal:///(app-pages-browser)/./src/components/sections/FloatingGallery.tsx:410
[  780706ms] [LOG] FloatingGallery progress: 0.9939652112176074 @ webpack-internal:///(app-pages-browser)/./src/components/sections/FloatingGallery.tsx:410
[  780722ms] [LOG] FloatingGallery progress: 0.9944976925807597 @ webpack-internal:///(app-pages-browser)/./src/components/sections/FloatingGallery.tsx:410
[  780739ms] [LOG] FloatingGallery progress: 0.9948526801561945 @ webpack-internal:///(app-pages-browser)/./src/components/sections/FloatingGallery.tsx:410
[  780756ms] [LOG] FloatingGallery progress: 0.9952076677316294 @ webpack-internal:///(app-pages-browser)/./src/components/sections/FloatingGallery.tsx:410
[  780773ms] [LOG] FloatingGallery progress: 0.9955626553070642 @ webpack-internal:///(app-pages-browser)/./src/components/sections/FloatingGallery.tsx:410
[  780789ms] [LOG] FloatingGallery progress: 0.9959176428824991 @ webpack-internal:///(app-pages-browser)/./src/components/sections/FloatingGallery.tsx:410
[  780806ms] [LOG] FloatingGallery progress: 0.996272630457934 @ webpack-internal:///(app-pages-browser)/./src/components/sections/FloatingGallery.tsx:410
[  780822ms] [LOG] FloatingGallery progress: 0.9966276180333689 @ webpack-internal:///(app-pages-browser)/./src/components/sections/FloatingGallery.tsx:410
[  780839ms] [LOG] FloatingGallery progress: 0.9968051118210862 @ webpack-internal:///(app-pages-browser)/./src/components/sections/FloatingGallery.tsx:410
[  780856ms] [LOG] FloatingGallery progress: 0.9969826056088037 @ webpack-internal:///(app-pages-browser)/./src/components/sections/FloatingGallery.tsx:410
[  780873ms] [LOG] FloatingGallery progress: 0.9973375931842385 @ webpack-internal:///(app-pages-browser)/./src/components/sections/FloatingGallery.tsx:410
[  780889ms] [LOG] FloatingGallery progress: 0.997515086971956 @ webpack-internal:///(app-pages-browser)/./src/components/sections/FloatingGallery.tsx:410
[  780906ms] [LOG] FloatingGallery progress: 0.9976925807596734 @ webpack-internal:///(app-pages-browser)/./src/components/sections/FloatingGallery.tsx:410
[  780922ms] [LOG] FloatingGallery progress: 0.9978700745473909 @ webpack-internal:///(app-pages-browser)/./src/components/sections/FloatingGallery.tsx:410
[  780939ms] [LOG] FloatingGallery progress: 0.9980475683351083 @ webpack-internal:///(app-pages-browser)/./src/components/sections/FloatingGallery.tsx:410
[  780956ms] [LOG] FloatingGallery progress: 0.9982250621228257 @ webpack-internal:///(app-pages-browser)/./src/components/sections/FloatingGallery.tsx:410
[  780972ms] [LOG] FloatingGallery progress: 0.9984025559105432 @ webpack-internal:///(app-pages-browser)/./src/components/sections/FloatingGallery.tsx:410
[  781006ms] [LOG] FloatingGallery progress: 0.9985800496982605 @ webpack-internal:///(app-pages-browser)/./src/components/sections/FloatingGallery.tsx:410
[  781006ms] [WARNING] You are trying to animate backgroundColor from "#111111" to "transparent". "transparent" is not an animatable value.. For more information and steps for solving, visit https://motion.dev/troubleshooting/value-not-animatable @ webpack-internal:///(app-pages-browser)/./node_modules/motion-utils/dist/es/errors.mjs:15
[  781023ms] [LOG] FloatingGallery progress: 0.998757543485978 @ webpack-internal:///(app-pages-browser)/./src/components/sections/FloatingGallery.tsx:410
[  781056ms] [LOG] FloatingGallery progress: 0.9989350372736954 @ webpack-internal:///(app-pages-browser)/./src/components/sections/FloatingGallery.tsx:410
[  781089ms] [LOG] FloatingGallery progress: 0.9991125310614128 @ webpack-internal:///(app-pages-browser)/./src/components/sections/FloatingGallery.tsx:410
[  781090ms] [WARNING] You are trying to animate backgroundColor from "transparent" to "#111111". "transparent" is not an animatable value.. For more information and steps for solving, visit https://motion.dev/troubleshooting/value-not-animatable @ webpack-internal:///(app-pages-browser)/./node_modules/motion-utils/dist/es/errors.mjs:15
[  781139ms] [LOG] FloatingGallery progress: 0.9992900248491303 @ webpack-internal:///(app-pages-browser)/./src/components/sections/FloatingGallery.tsx:410
[  781189ms] [LOG] FloatingGallery progress: 0.9994675186368477 @ webpack-internal:///(app-pages-browser)/./src/components/sections/FloatingGallery.tsx:410
[  781256ms] [LOG] FloatingGallery progress: 0.9996450124245652 @ webpack-internal:///(app-pages-browser)/./src/components/sections/FloatingGallery.tsx:410
[  781373ms] [LOG] FloatingGallery progress: 0.9998225062122825 @ webpack-internal:///(app-pages-browser)/./src/components/sections/FloatingGallery.tsx:410
[  781589ms] [LOG] FloatingGallery progress: 1 @ webpack-internal:///(app-pages-browser)/./src/components/sections/FloatingGallery.tsx:410
[  838426ms] [LOG] [Fast Refresh] rebuilding @ webpack-internal:///(app-pages-browser)/./node_modules/next/dist/client/components/react-dev-overlay/app/hot-reloader-client.js:239
[  838757ms] [LOG] [Fast Refresh] done in 331ms @ webpack-internal:///(app-pages-browser)/./node_modules/next/dist/client/components/react-dev-overlay/app/hot-reloader-client.js:66
[  841807ms] [WARNING] The resource http://localhost:3000/_next/image?url=%2Fbest%20shots%2FProduct%20image%2Fproduct-molton-brown.webp&w=3840&q=75 was preloaded using link preload but not used within a few seconds from the window's load event. Please make sure it has an appropriate `as` value and it is preloaded intentionally. @ http://localhost:3000/:0
[  841808ms] [WARNING] The resource http://localhost:3000/_next/image?url=%2Flogo%2Flogo.webp&w=384&q=75 was preloaded using link preload but not used within a few seconds from the window's load event. Please make sure it has an appropriate `as` value and it is preloaded intentionally. @ http://localhost:3000/:0
[  856774ms] [LOG] FloatingGallery progress: 0 @ webpack-internal:///(app-pages-browser)/./src/components/sections/FloatingGallery.tsx:410
[  899978ms] [LOG] [Fast Refresh] rebuilding @ webpack-internal:///(app-pages-browser)/./node_modules/next/dist/client/components/react-dev-overlay/app/hot-reloader-client.js:239
[  900271ms] [LOG] [Fast Refresh] done in 294ms @ webpack-internal:///(app-pages-browser)/./node_modules/next/dist/client/components/react-dev-overlay/app/hot-reloader-client.js:66
[  903324ms] [WARNING] The resource http://localhost:3000/_next/image?url=%2Fbest%20shots%2FProduct%20image%2Fproduct-molton-brown.webp&w=3840&q=75 was preloaded using link preload but not used within a few seconds from the window's load event. Please make sure it has an appropriate `as` value and it is preloaded intentionally. @ http://localhost:3000/:0
[  903324ms] [WARNING] The resource http://localhost:3000/_next/image?url=%2Flogo%2Flogo.webp&w=384&q=75 was preloaded using link preload but not used within a few seconds from the window's load event. Please make sure it has an appropriate `as` value and it is preloaded intentionally. @ http://localhost:3000/:0
[ 1081911ms] [LOG] [Fast Refresh] rebuilding @ webpack-internal:///(app-pages-browser)/./node_modules/next/dist/client/components/react-dev-overlay/app/hot-reloader-client.js:239
[ 1082256ms] [LOG] [Fast Refresh] done in 346ms @ webpack-internal:///(app-pages-browser)/./node_modules/next/dist/client/components/react-dev-overlay/app/hot-reloader-client.js:66
[ 1085347ms] [WARNING] The resource http://localhost:3000/_next/image?url=%2Fbest%20shots%2FProduct%20image%2Fproduct-molton-brown.webp&w=3840&q=75 was preloaded using link preload but not used within a few seconds from the window's load event. Please make sure it has an appropriate `as` value and it is preloaded intentionally. @ http://localhost:3000/:0
[ 1085347ms] [WARNING] The resource http://localhost:3000/_next/image?url=%2Flogo%2Flogo.webp&w=384&q=75 was preloaded using link preload but not used within a few seconds from the window's load event. Please make sure it has an appropriate `as` value and it is preloaded intentionally. @ http://localhost:3000/:0
[ 1216718ms] [LOG] [Fast Refresh] rebuilding @ webpack-internal:///(app-pages-browser)/./node_modules/next/dist/client/components/react-dev-overlay/app/hot-reloader-client.js:239
[ 1216990ms] [LOG] [Fast Refresh] done in 272ms @ webpack-internal:///(app-pages-browser)/./node_modules/next/dist/client/components/react-dev-overlay/app/hot-reloader-client.js:66
[ 1220059ms] [WARNING] The resource http://localhost:3000/_next/image?url=%2Fbest%20shots%2FProduct%20image%2Fproduct-molton-brown.webp&w=3840&q=75 was preloaded using link preload but not used within a few seconds from the window's load event. Please make sure it has an appropriate `as` value and it is preloaded intentionally. @ http://localhost:3000/:0
[ 1220059ms] [WARNING] The resource http://localhost:3000/_next/image?url=%2Flogo%2Flogo.webp&w=384&q=75 was preloaded using link preload but not used within a few seconds from the window's load event. Please make sure it has an appropriate `as` value and it is preloaded intentionally. @ http://localhost:3000/:0
[ 1244238ms] [LOG] [Fast Refresh] rebuilding @ webpack-internal:///(app-pages-browser)/./node_modules/next/dist/client/components/react-dev-overlay/app/hot-reloader-client.js:239
[ 1244471ms] [LOG] [Fast Refresh] done in 233ms @ webpack-internal:///(app-pages-browser)/./node_modules/next/dist/client/components/react-dev-overlay/app/hot-reloader-client.js:66
[ 1247522ms] [WARNING] The resource http://localhost:3000/_next/image?url=%2Fbest%20shots%2FProduct%20image%2Fproduct-molton-brown.webp&w=3840&q=75 was preloaded using link preload but not used within a few seconds from the window's load event. Please make sure it has an appropriate `as` value and it is preloaded intentionally. @ http://localhost:3000/:0
[ 1247522ms] [WARNING] The resource http://localhost:3000/_next/image?url=%2Flogo%2Flogo.webp&w=384&q=75 was preloaded using link preload but not used within a few seconds from the window's load event. Please make sure it has an appropriate `as` value and it is preloaded intentionally. @ http://localhost:3000/:0
[ 1254044ms] [LOG] [Fast Refresh] rebuilding @ webpack-internal:///(app-pages-browser)/./node_modules/next/dist/client/components/react-dev-overlay/app/hot-reloader-client.js:239
[ 1254158ms] [LOG] [Fast Refresh] done in 114ms @ webpack-internal:///(app-pages-browser)/./node_modules/next/dist/client/components/react-dev-overlay/app/hot-reloader-client.js:66
[ 1257284ms] [WARNING] The resource http://localhost:3000/_next/image?url=%2Fbest%20shots%2FProduct%20image%2Fproduct-molton-brown.webp&w=3840&q=75 was preloaded using link preload but not used within a few seconds from the window's load event. Please make sure it has an appropriate `as` value and it is preloaded intentionally. @ http://localhost:3000/:0
[ 1257284ms] [WARNING] The resource http://localhost:3000/_next/image?url=%2Flogo%2Flogo.webp&w=384&q=75 was preloaded using link preload but not used within a few seconds from the window's load event. Please make sure it has an appropriate `as` value and it is preloaded intentionally. @ http://localhost:3000/:0
[ 1299017ms] [LOG] [Fast Refresh] rebuilding @ webpack-internal:///(app-pages-browser)/./node_modules/next/dist/client/components/react-dev-overlay/app/hot-reloader-client.js:239
[ 1299143ms] [LOG] [Fast Refresh] done in 126ms @ webpack-internal:///(app-pages-browser)/./node_modules/next/dist/client/components/react-dev-overlay/app/hot-reloader-client.js:66
[ 1302269ms] [WARNING] The resource http://localhost:3000/_next/image?url=%2Fbest%20shots%2FProduct%20image%2Fproduct-molton-brown.webp&w=3840&q=75 was preloaded using link preload but not used within a few seconds from the window's load event. Please make sure it has an appropriate `as` value and it is preloaded intentionally. @ http://localhost:3000/:0
[ 1302269ms] [WARNING] The resource http://localhost:3000/_next/image?url=%2Flogo%2Flogo.webp&w=384&q=75 was preloaded using link preload but not used within a few seconds from the window's load event. Please make sure it has an appropriate `as` value and it is preloaded intentionally. @ http://localhost:3000/:0
[ 1310752ms] [WARNING] The resource http://localhost:3000/_next/image?url=%2Fbest%20shots%2FProduct%20image%2Fproduct-molton-brown.webp&w=3840&q=75 was preloaded using link preload but not used within a few seconds from the window's load event. Please make sure it has an appropriate `as` value and it is preloaded intentionally. @ http://localhost:3000/:0
[ 1310752ms] [WARNING] The resource http://localhost:3000/_next/image?url=%2Flogo%2Flogo.webp&w=384&q=75 was preloaded using link preload but not used within a few seconds from the window's load event. Please make sure it has an appropriate `as` value and it is preloaded intentionally. @ http://localhost:3000/:0
[ 1316726ms] [WARNING] The resource http://localhost:3000/_next/image?url=%2Fbest%20shots%2FProduct%20image%2Fproduct-molton-brown.webp&w=3840&q=75 was preloaded using link preload but not used within a few seconds from the window's load event. Please make sure it has an appropriate `as` value and it is preloaded intentionally. @ http://localhost:3000/:0
[ 1316726ms] [WARNING] The resource http://localhost:3000/_next/image?url=%2Flogo%2Flogo.webp&w=384&q=75 was preloaded using link preload but not used within a few seconds from the window's load event. Please make sure it has an appropriate `as` value and it is preloaded intentionally. @ http://localhost:3000/:0
[ 1321920ms] [WARNING] The resource http://localhost:3000/_next/image?url=%2Fbest%20shots%2FProduct%20image%2Fproduct-molton-brown.webp&w=3840&q=75 was preloaded using link preload but not used within a few seconds from the window's load event. Please make sure it has an appropriate `as` value and it is preloaded intentionally. @ http://localhost:3000/:0
[ 1321920ms] [WARNING] The resource http://localhost:3000/_next/image?url=%2Flogo%2Flogo.webp&w=384&q=75 was preloaded using link preload but not used within a few seconds from the window's load event. Please make sure it has an appropriate `as` value and it is preloaded intentionally. @ http://localhost:3000/:0
[ 1326369ms] [LOG] FloatingGallery progress: 0.0001 @ webpack-internal:///(app-pages-browser)/./src/components/sections/FloatingGallery.tsx:410
[ 1326436ms] [LOG] FloatingGallery progress: 0.0040823571175008875 @ webpack-internal:///(app-pages-browser)/./src/components/sections/FloatingGallery.tsx:410
[ 1326452ms] [LOG] FloatingGallery progress: 0.008874689385871494 @ webpack-internal:///(app-pages-browser)/./src/components/sections/FloatingGallery.tsx:410
[ 1326469ms] [LOG] FloatingGallery progress: 0.013134540291089812 @ webpack-internal:///(app-pages-browser)/./src/components/sections/FloatingGallery.tsx:410
[ 1326486ms] [LOG] FloatingGallery progress: 0.017216897408590698 @ webpack-internal:///(app-pages-browser)/./src/components/sections/FloatingGallery.tsx:410
[ 1326504ms] [LOG] FloatingGallery progress: 0.021476748313809017 @ webpack-internal:///(app-pages-browser)/./src/components/sections/FloatingGallery.tsx:410
[ 1326519ms] [LOG] FloatingGallery progress: 0.024494142705005325 @ webpack-internal:///(app-pages-browser)/./src/components/sections/FloatingGallery.tsx:410
[ 1326536ms] [LOG] FloatingGallery progress: 0.027689030883919063 @ webpack-internal:///(app-pages-browser)/./src/components/sections/FloatingGallery.tsx:410
[ 1326552ms] [LOG] FloatingGallery progress: 0.03070642527511537 @ webpack-internal:///(app-pages-browser)/./src/components/sections/FloatingGallery.tsx:410
[ 1326569ms] [LOG] FloatingGallery progress: 0.03336883209087682 @ webpack-internal:///(app-pages-browser)/./src/components/sections/FloatingGallery.tsx:410
[ 1326586ms] [LOG] FloatingGallery progress: 0.03585374511892084 @ webpack-internal:///(app-pages-browser)/./src/components/sections/FloatingGallery.tsx:410
[ 1326603ms] [LOG] FloatingGallery progress: 0.03816116435924743 @ webpack-internal:///(app-pages-browser)/./src/components/sections/FloatingGallery.tsx:410
[ 1326619ms] [LOG] FloatingGallery progress: 0.040291089811856584 @ webpack-internal:///(app-pages-browser)/./src/components/sections/FloatingGallery.tsx:410
[ 1326636ms] [LOG] FloatingGallery progress: 0.042243521476748314 @ webpack-internal:///(app-pages-browser)/./src/components/sections/FloatingGallery.tsx:410
[ 1326653ms] [LOG] FloatingGallery progress: 0.04419595314164004 @ webpack-internal:///(app-pages-browser)/./src/components/sections/FloatingGallery.tsx:410
[ 1326669ms] [LOG] FloatingGallery progress: 0.04579339723109691 @ webpack-internal:///(app-pages-browser)/./src/components/sections/FloatingGallery.tsx:410
[ 1326686ms] [LOG] FloatingGallery progress: 0.04881079162229322 @ webpack-internal:///(app-pages-browser)/./src/components/sections/FloatingGallery.tsx:410
[ 1326702ms] [LOG] FloatingGallery progress: 0.05147319843805467 @ webpack-internal:///(app-pages-browser)/./src/components/sections/FloatingGallery.tsx:410
[ 1326719ms] [LOG] FloatingGallery progress: 0.0552005679801207 @ webpack-internal:///(app-pages-browser)/./src/components/sections/FloatingGallery.tsx:410
[ 1326736ms] [LOG] FloatingGallery progress: 0.06017039403620873 @ webpack-internal:///(app-pages-browser)/./src/components/sections/FloatingGallery.tsx:410
[ 1326752ms] [LOG] FloatingGallery progress: 0.06620518281860135 @ webpack-internal:///(app-pages-browser)/./src/components/sections/FloatingGallery.tsx:410
[ 1326769ms] [LOG] FloatingGallery progress: 0.07277245296414625 @ webpack-internal:///(app-pages-browser)/./src/components/sections/FloatingGallery.tsx:410
[ 1326786ms] [LOG] FloatingGallery progress: 0.08058217962371317 @ webpack-internal:///(app-pages-browser)/./src/components/sections/FloatingGallery.tsx:410
[ 1326804ms] [LOG] FloatingGallery progress: 0.08821441249556265 @ webpack-internal:///(app-pages-browser)/./src/components/sections/FloatingGallery.tsx:410
[ 1326819ms] [LOG] FloatingGallery progress: 0.09407170749023784 @ webpack-internal:///(app-pages-browser)/./src/components/sections/FloatingGallery.tsx:410
[ 1326836ms] [LOG] FloatingGallery progress: 0.10028399006034788 @ webpack-internal:///(app-pages-browser)/./src/components/sections/FloatingGallery.tsx:410
[ 1326852ms] [LOG] FloatingGallery progress: 0.10596379126730564 @ webpack-internal:///(app-pages-browser)/./src/components/sections/FloatingGallery.tsx:410
[ 1326869ms] [LOG] FloatingGallery progress: 0.11075612353567625 @ webpack-internal:///(app-pages-browser)/./src/components/sections/FloatingGallery.tsx:410
[ 1326886ms] [LOG] FloatingGallery progress: 0.11572594959176428 @ webpack-internal:///(app-pages-browser)/./src/components/sections/FloatingGallery.tsx:410
[ 1326903ms] [LOG] FloatingGallery progress: 0.12016329428470003 @ webpack-internal:///(app-pages-browser)/./src/components/sections/FloatingGallery.tsx:410
[ 1326920ms] [LOG] FloatingGallery progress: 0.12424565140220092 @ webpack-internal:///(app-pages-browser)/./src/components/sections/FloatingGallery.tsx:410
[ 1326936ms] [LOG] FloatingGallery progress: 0.12779552715654952 @ webpack-internal:///(app-pages-browser)/./src/components/sections/FloatingGallery.tsx:410
[ 1326953ms] [LOG] FloatingGallery progress: 0.1313454029108981 @ webpack-internal:///(app-pages-browser)/./src/components/sections/FloatingGallery.tsx:410
[ 1326969ms] [LOG] FloatingGallery progress: 0.13436279730209444 @ webpack-internal:///(app-pages-browser)/./src/components/sections/FloatingGallery.tsx:410
[ 1326986ms] [LOG] FloatingGallery progress: 0.13738019169329074 @ webpack-internal:///(app-pages-browser)/./src/components/sections/FloatingGallery.tsx:410
[ 1327002ms] [LOG] FloatingGallery progress: 0.14004259850905218 @ webpack-internal:///(app-pages-browser)/./src/components/sections/FloatingGallery.tsx:410
[ 1327019ms] [LOG] FloatingGallery progress: 0.1425275115370962 @ webpack-internal:///(app-pages-browser)/./src/components/sections/FloatingGallery.tsx:410
[ 1327036ms] [LOG] FloatingGallery progress: 0.1448349307774228 @ webpack-internal:///(app-pages-browser)/./src/components/sections/FloatingGallery.tsx:410
[ 1327052ms] [LOG] FloatingGallery progress: 0.14696485623003194 @ webpack-internal:///(app-pages-browser)/./src/components/sections/FloatingGallery.tsx:410
[ 1327069ms] [LOG] FloatingGallery progress: 0.14891728789492367 @ webpack-internal:///(app-pages-browser)/./src/components/sections/FloatingGallery.tsx:410
[ 1327086ms] [LOG] FloatingGallery progress: 0.15069222577209798 @ webpack-internal:///(app-pages-browser)/./src/components/sections/FloatingGallery.tsx:410
[ 1327102ms] [LOG] FloatingGallery progress: 0.1538871139510117 @ webpack-internal:///(app-pages-browser)/./src/components/sections/FloatingGallery.tsx:410
[ 1327119ms] [LOG] FloatingGallery progress: 0.15779197728079516 @ webpack-internal:///(app-pages-browser)/./src/components/sections/FloatingGallery.tsx:410
[ 1327136ms] [LOG] FloatingGallery progress: 0.16311679091231807 @ webpack-internal:///(app-pages-browser)/./src/components/sections/FloatingGallery.tsx:410
[ 1327152ms] [LOG] FloatingGallery progress: 0.16950656727014554 @ webpack-internal:///(app-pages-browser)/./src/components/sections/FloatingGallery.tsx:410
[ 1327170ms] [LOG] FloatingGallery progress: 0.17660631877884275 @ webpack-internal:///(app-pages-browser)/./src/components/sections/FloatingGallery.tsx:410
[ 1327185ms] [LOG] FloatingGallery progress: 0.18299609513667023 @ webpack-internal:///(app-pages-browser)/./src/components/sections/FloatingGallery.tsx:410
[ 1327202ms] [LOG] FloatingGallery progress: 0.18903088391906284 @ webpack-internal:///(app-pages-browser)/./src/components/sections/FloatingGallery.tsx:410
[ 1327219ms] [LOG] FloatingGallery progress: 0.19435569755058574 @ webpack-internal:///(app-pages-browser)/./src/components/sections/FloatingGallery.tsx:410
[ 1327236ms] [LOG] FloatingGallery progress: 0.19968051118210864 @ webpack-internal:///(app-pages-browser)/./src/components/sections/FloatingGallery.tsx:410
[ 1327252ms] [LOG] FloatingGallery progress: 0.20411785587504438 @ webpack-internal:///(app-pages-browser)/./src/components/sections/FloatingGallery.tsx:410
[ 1327269ms] [LOG] FloatingGallery progress: 0.20873269435569755 @ webpack-internal:///(app-pages-browser)/./src/components/sections/FloatingGallery.tsx:410
[ 1327286ms] [LOG] FloatingGallery progress: 0.21281505147319843 @ webpack-internal:///(app-pages-browser)/./src/components/sections/FloatingGallery.tsx:410
[ 1327302ms] [LOG] FloatingGallery progress: 0.21654242101526447 @ webpack-internal:///(app-pages-browser)/./src/components/sections/FloatingGallery.tsx:410
[ 1327319ms] [LOG] FloatingGallery progress: 0.21991480298189564 @ webpack-internal:///(app-pages-browser)/./src/components/sections/FloatingGallery.tsx:410
[ 1327336ms] [LOG] FloatingGallery progress: 0.22310969116080936 @ webpack-internal:///(app-pages-browser)/./src/components/sections/FloatingGallery.tsx:410
[ 1327352ms] [LOG] FloatingGallery progress: 0.22612708555200567 @ webpack-internal:///(app-pages-browser)/./src/components/sections/FloatingGallery.tsx:410
[ 1327369ms] [LOG] FloatingGallery progress: 0.22878949236776713 @ webpack-internal:///(app-pages-browser)/./src/components/sections/FloatingGallery.tsx:410
[ 1327385ms] [LOG] FloatingGallery progress: 0.23127440539581115 @ webpack-internal:///(app-pages-browser)/./src/components/sections/FloatingGallery.tsx:410
[ 1327402ms] [LOG] FloatingGallery progress: 0.23500177493787716 @ webpack-internal:///(app-pages-browser)/./src/components/sections/FloatingGallery.tsx:410
[ 1327419ms] [LOG] FloatingGallery progress: 0.2381966631167909 @ webpack-internal:///(app-pages-browser)/./src/components/sections/FloatingGallery.tsx:410
[ 1327436ms] [LOG] FloatingGallery progress: 0.24281150159744408 @ webpack-internal:///(app-pages-browser)/./src/components/sections/FloatingGallery.tsx:410
[ 1327452ms] [LOG] FloatingGallery progress: 0.24849130280440185 @ webpack-internal:///(app-pages-browser)/./src/components/sections/FloatingGallery.tsx:410
[ 1327469ms] [LOG] FloatingGallery progress: 0.2547035853745119 @ webpack-internal:///(app-pages-browser)/./src/components/sections/FloatingGallery.tsx:410
[ 1327485ms] [LOG] FloatingGallery progress: 0.26215832445864395 @ webpack-internal:///(app-pages-browser)/./src/components/sections/FloatingGallery.tsx:410
[ 1327502ms] [LOG] FloatingGallery progress: 0.2703230386936457 @ webpack-internal:///(app-pages-browser)/./src/components/sections/FloatingGallery.tsx:410
[ 1327519ms] [LOG] FloatingGallery progress: 0.27760028399006037 @ webpack-internal:///(app-pages-browser)/./src/components/sections/FloatingGallery.tsx:410
[ 1327536ms] [LOG] FloatingGallery progress: 0.28470003549875755 @ webpack-internal:///(app-pages-browser)/./src/components/sections/FloatingGallery.tsx:410
[ 1327552ms] [LOG] FloatingGallery progress: 0.2912673056443025 @ webpack-internal:///(app-pages-browser)/./src/components/sections/FloatingGallery.tsx:410
[ 1327569ms] [LOG] FloatingGallery progress: 0.29676961306354277 @ webpack-internal:///(app-pages-browser)/./src/components/sections/FloatingGallery.tsx:410
[ 1327586ms] [LOG] FloatingGallery progress: 0.30244941427050054 @ webpack-internal:///(app-pages-browser)/./src/components/sections/FloatingGallery.tsx:410
[ 1327602ms] [LOG] FloatingGallery progress: 0.307596734114306 @ webpack-internal:///(app-pages-browser)/./src/components/sections/FloatingGallery.tsx:410
[ 1327619ms] [LOG] FloatingGallery progress: 0.3122115725949592 @ webpack-internal:///(app-pages-browser)/./src/components/sections/FloatingGallery.tsx:410
[ 1327636ms] [LOG] FloatingGallery progress: 0.31629392971246006 @ webpack-internal:///(app-pages-browser)/./src/components/sections/FloatingGallery.tsx:410
[ 1327652ms] [LOG] FloatingGallery progress: 0.32037628682996094 @ webpack-internal:///(app-pages-browser)/./src/components/sections/FloatingGallery.tsx:410
[ 1327669ms] [LOG] FloatingGallery progress: 0.324103656372027 @ webpack-internal:///(app-pages-browser)/./src/components/sections/FloatingGallery.tsx:410
[ 1327686ms] [LOG] FloatingGallery progress: 0.3272985445509407 @ webpack-internal:///(app-pages-browser)/./src/components/sections/FloatingGallery.tsx:410
[ 1327703ms] [LOG] FloatingGallery progress: 0.33049343272985443 @ webpack-internal:///(app-pages-browser)/./src/components/sections/FloatingGallery.tsx:410
[ 1327719ms] [LOG] FloatingGallery progress: 0.3333333333333333 @ webpack-internal:///(app-pages-browser)/./src/components/sections/FloatingGallery.tsx:410
[ 1327736ms] [LOG] FloatingGallery progress: 0.3374156904508342 @ webpack-internal:///(app-pages-browser)/./src/components/sections/FloatingGallery.tsx:410
[ 1327752ms] [LOG] FloatingGallery progress: 0.3425630102946397 @ webpack-internal:///(app-pages-browser)/./src/components/sections/FloatingGallery.tsx:410
[ 1327769ms] [LOG] FloatingGallery progress: 0.34824281150159747 @ webpack-internal:///(app-pages-browser)/./src/components/sections/FloatingGallery.tsx:410
[ 1327786ms] [LOG] FloatingGallery progress: 0.35534256301029465 @ webpack-internal:///(app-pages-browser)/./src/components/sections/FloatingGallery.tsx:410
[ 1327803ms] [LOG] FloatingGallery progress: 0.363329783457579 @ webpack-internal:///(app-pages-browser)/./src/components/sections/FloatingGallery.tsx:410
[ 1327819ms] [LOG] FloatingGallery progress: 0.37025204117855876 @ webpack-internal:///(app-pages-browser)/./src/components/sections/FloatingGallery.tsx:410
[ 1327836ms] [LOG] FloatingGallery progress: 0.3769968051118211 @ webpack-internal:///(app-pages-browser)/./src/components/sections/FloatingGallery.tsx:410
[ 1327852ms] [LOG] FloatingGallery progress: 0.3832090876819311 @ webpack-internal:///(app-pages-browser)/./src/components/sections/FloatingGallery.tsx:410
[ 1327870ms] [LOG] FloatingGallery progress: 0.3888888888888889 @ webpack-internal:///(app-pages-browser)/./src/components/sections/FloatingGallery.tsx:410
[ 1327886ms] [LOG] FloatingGallery progress: 0.39385871494497693 @ webpack-internal:///(app-pages-browser)/./src/components/sections/FloatingGallery.tsx:410
[ 1327902ms] [LOG] FloatingGallery progress: 0.39882854100106496 @ webpack-internal:///(app-pages-browser)/./src/components/sections/FloatingGallery.tsx:410
[ 1327919ms] [LOG] FloatingGallery progress: 0.40308839190628326 @ webpack-internal:///(app-pages-browser)/./src/components/sections/FloatingGallery.tsx:410
[ 1327936ms] [LOG] FloatingGallery progress: 0.4073482428115016 @ webpack-internal:///(app-pages-browser)/./src/components/sections/FloatingGallery.tsx:410
[ 1327952ms] [LOG] FloatingGallery progress: 0.4110756123535676 @ webpack-internal:///(app-pages-browser)/./src/components/sections/FloatingGallery.tsx:410
[ 1327969ms] [LOG] FloatingGallery progress: 0.4144479943201988 @ webpack-internal:///(app-pages-browser)/./src/components/sections/FloatingGallery.tsx:410
[ 1327986ms] [LOG] FloatingGallery progress: 0.4192403265885694 @ webpack-internal:///(app-pages-browser)/./src/components/sections/FloatingGallery.tsx:410
[ 1328002ms] [LOG] FloatingGallery progress: 0.4235001774937877 @ webpack-internal:///(app-pages-browser)/./src/components/sections/FloatingGallery.tsx:410
[ 1328019ms] [LOG] FloatingGallery progress: 0.42864749733759316 @ webpack-internal:///(app-pages-browser)/./src/components/sections/FloatingGallery.tsx:410
[ 1328036ms] [LOG] FloatingGallery progress: 0.43485977990770325 @ webpack-internal:///(app-pages-browser)/./src/components/sections/FloatingGallery.tsx:410
[ 1328052ms] [LOG] FloatingGallery progress: 0.44213702520411785 @ webpack-internal:///(app-pages-browser)/./src/components/sections/FloatingGallery.tsx:410
[ 1328069ms] [LOG] FloatingGallery progress: 0.44976925807596735 @ webpack-internal:///(app-pages-browser)/./src/components/sections/FloatingGallery.tsx:410
[ 1328086ms] [LOG] FloatingGallery progress: 0.45722399716009937 @ webpack-internal:///(app-pages-browser)/./src/components/sections/FloatingGallery.tsx:410
[ 1328102ms] [LOG] FloatingGallery progress: 0.4641462548810792 @ webpack-internal:///(app-pages-browser)/./src/components/sections/FloatingGallery.tsx:410
[ 1328119ms] [LOG] FloatingGallery progress: 0.47053603123890664 @ webpack-internal:///(app-pages-browser)/./src/components/sections/FloatingGallery.tsx:410
[ 1328135ms] [LOG] FloatingGallery progress: 0.476038338658147 @ webpack-internal:///(app-pages-browser)/./src/components/sections/FloatingGallery.tsx:410
[ 1328152ms] [LOG] FloatingGallery progress: 0.4815406460773873 @ webpack-internal:///(app-pages-browser)/./src/components/sections/FloatingGallery.tsx:410
[ 1328169ms] [LOG] FloatingGallery progress: 0.4861554845580405 @ webpack-internal:///(app-pages-browser)/./src/components/sections/FloatingGallery.tsx:410
[ 1328185ms] [LOG] FloatingGallery progress: 0.49077032303869367 @ webpack-internal:///(app-pages-browser)/./src/components/sections/FloatingGallery.tsx:410
[ 1328202ms] [LOG] FloatingGallery progress: 0.49503017394391197 @ webpack-internal:///(app-pages-browser)/./src/components/sections/FloatingGallery.tsx:410
[ 1328219ms] [LOG] FloatingGallery progress: 0.498757543485978 @ webpack-internal:///(app-pages-browser)/./src/components/sections/FloatingGallery.tsx:410
[ 1328236ms] [LOG] FloatingGallery progress: 0.502484913028044 @ webpack-internal:///(app-pages-browser)/./src/components/sections/FloatingGallery.tsx:410
[ 1328252ms] [LOG] FloatingGallery progress: 0.5070997515086972 @ webpack-internal:///(app-pages-browser)/./src/components/sections/FloatingGallery.tsx:410
[ 1328269ms] [LOG] FloatingGallery progress: 0.5126020589279375 @ webpack-internal:///(app-pages-browser)/./src/components/sections/FloatingGallery.tsx:410
[ 1328286ms] [LOG] FloatingGallery progress: 0.5193468228611998 @ webpack-internal:///(app-pages-browser)/./src/components/sections/FloatingGallery.tsx:410
[ 1328302ms] [LOG] FloatingGallery progress: 0.5269790557330494 @ webpack-internal:///(app-pages-browser)/./src/components/sections/FloatingGallery.tsx:410
[ 1328319ms] [LOG] FloatingGallery progress: 0.5347887823926163 @ webpack-internal:///(app-pages-browser)/./src/components/sections/FloatingGallery.tsx:410
[ 1328336ms] [LOG] FloatingGallery progress: 0.5425985090521832 @ webpack-internal:///(app-pages-browser)/./src/components/sections/FloatingGallery.tsx:410
[ 1328352ms] [LOG] FloatingGallery progress: 0.5498757543485978 @ webpack-internal:///(app-pages-browser)/./src/components/sections/FloatingGallery.tsx:410
[ 1328369ms] [LOG] FloatingGallery progress: 0.5560880369187079 @ webpack-internal:///(app-pages-browser)/./src/components/sections/FloatingGallery.tsx:410
[ 1328386ms] [LOG] FloatingGallery progress: 0.5621228257011005 @ webpack-internal:///(app-pages-browser)/./src/components/sections/FloatingGallery.tsx:410
[ 1328402ms] [LOG] FloatingGallery progress: 0.5678026269080583 @ webpack-internal:///(app-pages-browser)/./src/components/sections/FloatingGallery.tsx:410
[ 1328419ms] [LOG] FloatingGallery progress: 0.5725949591764288 @ webpack-internal:///(app-pages-browser)/./src/components/sections/FloatingGallery.tsx:410
[ 1328435ms] [LOG] FloatingGallery progress: 0.5773872914447994 @ webpack-internal:///(app-pages-browser)/./src/components/sections/FloatingGallery.tsx:410
[ 1328452ms] [LOG] FloatingGallery progress: 0.5818246361377352 @ webpack-internal:///(app-pages-browser)/./src/components/sections/FloatingGallery.tsx:410
[ 1328469ms] [LOG] FloatingGallery progress: 0.5857294994675186 @ webpack-internal:///(app-pages-browser)/./src/components/sections/FloatingGallery.tsx:410
[ 1328486ms] [LOG] FloatingGallery progress: 0.5894568690095847 @ webpack-internal:///(app-pages-browser)/./src/components/sections/FloatingGallery.tsx:410
[ 1328502ms] [LOG] FloatingGallery progress: 0.5944266950656727 @ webpack-internal:///(app-pages-browser)/./src/components/sections/FloatingGallery.tsx:410
[ 1328519ms] [LOG] FloatingGallery progress: 0.599929002484913 @ webpack-internal:///(app-pages-browser)/./src/components/sections/FloatingGallery.tsx:410
[ 1328536ms] [LOG] FloatingGallery progress: 0.6068512602058928 @ webpack-internal:///(app-pages-browser)/./src/components/sections/FloatingGallery.tsx:410
[ 1328552ms] [LOG] FloatingGallery progress: 0.6144834930777423 @ webpack-internal:///(app-pages-browser)/./src/components/sections/FloatingGallery.tsx:410
[ 1328569ms] [LOG] FloatingGallery progress: 0.6224707135250266 @ webpack-internal:///(app-pages-browser)/./src/components/sections/FloatingGallery.tsx:410
[ 1328586ms] [LOG] FloatingGallery progress: 0.6302804401845935 @ webpack-internal:///(app-pages-browser)/./src/components/sections/FloatingGallery.tsx:410
[ 1328602ms] [LOG] FloatingGallery progress: 0.6375576854810082 @ webpack-internal:///(app-pages-browser)/./src/components/sections/FloatingGallery.tsx:410
[ 1328619ms] [LOG] FloatingGallery progress: 0.6443024494142705 @ webpack-internal:///(app-pages-browser)/./src/components/sections/FloatingGallery.tsx:410
[ 1328636ms] [LOG] FloatingGallery progress: 0.6499822506212283 @ webpack-internal:///(app-pages-browser)/./src/components/sections/FloatingGallery.tsx:410
[ 1328652ms] [LOG] FloatingGallery progress: 0.6558395456159034 @ webpack-internal:///(app-pages-browser)/./src/components/sections/FloatingGallery.tsx:410
[ 1328669ms] [LOG] FloatingGallery progress: 0.660631877884274 @ webpack-internal:///(app-pages-browser)/./src/components/sections/FloatingGallery.tsx:410
[ 1328686ms] [LOG] FloatingGallery progress: 0.6656017039403621 @ webpack-internal:///(app-pages-browser)/./src/components/sections/FloatingGallery.tsx:410
[ 1328702ms] [LOG] FloatingGallery progress: 0.6700390486332979 @ webpack-internal:///(app-pages-browser)/./src/components/sections/FloatingGallery.tsx:410
[ 1328719ms] [LOG] FloatingGallery progress: 0.6739439119630813 @ webpack-internal:///(app-pages-browser)/./src/components/sections/FloatingGallery.tsx:410
[ 1328736ms] [LOG] FloatingGallery progress: 0.6778487752928648 @ webpack-internal:///(app-pages-browser)/./src/components/sections/FloatingGallery.tsx:410
[ 1328752ms] [LOG] FloatingGallery progress: 0.6826411075612353 @ webpack-internal:///(app-pages-browser)/./src/components/sections/FloatingGallery.tsx:410
[ 1328769ms] [LOG] FloatingGallery progress: 0.688675896343628 @ webpack-internal:///(app-pages-browser)/./src/components/sections/FloatingGallery.tsx:410
[ 1328786ms] [LOG] FloatingGallery progress: 0.6950656727014555 @ webpack-internal:///(app-pages-browser)/./src/components/sections/FloatingGallery.tsx:410
[ 1328803ms] [LOG] FloatingGallery progress: 0.7028753993610224 @ webpack-internal:///(app-pages-browser)/./src/components/sections/FloatingGallery.tsx:410
[ 1328819ms] [LOG] FloatingGallery progress: 0.711395101171459 @ webpack-internal:///(app-pages-browser)/./src/components/sections/FloatingGallery.tsx:410
[ 1328836ms] [LOG] FloatingGallery progress: 0.7186723464678736 @ webpack-internal:///(app-pages-browser)/./src/components/sections/FloatingGallery.tsx:410
[ 1328852ms] [LOG] FloatingGallery progress: 0.7259495917642883 @ webpack-internal:///(app-pages-browser)/./src/components/sections/FloatingGallery.tsx:410
[ 1328869ms] [LOG] FloatingGallery progress: 0.7323393681221158 @ webpack-internal:///(app-pages-browser)/./src/components/sections/FloatingGallery.tsx:410
[ 1328885ms] [LOG] FloatingGallery progress: 0.7385516506922257 @ webpack-internal:///(app-pages-browser)/./src/components/sections/FloatingGallery.tsx:410
[ 1328902ms] [LOG] FloatingGallery progress: 0.7442314518991835 @ webpack-internal:///(app-pages-browser)/./src/components/sections/FloatingGallery.tsx:410
[ 1328919ms] [LOG] FloatingGallery progress: 0.7492012779552716 @ webpack-internal:///(app-pages-browser)/./src/components/sections/FloatingGallery.tsx:410
[ 1328936ms] [LOG] FloatingGallery progress: 0.7541711040113596 @ webpack-internal:///(app-pages-browser)/./src/components/sections/FloatingGallery.tsx:410
[ 1328952ms] [LOG] FloatingGallery progress: 0.7586084487042953 @ webpack-internal:///(app-pages-browser)/./src/components/sections/FloatingGallery.tsx:410
[ 1328969ms] [LOG] FloatingGallery progress: 0.7625133120340788 @ webpack-internal:///(app-pages-browser)/./src/components/sections/FloatingGallery.tsx:410
[ 1328986ms] [LOG] FloatingGallery progress: 0.7664181753638623 @ webpack-internal:///(app-pages-browser)/./src/components/sections/FloatingGallery.tsx:410
[ 1329002ms] [LOG] FloatingGallery progress: 0.7699680511182109 @ webpack-internal:///(app-pages-browser)/./src/components/sections/FloatingGallery.tsx:410
[ 1329019ms] [LOG] FloatingGallery progress: 0.7729854455094072 @ webpack-internal:///(app-pages-browser)/./src/components/sections/FloatingGallery.tsx:410
[ 1329036ms] [LOG] FloatingGallery progress: 0.7760028399006035 @ webpack-internal:///(app-pages-browser)/./src/components/sections/FloatingGallery.tsx:410
[ 1329052ms] [LOG] FloatingGallery progress: 0.7788427405040823 @ webpack-internal:///(app-pages-browser)/./src/components/sections/FloatingGallery.tsx:410
[ 1329069ms] [LOG] FloatingGallery progress: 0.7811501597444089 @ webpack-internal:///(app-pages-browser)/./src/components/sections/FloatingGallery.tsx:410
[ 1329086ms] [LOG] FloatingGallery progress: 0.7836350727724529 @ webpack-internal:///(app-pages-browser)/./src/components/sections/FloatingGallery.tsx:410
[ 1329103ms] [LOG] FloatingGallery progress: 0.7857649982250621 @ webpack-internal:///(app-pages-browser)/./src/components/sections/FloatingGallery.tsx:410
[ 1329119ms] [LOG] FloatingGallery progress: 0.7891373801916933 @ webpack-internal:///(app-pages-browser)/./src/components/sections/FloatingGallery.tsx:410
[ 1329136ms] [LOG] FloatingGallery progress: 0.7933972310969116 @ webpack-internal:///(app-pages-browser)/./src/components/sections/FloatingGallery.tsx:410
[ 1329153ms] [LOG] FloatingGallery progress: 0.7990770323038694 @ webpack-internal:///(app-pages-browser)/./src/components/sections/FloatingGallery.tsx:410
[ 1329169ms] [LOG] FloatingGallery progress: 0.805111821086262 @ webpack-internal:///(app-pages-browser)/./src/components/sections/FloatingGallery.tsx:410
[ 1329186ms] [LOG] FloatingGallery progress: 0.8125665601703941 @ webpack-internal:///(app-pages-browser)/./src/components/sections/FloatingGallery.tsx:410
[ 1329202ms] [LOG] FloatingGallery progress: 0.8209087681931132 @ webpack-internal:///(app-pages-browser)/./src/components/sections/FloatingGallery.tsx:410
[ 1329219ms] [LOG] FloatingGallery progress: 0.8280085197018104 @ webpack-internal:///(app-pages-browser)/./src/components/sections/FloatingGallery.tsx:410
[ 1329236ms] [LOG] FloatingGallery progress: 0.8351082712105077 @ webpack-internal:///(app-pages-browser)/./src/components/sections/FloatingGallery.tsx:410
[ 1329252ms] [LOG] FloatingGallery progress: 0.8416755413560525 @ webpack-internal:///(app-pages-browser)/./src/components/sections/FloatingGallery.tsx:410
[ 1329269ms] [LOG] FloatingGallery progress: 0.8471778487752929 @ webpack-internal:///(app-pages-browser)/./src/components/sections/FloatingGallery.tsx:410
[ 1329286ms] [LOG] FloatingGallery progress: 0.8528576499822507 @ webpack-internal:///(app-pages-browser)/./src/components/sections/FloatingGallery.tsx:410
[ 1329302ms] [LOG] FloatingGallery progress: 0.8578274760383386 @ webpack-internal:///(app-pages-browser)/./src/components/sections/FloatingGallery.tsx:410
[ 1329319ms] [LOG] FloatingGallery progress: 0.8624423145189918 @ webpack-internal:///(app-pages-browser)/./src/components/sections/FloatingGallery.tsx:410
[ 1329335ms] [LOG] FloatingGallery progress: 0.8667021654242102 @ webpack-internal:///(app-pages-browser)/./src/components/sections/FloatingGallery.tsx:410
[ 1329352ms] [LOG] FloatingGallery progress: 0.870784522541711 @ webpack-internal:///(app-pages-browser)/./src/components/sections/FloatingGallery.tsx:410
[ 1329369ms] [LOG] FloatingGallery progress: 0.8741569045083422 @ webpack-internal:///(app-pages-browser)/./src/components/sections/FloatingGallery.tsx:410
[ 1329386ms] [LOG] FloatingGallery progress: 0.8777067802626908 @ webpack-internal:///(app-pages-browser)/./src/components/sections/FloatingGallery.tsx:410
[ 1329402ms] [LOG] FloatingGallery progress: 0.8821441249556266 @ webpack-internal:///(app-pages-browser)/./src/components/sections/FloatingGallery.tsx:410
[ 1329419ms] [LOG] FloatingGallery progress: 0.8878239261625843 @ webpack-internal:///(app-pages-browser)/./src/components/sections/FloatingGallery.tsx:410
[ 1329436ms] [LOG] FloatingGallery progress: 0.8940362087326944 @ webpack-internal:///(app-pages-browser)/./src/components/sections/FloatingGallery.tsx:410
[ 1329452ms] [LOG] FloatingGallery progress: 0.9022009229676962 @ webpack-internal:///(app-pages-browser)/./src/components/sections/FloatingGallery.tsx:410
[ 1329469ms] [LOG] FloatingGallery progress: 0.9094781682641108 @ webpack-internal:///(app-pages-browser)/./src/components/sections/FloatingGallery.tsx:410
[ 1329486ms] [LOG] FloatingGallery progress: 0.916577919772808 @ webpack-internal:///(app-pages-browser)/./src/components/sections/FloatingGallery.tsx:410
[ 1329502ms] [LOG] FloatingGallery progress: 0.922790202342918 @ webpack-internal:///(app-pages-browser)/./src/components/sections/FloatingGallery.tsx:410
[ 1329519ms] [LOG] FloatingGallery progress: 0.9288249911253106 @ webpack-internal:///(app-pages-browser)/./src/components/sections/FloatingGallery.tsx:410
[ 1329536ms] [LOG] FloatingGallery progress: 0.934327298544551 @ webpack-internal:///(app-pages-browser)/./src/components/sections/FloatingGallery.tsx:410
[ 1329552ms] [LOG] FloatingGallery progress: 0.9394746183883564 @ webpack-internal:///(app-pages-browser)/./src/components/sections/FloatingGallery.tsx:410
[ 1329569ms] [LOG] FloatingGallery progress: 0.9439119630812921 @ webpack-internal:///(app-pages-browser)/./src/components/sections/FloatingGallery.tsx:410
[ 1329585ms] [LOG] FloatingGallery progress: 0.9483493077742279 @ webpack-internal:///(app-pages-browser)/./src/components/sections/FloatingGallery.tsx:410
[ 1329602ms] [LOG] FloatingGallery progress: 0.9524316648917288 @ webpack-internal:///(app-pages-browser)/./src/components/sections/FloatingGallery.tsx:410
[ 1329619ms] [LOG] FloatingGallery progress: 0.9559815406460774 @ webpack-internal:///(app-pages-browser)/./src/components/sections/FloatingGallery.tsx:410
[ 1329635ms] [LOG] FloatingGallery progress: 0.9593539226127086 @ webpack-internal:///(app-pages-browser)/./src/components/sections/FloatingGallery.tsx:410
[ 1329652ms] [LOG] FloatingGallery progress: 0.9625488107916222 @ webpack-internal:///(app-pages-browser)/./src/components/sections/FloatingGallery.tsx:410
[ 1329669ms] [LOG] FloatingGallery progress: 0.9653887113951012 @ webpack-internal:///(app-pages-browser)/./src/components/sections/FloatingGallery.tsx:410
[ 1329686ms] [LOG] FloatingGallery progress: 0.9680511182108626 @ webpack-internal:///(app-pages-browser)/./src/components/sections/FloatingGallery.tsx:410
[ 1329702ms] [LOG] FloatingGallery progress: 0.9705360312389066 @ webpack-internal:///(app-pages-browser)/./src/components/sections/FloatingGallery.tsx:410
[ 1329719ms] [LOG] FloatingGallery progress: 0.9726659566915158 @ webpack-internal:///(app-pages-browser)/./src/components/sections/FloatingGallery.tsx:410
[ 1329735ms] [LOG] FloatingGallery progress: 0.9747958821441249 @ webpack-internal:///(app-pages-browser)/./src/components/sections/FloatingGallery.tsx:410
[ 1329752ms] [LOG] FloatingGallery progress: 0.9769258075967341 @ webpack-internal:///(app-pages-browser)/./src/components/sections/FloatingGallery.tsx:410
[ 1329769ms] [LOG] FloatingGallery progress: 0.978523251686191 @ webpack-internal:///(app-pages-browser)/./src/components/sections/FloatingGallery.tsx:410
[ 1329786ms] [LOG] FloatingGallery progress: 0.9802981895633652 @ webpack-internal:///(app-pages-browser)/./src/components/sections/FloatingGallery.tsx:410
[ 1329802ms] [LOG] FloatingGallery progress: 0.9817181398651047 @ webpack-internal:///(app-pages-browser)/./src/components/sections/FloatingGallery.tsx:410
[ 1329819ms] [LOG] FloatingGallery progress: 0.9831380901668442 @ webpack-internal:///(app-pages-browser)/./src/components/sections/FloatingGallery.tsx:410
[ 1329835ms] [LOG] FloatingGallery progress: 0.9843805466808662 @ webpack-internal:///(app-pages-browser)/./src/components/sections/FloatingGallery.tsx:410
[ 1329852ms] [LOG] FloatingGallery progress: 0.9856230031948882 @ webpack-internal:///(app-pages-browser)/./src/components/sections/FloatingGallery.tsx:410
[ 1329869ms] [LOG] FloatingGallery progress: 0.9866879659211928 @ webpack-internal:///(app-pages-browser)/./src/components/sections/FloatingGallery.tsx:410
[ 1329885ms] [LOG] FloatingGallery progress: 0.9877529286474973 @ webpack-internal:///(app-pages-browser)/./src/components/sections/FloatingGallery.tsx:410
[ 1329902ms] [LOG] FloatingGallery progress: 0.9888178913738019 @ webpack-internal:///(app-pages-browser)/./src/components/sections/FloatingGallery.tsx:410
[ 1329919ms] [LOG] FloatingGallery progress: 0.9895278665246716 @ webpack-internal:///(app-pages-browser)/./src/components/sections/FloatingGallery.tsx:410
[ 1329936ms] [LOG] FloatingGallery progress: 0.9904153354632588 @ webpack-internal:///(app-pages-browser)/./src/components/sections/FloatingGallery.tsx:410
[ 1329952ms] [LOG] FloatingGallery progress: 0.9911253106141285 @ webpack-internal:///(app-pages-browser)/./src/components/sections/FloatingGallery.tsx:410
[ 1329969ms] [LOG] FloatingGallery progress: 0.9918352857649982 @ webpack-internal:///(app-pages-browser)/./src/components/sections/FloatingGallery.tsx:410
[ 1329986ms] [LOG] FloatingGallery progress: 0.9923677671281506 @ webpack-internal:///(app-pages-browser)/./src/components/sections/FloatingGallery.tsx:410
[ 1330002ms] [LOG] FloatingGallery progress: 0.9930777422790202 @ webpack-internal:///(app-pages-browser)/./src/components/sections/FloatingGallery.tsx:410
[ 1330019ms] [LOG] FloatingGallery progress: 0.9936102236421726 @ webpack-internal:///(app-pages-browser)/./src/components/sections/FloatingGallery.tsx:410
[ 1330035ms] [LOG] FloatingGallery progress: 0.9939652112176074 @ webpack-internal:///(app-pages-browser)/./src/components/sections/FloatingGallery.tsx:410
[ 1330052ms] [LOG] FloatingGallery progress: 0.9944976925807597 @ webpack-internal:///(app-pages-browser)/./src/components/sections/FloatingGallery.tsx:410
[ 1330069ms] [LOG] FloatingGallery progress: 0.9948526801561945 @ webpack-internal:///(app-pages-browser)/./src/components/sections/FloatingGallery.tsx:410
[ 1330086ms] [LOG] FloatingGallery progress: 0.9953851615193469 @ webpack-internal:///(app-pages-browser)/./src/components/sections/FloatingGallery.tsx:410
[ 1330102ms] [LOG] FloatingGallery progress: 0.9957401490947817 @ webpack-internal:///(app-pages-browser)/./src/components/sections/FloatingGallery.tsx:410
[ 1330119ms] [LOG] FloatingGallery progress: 0.9959176428824991 @ webpack-internal:///(app-pages-browser)/./src/components/sections/FloatingGallery.tsx:410
[ 1330135ms] [LOG] FloatingGallery progress: 0.996272630457934 @ webpack-internal:///(app-pages-browser)/./src/components/sections/FloatingGallery.tsx:410
[ 1330152ms] [LOG] FloatingGallery progress: 0.9966276180333689 @ webpack-internal:///(app-pages-browser)/./src/components/sections/FloatingGallery.tsx:410
[ 1330169ms] [LOG] FloatingGallery progress: 0.9968051118210862 @ webpack-internal:///(app-pages-browser)/./src/components/sections/FloatingGallery.tsx:410
[ 1330186ms] [LOG] FloatingGallery progress: 0.9971600993965212 @ webpack-internal:///(app-pages-browser)/./src/components/sections/FloatingGallery.tsx:410
[ 1330202ms] [LOG] FloatingGallery progress: 0.9973375931842385 @ webpack-internal:///(app-pages-browser)/./src/components/sections/FloatingGallery.tsx:410
[ 1330219ms] [LOG] FloatingGallery progress: 0.997515086971956 @ webpack-internal:///(app-pages-browser)/./src/components/sections/FloatingGallery.tsx:410
[ 1330236ms] [LOG] FloatingGallery progress: 0.9976925807596734 @ webpack-internal:///(app-pages-browser)/./src/components/sections/FloatingGallery.tsx:410
[ 1330236ms] [WARNING] You are trying to animate backgroundColor from "#111111" to "transparent". "transparent" is not an animatable value.. For more information and steps for solving, visit https://motion.dev/troubleshooting/value-not-animatable @ webpack-internal:///(app-pages-browser)/./node_modules/motion-utils/dist/es/errors.mjs:15
[ 1330253ms] [LOG] FloatingGallery progress: 0.9978700745473909 @ webpack-internal:///(app-pages-browser)/./src/components/sections/FloatingGallery.tsx:410
[ 1330269ms] [LOG] FloatingGallery progress: 0.9980475683351083 @ webpack-internal:///(app-pages-browser)/./src/components/sections/FloatingGallery.tsx:410
[ 1330286ms] [LOG] FloatingGallery progress: 0.9982250621228257 @ webpack-internal:///(app-pages-browser)/./src/components/sections/FloatingGallery.tsx:410
[ 1330303ms] [LOG] FloatingGallery progress: 0.9984025559105432 @ webpack-internal:///(app-pages-browser)/./src/components/sections/FloatingGallery.tsx:410
[ 1330336ms] [LOG] FloatingGallery progress: 0.9985800496982605 @ webpack-internal:///(app-pages-browser)/./src/components/sections/FloatingGallery.tsx:410
[ 1330336ms] [WARNING] You are trying to animate backgroundColor from "transparent" to "#111111". "transparent" is not an animatable value.. For more information and steps for solving, visit https://motion.dev/troubleshooting/value-not-animatable @ webpack-internal:///(app-pages-browser)/./node_modules/motion-utils/dist/es/errors.mjs:15
[ 1330352ms] [LOG] FloatingGallery progress: 0.998757543485978 @ webpack-internal:///(app-pages-browser)/./src/components/sections/FloatingGallery.tsx:410
[ 1330385ms] [LOG] FloatingGallery progress: 0.9989350372736954 @ webpack-internal:///(app-pages-browser)/./src/components/sections/FloatingGallery.tsx:410
[ 1330419ms] [LOG] FloatingGallery progress: 0.9991125310614128 @ webpack-internal:///(app-pages-browser)/./src/components/sections/FloatingGallery.tsx:410
[ 1330469ms] [LOG] FloatingGallery progress: 0.9992900248491303 @ webpack-internal:///(app-pages-browser)/./src/components/sections/FloatingGallery.tsx:410
[ 1330519ms] [LOG] FloatingGallery progress: 0.9994675186368477 @ webpack-internal:///(app-pages-browser)/./src/components/sections/FloatingGallery.tsx:410
[ 1330585ms] [LOG] FloatingGallery progress: 0.9996450124245652 @ webpack-internal:///(app-pages-browser)/./src/components/sections/FloatingGallery.tsx:410
[ 1330686ms] [LOG] FloatingGallery progress: 0.9998225062122825 @ webpack-internal:///(app-pages-browser)/./src/components/sections/FloatingGallery.tsx:410
[ 1330919ms] [LOG] FloatingGallery progress: 1 @ webpack-internal:///(app-pages-browser)/./src/components/sections/FloatingGallery.tsx:410
[ 1403464ms] [LOG] [Fast Refresh] rebuilding @ webpack-internal:///(app-pages-browser)/./node_modules/next/dist/client/components/react-dev-overlay/app/hot-reloader-client.js:239
[ 1403855ms] [LOG] [Fast Refresh] done in 390ms @ webpack-internal:///(app-pages-browser)/./node_modules/next/dist/client/components/react-dev-overlay/app/hot-reloader-client.js:66
[ 1406921ms] [WARNING] The resource http://localhost:3000/_next/image?url=%2Fbest%20shots%2FProduct%20image%2Fproduct-molton-brown.webp&w=3840&q=75 was preloaded using link preload but not used within a few seconds from the window's load event. Please make sure it has an appropriate `as` value and it is preloaded intentionally. @ http://localhost:3000/:0
[ 1406921ms] [WARNING] The resource http://localhost:3000/_next/image?url=%2Flogo%2Flogo.webp&w=384&q=75 was preloaded using link preload but not used within a few seconds from the window's load event. Please make sure it has an appropriate `as` value and it is preloaded intentionally. @ http://localhost:3000/:0
[ 1461289ms] [LOG] FloatingGallery progress: 0 @ webpack-internal:///(app-pages-browser)/./src/components/sections/FloatingGallery.tsx:410
[ 1518036ms] [LOG] [Fast Refresh] rebuilding @ webpack-internal:///(app-pages-browser)/./node_modules/next/dist/client/components/react-dev-overlay/app/hot-reloader-client.js:239
[ 1518462ms] [LOG] [Fast Refresh] rebuilding @ webpack-internal:///(app-pages-browser)/./node_modules/next/dist/client/components/react-dev-overlay/app/hot-reloader-client.js:239
[ 1518477ms] [LOG] [Fast Refresh] done in 15ms @ webpack-internal:///(app-pages-browser)/./node_modules/next/dist/client/components/react-dev-overlay/app/hot-reloader-client.js:66
[ 1518622ms] [LOG] [Fast Refresh] done in 160ms @ webpack-internal:///(app-pages-browser)/./node_modules/next/dist/client/components/react-dev-overlay/app/hot-reloader-client.js:66
[ 1521706ms] [WARNING] The resource http://localhost:3000/_next/image?url=%2Flogo%2Flogo.webp&w=384&q=75 was preloaded using link preload but not used within a few seconds from the window's load event. Please make sure it has an appropriate `as` value and it is preloaded intentionally. @ http://localhost:3000/:0
[ 1521706ms] [WARNING] The resource http://localhost:3000/_next/image?url=%2Fbest%20shots%2FProduct%20image%2Fproduct-molton-brown.webp&w=3840&q=75 was preloaded using link preload but not used within a few seconds from the window's load event. Please make sure it has an appropriate `as` value and it is preloaded intentionally. @ http://localhost:3000/:0
[ 1521706ms] [WARNING] The resource http://localhost:3000/_next/static/css/app/page.css?v=1780900988319 was preloaded using link preload but not used within a few seconds from the window's load event. Please make sure it has an appropriate `as` value and it is preloaded intentionally. @ http://localhost:3000/:0
[ 1521706ms] [WARNING] The resource http://localhost:3000/_next/static/css/app/layout.css?v=1780900988319 was preloaded using link preload but not used within a few seconds from the window's load event. Please make sure it has an appropriate `as` value and it is preloaded intentionally. @ http://localhost:3000/:0
[ 1776696ms] [LOG] FloatingGallery progress: 0.0001 @ webpack-internal:///(app-pages-browser)/./src/components/sections/FloatingGallery.tsx:410
[ 1776713ms] [LOG] FloatingGallery progress: 0 @ webpack-internal:///(app-pages-browser)/./src/components/sections/FloatingGallery.tsx:410
[ 1776714ms] [LOG] FloatingGallery progress: 0.0001 @ webpack-internal:///(app-pages-browser)/./src/components/sections/FloatingGallery.tsx:410
[ 1776746ms] [LOG] FloatingGallery progress: 0.0051473198438054665 @ webpack-internal:///(app-pages-browser)/./src/components/sections/FloatingGallery.tsx:410
[ 1776763ms] [LOG] FloatingGallery progress: 0.011004614838480652 @ webpack-internal:///(app-pages-browser)/./src/components/sections/FloatingGallery.tsx:410
[ 1776780ms] [LOG] FloatingGallery progress: 0.01668441604543841 @ webpack-internal:///(app-pages-browser)/./src/components/sections/FloatingGallery.tsx:410
[ 1776796ms] [LOG] FloatingGallery progress: 0.022009229676961305 @ webpack-internal:///(app-pages-browser)/./src/components/sections/FloatingGallery.tsx:410
[ 1776813ms] [LOG] FloatingGallery progress: 0.026446574369897054 @ webpack-internal:///(app-pages-browser)/./src/components/sections/FloatingGallery.tsx:410
[ 1776830ms] [LOG] FloatingGallery progress: 0.03106141285055023 @ webpack-internal:///(app-pages-browser)/./src/components/sections/FloatingGallery.tsx:410
[ 1776846ms] [LOG] FloatingGallery progress: 0.03514376996805112 @ webpack-internal:///(app-pages-browser)/./src/components/sections/FloatingGallery.tsx:410
[ 1776863ms] [LOG] FloatingGallery progress: 0.038693645722399715 @ webpack-internal:///(app-pages-browser)/./src/components/sections/FloatingGallery.tsx:410
[ 1776880ms] [LOG] FloatingGallery progress: 0.042243521476748314 @ webpack-internal:///(app-pages-browser)/./src/components/sections/FloatingGallery.tsx:410
[ 1776896ms] [LOG] FloatingGallery progress: 0.04543840965566205 @ webpack-internal:///(app-pages-browser)/./src/components/sections/FloatingGallery.tsx:410
[ 1776913ms] [LOG] FloatingGallery progress: 0.04827831025914093 @ webpack-internal:///(app-pages-browser)/./src/components/sections/FloatingGallery.tsx:410
[ 1776930ms] [LOG] FloatingGallery progress: 0.05253816116435925 @ webpack-internal:///(app-pages-browser)/./src/components/sections/FloatingGallery.tsx:410
[ 1776946ms] [LOG] FloatingGallery progress: 0.057685481008164716 @ webpack-internal:///(app-pages-browser)/./src/components/sections/FloatingGallery.tsx:410
[ 1776963ms] [LOG] FloatingGallery progress: 0.0635427760028399 @ webpack-internal:///(app-pages-browser)/./src/components/sections/FloatingGallery.tsx:410
[ 1776980ms] [LOG] FloatingGallery progress: 0.07082002129925452 @ webpack-internal:///(app-pages-browser)/./src/components/sections/FloatingGallery.tsx:410
[ 1776996ms] [LOG] FloatingGallery progress: 0.07738729144479943 @ webpack-internal:///(app-pages-browser)/./src/components/sections/FloatingGallery.tsx:410
[ 1777013ms] [LOG] FloatingGallery progress: 0.0843095491657792 @ webpack-internal:///(app-pages-browser)/./src/components/sections/FloatingGallery.tsx:410
[ 1777030ms] [LOG] FloatingGallery progress: 0.09123180688675896 @ webpack-internal:///(app-pages-browser)/./src/components/sections/FloatingGallery.tsx:410
[ 1777046ms] [LOG] FloatingGallery progress: 0.09762158324458645 @ webpack-internal:///(app-pages-browser)/./src/components/sections/FloatingGallery.tsx:410
[ 1777063ms] [LOG] FloatingGallery progress: 0.10312389066382677 @ webpack-internal:///(app-pages-browser)/./src/components/sections/FloatingGallery.tsx:410
[ 1777080ms] [LOG] FloatingGallery progress: 0.10862619808306709 @ webpack-internal:///(app-pages-browser)/./src/components/sections/FloatingGallery.tsx:410
[ 1777096ms] [LOG] FloatingGallery progress: 0.11359602413915514 @ webpack-internal:///(app-pages-browser)/./src/components/sections/FloatingGallery.tsx:410
[ 1777113ms] [LOG] FloatingGallery progress: 0.11803336883209088 @ webpack-internal:///(app-pages-browser)/./src/components/sections/FloatingGallery.tsx:410
[ 1777130ms] [LOG] FloatingGallery progress: 0.1222932197373092 @ webpack-internal:///(app-pages-browser)/./src/components/sections/FloatingGallery.tsx:410
[ 1777147ms] [LOG] FloatingGallery progress: 0.12619808306709265 @ webpack-internal:///(app-pages-browser)/./src/components/sections/FloatingGallery.tsx:410
[ 1777163ms] [LOG] FloatingGallery progress: 0.12957046503372383 @ webpack-internal:///(app-pages-browser)/./src/components/sections/FloatingGallery.tsx:410
[ 1777180ms] [LOG] FloatingGallery progress: 0.132942847000355 @ webpack-internal:///(app-pages-browser)/./src/components/sections/FloatingGallery.tsx:410
[ 1777196ms] [LOG] FloatingGallery progress: 0.13613773517926872 @ webpack-internal:///(app-pages-browser)/./src/components/sections/FloatingGallery.tsx:410
[ 1777213ms] [LOG] FloatingGallery progress: 0.1389776357827476 @ webpack-internal:///(app-pages-browser)/./src/components/sections/FloatingGallery.tsx:410
[ 1777230ms] [LOG] FloatingGallery progress: 0.14146254881079162 @ webpack-internal:///(app-pages-browser)/./src/components/sections/FloatingGallery.tsx:410
[ 1777246ms] [LOG] FloatingGallery progress: 0.14376996805111822 @ webpack-internal:///(app-pages-browser)/./src/components/sections/FloatingGallery.tsx:410
[ 1777263ms] [LOG] FloatingGallery progress: 0.14589989350372737 @ webpack-internal:///(app-pages-browser)/./src/components/sections/FloatingGallery.tsx:410
[ 1777280ms] [LOG] FloatingGallery progress: 0.14802981895633652 @ webpack-internal:///(app-pages-browser)/./src/components/sections/FloatingGallery.tsx:410
[ 1777296ms] [LOG] FloatingGallery progress: 0.14998225062122825 @ webpack-internal:///(app-pages-browser)/./src/components/sections/FloatingGallery.tsx:410
[ 1777313ms] [LOG] FloatingGallery progress: 0.15157969471068514 @ webpack-internal:///(app-pages-browser)/./src/components/sections/FloatingGallery.tsx:410
[ 1777330ms] [LOG] FloatingGallery progress: 0.15459708910188144 @ webpack-internal:///(app-pages-browser)/./src/components/sections/FloatingGallery.tsx:410
[ 1777346ms] [LOG] FloatingGallery progress: 0.15885694000709974 @ webpack-internal:///(app-pages-browser)/./src/components/sections/FloatingGallery.tsx:410
[ 1777363ms] [LOG] FloatingGallery progress: 0.1638267660631878 @ webpack-internal:///(app-pages-browser)/./src/components/sections/FloatingGallery.tsx:410
[ 1777380ms] [LOG] FloatingGallery progress: 0.17003904863329783 @ webpack-internal:///(app-pages-browser)/./src/components/sections/FloatingGallery.tsx:410
[ 1777396ms] [LOG] FloatingGallery progress: 0.17713880014199504 @ webpack-internal:///(app-pages-browser)/./src/components/sections/FloatingGallery.tsx:410
[ 1777413ms] [LOG] FloatingGallery progress: 0.18335108271210507 @ webpack-internal:///(app-pages-browser)/./src/components/sections/FloatingGallery.tsx:410
[ 1777430ms] [LOG] FloatingGallery progress: 0.18956336528221512 @ webpack-internal:///(app-pages-browser)/./src/components/sections/FloatingGallery.tsx:410
[ 1777446ms] [LOG] FloatingGallery progress: 0.19506567270145544 @ webpack-internal:///(app-pages-browser)/./src/components/sections/FloatingGallery.tsx:410
[ 1777463ms] [LOG] FloatingGallery progress: 0.20039048633297835 @ webpack-internal:///(app-pages-browser)/./src/components/sections/FloatingGallery.tsx:410
[ 1777480ms] [LOG] FloatingGallery progress: 0.2048278310259141 @ webpack-internal:///(app-pages-browser)/./src/components/sections/FloatingGallery.tsx:410
[ 1777496ms] [LOG] FloatingGallery progress: 0.20926517571884984 @ webpack-internal:///(app-pages-browser)/./src/components/sections/FloatingGallery.tsx:410
[ 1777513ms] [LOG] FloatingGallery progress: 0.2131700390486333 @ webpack-internal:///(app-pages-browser)/./src/components/sections/FloatingGallery.tsx:410
[ 1777530ms] [LOG] FloatingGallery progress: 0.21689740859069934 @ webpack-internal:///(app-pages-browser)/./src/components/sections/FloatingGallery.tsx:410
[ 1777547ms] [LOG] FloatingGallery progress: 0.22062477813276535 @ webpack-internal:///(app-pages-browser)/./src/components/sections/FloatingGallery.tsx:410
[ 1777563ms] [LOG] FloatingGallery progress: 0.2232871849485268 @ webpack-internal:///(app-pages-browser)/./src/components/sections/FloatingGallery.tsx:410
[ 1777580ms] [LOG] FloatingGallery progress: 0.22630457933972312 @ webpack-internal:///(app-pages-browser)/./src/components/sections/FloatingGallery.tsx:410
[ 1777597ms] [LOG] FloatingGallery progress: 0.229144479943202 @ webpack-internal:///(app-pages-browser)/./src/components/sections/FloatingGallery.tsx:410
[ 1777613ms] [LOG] FloatingGallery progress: 0.23304934327298543 @ webpack-internal:///(app-pages-browser)/./src/components/sections/FloatingGallery.tsx:410
[ 1777630ms] [LOG] FloatingGallery progress: 0.23766418175363863 @ webpack-internal:///(app-pages-browser)/./src/components/sections/FloatingGallery.tsx:410
[ 1777646ms] [LOG] FloatingGallery progress: 0.24369897053603123 @ webpack-internal:///(app-pages-browser)/./src/components/sections/FloatingGallery.tsx:410
[ 1777663ms] [LOG] FloatingGallery progress: 0.25026624068157616 @ webpack-internal:///(app-pages-browser)/./src/components/sections/FloatingGallery.tsx:410
[ 1777680ms] [LOG] FloatingGallery progress: 0.2580759673411431 @ webpack-internal:///(app-pages-browser)/./src/components/sections/FloatingGallery.tsx:410
[ 1777696ms] [LOG] FloatingGallery progress: 0.2653532126375577 @ webpack-internal:///(app-pages-browser)/./src/components/sections/FloatingGallery.tsx:410
[ 1777713ms] [LOG] FloatingGallery progress: 0.2715654952076677 @ webpack-internal:///(app-pages-browser)/./src/components/sections/FloatingGallery.tsx:410
[ 1777730ms] [LOG] FloatingGallery progress: 0.2777777777777778 @ webpack-internal:///(app-pages-browser)/./src/components/sections/FloatingGallery.tsx:410
[ 1777748ms] [LOG] FloatingGallery progress: 0.2839900603478878 @ webpack-internal:///(app-pages-browser)/./src/components/sections/FloatingGallery.tsx:410
[ 1777763ms] [LOG] FloatingGallery progress: 0.2882499112531061 @ webpack-internal:///(app-pages-browser)/./src/components/sections/FloatingGallery.tsx:410
[ 1777780ms] [LOG] FloatingGallery progress: 0.29321973730919415 @ webpack-internal:///(app-pages-browser)/./src/components/sections/FloatingGallery.tsx:410
[ 1777796ms] [LOG] FloatingGallery progress: 0.2976570820021299 @ webpack-internal:///(app-pages-browser)/./src/components/sections/FloatingGallery.tsx:410
[ 1777813ms] [LOG] FloatingGallery progress: 0.30138445154419596 @ webpack-internal:///(app-pages-browser)/./src/components/sections/FloatingGallery.tsx:410
[ 1777830ms] [LOG] FloatingGallery progress: 0.3052893148739794 @ webpack-internal:///(app-pages-browser)/./src/components/sections/FloatingGallery.tsx:410
[ 1777846ms] [LOG] FloatingGallery progress: 0.308839190628328 @ webpack-internal:///(app-pages-browser)/./src/components/sections/FloatingGallery.tsx:410
[ 1777863ms] [LOG] FloatingGallery progress: 0.3118565850195243 @ webpack-internal:///(app-pages-browser)/./src/components/sections/FloatingGallery.tsx:410
[ 1777880ms] [LOG] FloatingGallery progress: 0.31487397941072065 @ webpack-internal:///(app-pages-browser)/./src/components/sections/FloatingGallery.tsx:410
[ 1777896ms] [LOG] FloatingGallery progress: 0.31753638622648206 @ webpack-internal:///(app-pages-browser)/./src/components/sections/FloatingGallery.tsx:410
[ 1777913ms] [LOG] FloatingGallery progress: 0.3200212992545261 @ webpack-internal:///(app-pages-browser)/./src/components/sections/FloatingGallery.tsx:410
[ 1777931ms] [LOG] FloatingGallery progress: 0.3225062122825701 @ webpack-internal:///(app-pages-browser)/./src/components/sections/FloatingGallery.tsx:410
[ 1777946ms] [LOG] FloatingGallery progress: 0.3244586439474618 @ webpack-internal:///(app-pages-browser)/./src/components/sections/FloatingGallery.tsx:410
[ 1777963ms] [LOG] FloatingGallery progress: 0.32641107561235355 @ webpack-internal:///(app-pages-browser)/./src/components/sections/FloatingGallery.tsx:410
[ 1777980ms] [LOG] FloatingGallery progress: 0.32818601348952786 @ webpack-internal:///(app-pages-browser)/./src/components/sections/FloatingGallery.tsx:410
[ 1777996ms] [LOG] FloatingGallery progress: 0.32996095136670217 @ webpack-internal:///(app-pages-browser)/./src/components/sections/FloatingGallery.tsx:410
[ 1778013ms] [LOG] FloatingGallery progress: 0.3313809016684416 @ webpack-internal:///(app-pages-browser)/./src/components/sections/FloatingGallery.tsx:410
[ 1778030ms] [LOG] FloatingGallery progress: 0.33280085197018106 @ webpack-internal:///(app-pages-browser)/./src/components/sections/FloatingGallery.tsx:410
[ 1778046ms] [LOG] FloatingGallery progress: 0.33422080227192047 @ webpack-internal:///(app-pages-browser)/./src/components/sections/FloatingGallery.tsx:410
[ 1778063ms] [LOG] FloatingGallery progress: 0.3354632587859425 @ webpack-internal:///(app-pages-browser)/./src/components/sections/FloatingGallery.tsx:410
[ 1778080ms] [LOG] FloatingGallery progress: 0.3365282215122471 @ webpack-internal:///(app-pages-browser)/./src/components/sections/FloatingGallery.tsx:410
[ 1778096ms] [LOG] FloatingGallery progress: 0.33759318423855167 @ webpack-internal:///(app-pages-browser)/./src/components/sections/FloatingGallery.tsx:410
[ 1778113ms] [LOG] FloatingGallery progress: 0.3384806531771388 @ webpack-internal:///(app-pages-browser)/./src/components/sections/FloatingGallery.tsx:410
[ 1778130ms] [LOG] FloatingGallery progress: 0.3393681221157259 @ webpack-internal:///(app-pages-browser)/./src/components/sections/FloatingGallery.tsx:410
[ 1778146ms] [LOG] FloatingGallery progress: 0.3402555910543131 @ webpack-internal:///(app-pages-browser)/./src/components/sections/FloatingGallery.tsx:410
[ 1778163ms] [LOG] FloatingGallery progress: 0.3409655662051828 @ webpack-internal:///(app-pages-browser)/./src/components/sections/FloatingGallery.tsx:410
[ 1778180ms] [LOG] FloatingGallery progress: 0.34167554135605255 @ webpack-internal:///(app-pages-browser)/./src/components/sections/FloatingGallery.tsx:410
[ 1778196ms] [LOG] FloatingGallery progress: 0.3423855165069223 @ webpack-internal:///(app-pages-browser)/./src/components/sections/FloatingGallery.tsx:410
[ 1778213ms] [LOG] FloatingGallery progress: 0.34291799787007454 @ webpack-internal:///(app-pages-browser)/./src/components/sections/FloatingGallery.tsx:410
[ 1778230ms] [LOG] FloatingGallery progress: 0.34345047923322686 @ webpack-internal:///(app-pages-browser)/./src/components/sections/FloatingGallery.tsx:410
[ 1778246ms] [LOG] FloatingGallery progress: 0.3439829605963791 @ webpack-internal:///(app-pages-browser)/./src/components/sections/FloatingGallery.tsx:410
[ 1778263ms] [LOG] FloatingGallery progress: 0.344337948171814 @ webpack-internal:///(app-pages-browser)/./src/components/sections/FloatingGallery.tsx:410
[ 1778280ms] [LOG] FloatingGallery progress: 0.34487042953496627 @ webpack-internal:///(app-pages-browser)/./src/components/sections/FloatingGallery.tsx:410
[ 1778296ms] [LOG] FloatingGallery progress: 0.3452254171104011 @ webpack-internal:///(app-pages-browser)/./src/components/sections/FloatingGallery.tsx:410
[ 1778313ms] [LOG] FloatingGallery progress: 0.345580404685836 @ webpack-internal:///(app-pages-browser)/./src/components/sections/FloatingGallery.tsx:410
[ 1778330ms] [LOG] FloatingGallery progress: 0.34593539226127085 @ webpack-internal:///(app-pages-browser)/./src/components/sections/FloatingGallery.tsx:410
[ 1778346ms] [LOG] FloatingGallery progress: 0.34629037983670574 @ webpack-internal:///(app-pages-browser)/./src/components/sections/FloatingGallery.tsx:410
[ 1778363ms] [LOG] FloatingGallery progress: 0.3478878239261626 @ webpack-internal:///(app-pages-browser)/./src/components/sections/FloatingGallery.tsx:410
[ 1778380ms] [LOG] FloatingGallery progress: 0.35072772452964146 @ webpack-internal:///(app-pages-browser)/./src/components/sections/FloatingGallery.tsx:410
[ 1778396ms] [LOG] FloatingGallery progress: 0.35498757543485976 @ webpack-internal:///(app-pages-browser)/./src/components/sections/FloatingGallery.tsx:410
[ 1778413ms] [LOG] FloatingGallery progress: 0.36013489527866527 @ webpack-internal:///(app-pages-browser)/./src/components/sections/FloatingGallery.tsx:410
[ 1778430ms] [LOG] FloatingGallery progress: 0.36599219027334046 @ webpack-internal:///(app-pages-browser)/./src/components/sections/FloatingGallery.tsx:410
[ 1778446ms] [LOG] FloatingGallery progress: 0.37309194178203764 @ webpack-internal:///(app-pages-browser)/./src/components/sections/FloatingGallery.tsx:410
[ 1778463ms] [LOG] FloatingGallery progress: 0.37912673056443025 @ webpack-internal:///(app-pages-browser)/./src/components/sections/FloatingGallery.tsx:410
[ 1778481ms] [LOG] FloatingGallery progress: 0.3855165069222577 @ webpack-internal:///(app-pages-browser)/./src/components/sections/FloatingGallery.tsx:410
[ 1778496ms] [LOG] FloatingGallery progress: 0.3908413205537806 @ webpack-internal:///(app-pages-browser)/./src/components/sections/FloatingGallery.tsx:410
[ 1778513ms] [LOG] FloatingGallery progress: 0.39563365282215124 @ webpack-internal:///(app-pages-browser)/./src/components/sections/FloatingGallery.tsx:410
[ 1778530ms] [LOG] FloatingGallery progress: 0.40042598509052185 @ webpack-internal:///(app-pages-browser)/./src/components/sections/FloatingGallery.tsx:410
[ 1778546ms] [LOG] FloatingGallery progress: 0.40486332978345757 @ webpack-internal:///(app-pages-browser)/./src/components/sections/FloatingGallery.tsx:410
[ 1778563ms] [LOG] FloatingGallery progress: 0.4085906993255236 @ webpack-internal:///(app-pages-browser)/./src/components/sections/FloatingGallery.tsx:410
[ 1778580ms] [LOG] FloatingGallery progress: 0.41249556265530707 @ webpack-internal:///(app-pages-browser)/./src/components/sections/FloatingGallery.tsx:410
[ 1778596ms] [LOG] FloatingGallery progress: 0.4158679446219382 @ webpack-internal:///(app-pages-browser)/./src/components/sections/FloatingGallery.tsx:410
[ 1778613ms] [LOG] FloatingGallery progress: 0.4188853390131345 @ webpack-internal:///(app-pages-browser)/./src/components/sections/FloatingGallery.tsx:410
[ 1778630ms] [LOG] FloatingGallery progress: 0.4219027334043308 @ webpack-internal:///(app-pages-browser)/./src/components/sections/FloatingGallery.tsx:410
[ 1778646ms] [LOG] FloatingGallery progress: 0.4245651402200923 @ webpack-internal:///(app-pages-browser)/./src/components/sections/FloatingGallery.tsx:410
[ 1778663ms] [LOG] FloatingGallery progress: 0.4282925097621583 @ webpack-internal:///(app-pages-browser)/./src/components/sections/FloatingGallery.tsx:410
[ 1778680ms] [LOG] FloatingGallery progress: 0.43326233581824636 @ webpack-internal:///(app-pages-browser)/./src/components/sections/FloatingGallery.tsx:410
[ 1778696ms] [LOG] FloatingGallery progress: 0.43929712460063897 @ webpack-internal:///(app-pages-browser)/./src/components/sections/FloatingGallery.tsx:410
[ 1778713ms] [LOG] FloatingGallery progress: 0.44621938232161873 @ webpack-internal:///(app-pages-browser)/./src/components/sections/FloatingGallery.tsx:410
[ 1778730ms] [LOG] FloatingGallery progress: 0.4520766773162939 @ webpack-internal:///(app-pages-browser)/./src/components/sections/FloatingGallery.tsx:410
[ 1778746ms] [LOG] FloatingGallery progress: 0.4581114660986865 @ webpack-internal:///(app-pages-browser)/./src/components/sections/FloatingGallery.tsx:410
[ 1778763ms] [LOG] FloatingGallery progress: 0.46325878594249204 @ webpack-internal:///(app-pages-browser)/./src/components/sections/FloatingGallery.tsx:410
[ 1778780ms] [LOG] FloatingGallery progress: 0.46822861199858007 @ webpack-internal:///(app-pages-browser)/./src/components/sections/FloatingGallery.tsx:410
[ 1778796ms] [LOG] FloatingGallery progress: 0.4728434504792332 @ webpack-internal:///(app-pages-browser)/./src/components/sections/FloatingGallery.tsx:410
[ 1778813ms] [LOG] FloatingGallery progress: 0.47692580759673414 @ webpack-internal:///(app-pages-browser)/./src/components/sections/FloatingGallery.tsx:410
[ 1778830ms] [LOG] FloatingGallery progress: 0.48083067092651754 @ webpack-internal:///(app-pages-browser)/./src/components/sections/FloatingGallery.tsx:410
[ 1778846ms] [LOG] FloatingGallery progress: 0.4845580404685836 @ webpack-internal:///(app-pages-browser)/./src/components/sections/FloatingGallery.tsx:410
[ 1778863ms] [LOG] FloatingGallery progress: 0.48775292864749736 @ webpack-internal:///(app-pages-browser)/./src/components/sections/FloatingGallery.tsx:410
[ 1778880ms] [LOG] FloatingGallery progress: 0.49077032303869367 @ webpack-internal:///(app-pages-browser)/./src/components/sections/FloatingGallery.tsx:410
[ 1778896ms] [LOG] FloatingGallery progress: 0.49378771742988997 @ webpack-internal:///(app-pages-browser)/./src/components/sections/FloatingGallery.tsx:410
[ 1778913ms] [LOG] FloatingGallery progress: 0.49627263045793396 @ webpack-internal:///(app-pages-browser)/./src/components/sections/FloatingGallery.tsx:410
[ 1778930ms] [LOG] FloatingGallery progress: 0.4985800496982606 @ webpack-internal:///(app-pages-browser)/./src/components/sections/FloatingGallery.tsx:410
[ 1778946ms] [LOG] FloatingGallery progress: 0.5008874689385872 @ webpack-internal:///(app-pages-browser)/./src/components/sections/FloatingGallery.tsx:410
[ 1778963ms] [LOG] FloatingGallery progress: 0.5028399006034788 @ webpack-internal:///(app-pages-browser)/./src/components/sections/FloatingGallery.tsx:410
[ 1778980ms] [LOG] FloatingGallery progress: 0.5062122825701101 @ webpack-internal:///(app-pages-browser)/./src/components/sections/FloatingGallery.tsx:410
[ 1778996ms] [LOG] FloatingGallery progress: 0.5106496272630457 @ webpack-internal:///(app-pages-browser)/./src/components/sections/FloatingGallery.tsx:410
[ 1779013ms] [LOG] FloatingGallery progress: 0.5145544905928292 @ webpack-internal:///(app-pages-browser)/./src/components/sections/FloatingGallery.tsx:410
[ 1779030ms] [LOG] FloatingGallery progress: 0.5197018104366348 @ webpack-internal:///(app-pages-browser)/./src/components/sections/FloatingGallery.tsx:410
[ 1779046ms] [LOG] FloatingGallery progress: 0.5244941427050053 @ webpack-internal:///(app-pages-browser)/./src/components/sections/FloatingGallery.tsx:410
[ 1779063ms] [LOG] FloatingGallery progress: 0.5299964501242457 @ webpack-internal:///(app-pages-browser)/./src/components/sections/FloatingGallery.tsx:410
[ 1779080ms] [LOG] FloatingGallery progress: 0.5353212637557685 @ webpack-internal:///(app-pages-browser)/./src/components/sections/FloatingGallery.tsx:410
[ 1779096ms] [LOG] FloatingGallery progress: 0.5402910898118566 @ webpack-internal:///(app-pages-browser)/./src/components/sections/FloatingGallery.tsx:410
[ 1779113ms] [LOG] FloatingGallery progress: 0.5445509407170749 @ webpack-internal:///(app-pages-browser)/./src/components/sections/FloatingGallery.tsx:410
[ 1779130ms] [LOG] FloatingGallery progress: 0.5488107916222932 @ webpack-internal:///(app-pages-browser)/./src/components/sections/FloatingGallery.tsx:410
[ 1779146ms] [LOG] FloatingGallery progress: 0.5527156549520766 @ webpack-internal:///(app-pages-browser)/./src/components/sections/FloatingGallery.tsx:410
[ 1779163ms] [LOG] FloatingGallery progress: 0.5560880369187079 @ webpack-internal:///(app-pages-browser)/./src/components/sections/FloatingGallery.tsx:410
[ 1779180ms] [LOG] FloatingGallery progress: 0.559460418885339 @ webpack-internal:///(app-pages-browser)/./src/components/sections/FloatingGallery.tsx:410
[ 1779196ms] [LOG] FloatingGallery progress: 0.5624778132765353 @ webpack-internal:///(app-pages-browser)/./src/components/sections/FloatingGallery.tsx:410
[ 1779213ms] [LOG] FloatingGallery progress: 0.5651402200922968 @ webpack-internal:///(app-pages-browser)/./src/components/sections/FloatingGallery.tsx:410
[ 1779230ms] [LOG] FloatingGallery progress: 0.5678026269080583 @ webpack-internal:///(app-pages-browser)/./src/components/sections/FloatingGallery.tsx:410
[ 1779246ms] [LOG] FloatingGallery progress: 0.5701100461483848 @ webpack-internal:///(app-pages-browser)/./src/components/sections/FloatingGallery.tsx:410
[ 1779263ms] [LOG] FloatingGallery progress: 0.5722399716009939 @ webpack-internal:///(app-pages-browser)/./src/components/sections/FloatingGallery.tsx:410
[ 1779280ms] [LOG] FloatingGallery progress: 0.5743698970536031 @ webpack-internal:///(app-pages-browser)/./src/components/sections/FloatingGallery.tsx:410
[ 1779296ms] [LOG] FloatingGallery progress: 0.5761448349307774 @ webpack-internal:///(app-pages-browser)/./src/components/sections/FloatingGallery.tsx:410
[ 1779313ms] [LOG] FloatingGallery progress: 0.5779197728079517 @ webpack-internal:///(app-pages-browser)/./src/components/sections/FloatingGallery.tsx:410
[ 1779330ms] [LOG] FloatingGallery progress: 0.5795172168974085 @ webpack-internal:///(app-pages-browser)/./src/components/sections/FloatingGallery.tsx:410
[ 1779346ms] [LOG] FloatingGallery progress: 0.580937167199148 @ webpack-internal:///(app-pages-browser)/./src/components/sections/FloatingGallery.tsx:410
[ 1779363ms] [LOG] FloatingGallery progress: 0.5823571175008875 @ webpack-internal:///(app-pages-browser)/./src/components/sections/FloatingGallery.tsx:410
[ 1779380ms] [LOG] FloatingGallery progress: 0.5835995740149095 @ webpack-internal:///(app-pages-browser)/./src/components/sections/FloatingGallery.tsx:410
[ 1779396ms] [LOG] FloatingGallery progress: 0.5846645367412141 @ webpack-internal:///(app-pages-browser)/./src/components/sections/FloatingGallery.tsx:410
[ 1779413ms] [LOG] FloatingGallery progress: 0.5857294994675186 @ webpack-internal:///(app-pages-browser)/./src/components/sections/FloatingGallery.tsx:410
[ 1779430ms] [LOG] FloatingGallery progress: 0.5867944621938233 @ webpack-internal:///(app-pages-browser)/./src/components/sections/FloatingGallery.tsx:410
[ 1779446ms] [LOG] FloatingGallery progress: 0.5876819311324104 @ webpack-internal:///(app-pages-browser)/./src/components/sections/FloatingGallery.tsx:410
[ 1779463ms] [LOG] FloatingGallery progress: 0.5883919062832801 @ webpack-internal:///(app-pages-browser)/./src/components/sections/FloatingGallery.tsx:410
[ 1779480ms] [LOG] FloatingGallery progress: 0.5892793752218672 @ webpack-internal:///(app-pages-browser)/./src/components/sections/FloatingGallery.tsx:410
[ 1779496ms] [LOG] FloatingGallery progress: 0.5899893503727369 @ webpack-internal:///(app-pages-browser)/./src/components/sections/FloatingGallery.tsx:410
[ 1779513ms] [LOG] FloatingGallery progress: 0.5905218317358892 @ webpack-internal:///(app-pages-browser)/./src/components/sections/FloatingGallery.tsx:410
[ 1779530ms] [LOG] FloatingGallery progress: 0.5912318068867589 @ webpack-internal:///(app-pages-browser)/./src/components/sections/FloatingGallery.tsx:410
[ 1779546ms] [LOG] FloatingGallery progress: 0.5917642882499112 @ webpack-internal:///(app-pages-browser)/./src/components/sections/FloatingGallery.tsx:410
[ 1779563ms] [LOG] FloatingGallery progress: 0.5922967696130635 @ webpack-internal:///(app-pages-browser)/./src/components/sections/FloatingGallery.tsx:410
[ 1779580ms] [LOG] FloatingGallery progress: 0.5928292509762159 @ webpack-internal:///(app-pages-browser)/./src/components/sections/FloatingGallery.tsx:410
[ 1779596ms] [LOG] FloatingGallery progress: 0.5931842385516507 @ webpack-internal:///(app-pages-browser)/./src/components/sections/FloatingGallery.tsx:410
[ 1779613ms] [LOG] FloatingGallery progress: 0.593716719914803 @ webpack-internal:///(app-pages-browser)/./src/components/sections/FloatingGallery.tsx:410
[ 1779630ms] [LOG] FloatingGallery progress: 0.5940717074902379 @ webpack-internal:///(app-pages-browser)/./src/components/sections/FloatingGallery.tsx:410
[ 1779646ms] [LOG] FloatingGallery progress: 0.5944266950656727 @ webpack-internal:///(app-pages-browser)/./src/components/sections/FloatingGallery.tsx:410
[ 1779663ms] [LOG] FloatingGallery progress: 0.5946041888533902 @ webpack-internal:///(app-pages-browser)/./src/components/sections/FloatingGallery.tsx:410
[ 1779680ms] [LOG] FloatingGallery progress: 0.5935392261270855 @ webpack-internal:///(app-pages-browser)/./src/components/sections/FloatingGallery.tsx:410
[ 1779696ms] [LOG] FloatingGallery progress: 0.5912318068867589 @ webpack-internal:///(app-pages-browser)/./src/components/sections/FloatingGallery.tsx:410
[ 1779713ms] [LOG] FloatingGallery progress: 0.5878594249201278 @ webpack-internal:///(app-pages-browser)/./src/components/sections/FloatingGallery.tsx:410
[ 1779730ms] [LOG] FloatingGallery progress: 0.5844870429534966 @ webpack-internal:///(app-pages-browser)/./src/components/sections/FloatingGallery.tsx:410
[ 1779746ms] [LOG] FloatingGallery progress: 0.5800496982605609 @ webpack-internal:///(app-pages-browser)/./src/components/sections/FloatingGallery.tsx:410
[ 1779763ms] [LOG] FloatingGallery progress: 0.5761448349307774 @ webpack-internal:///(app-pages-browser)/./src/components/sections/FloatingGallery.tsx:410
[ 1779780ms] [LOG] FloatingGallery progress: 0.5722399716009939 @ webpack-internal:///(app-pages-browser)/./src/components/sections/FloatingGallery.tsx:410
[ 1779796ms] [LOG] FloatingGallery progress: 0.5688675896343628 @ webpack-internal:///(app-pages-browser)/./src/components/sections/FloatingGallery.tsx:410
[ 1779813ms] [LOG] FloatingGallery progress: 0.565672701455449 @ webpack-internal:///(app-pages-browser)/./src/components/sections/FloatingGallery.tsx:410
[ 1779830ms] [LOG] FloatingGallery progress: 0.5628328008519702 @ webpack-internal:///(app-pages-browser)/./src/components/sections/FloatingGallery.tsx:410
[ 1779846ms] [LOG] FloatingGallery progress: 0.5599929002484914 @ webpack-internal:///(app-pages-browser)/./src/components/sections/FloatingGallery.tsx:410
[ 1779863ms] [LOG] FloatingGallery progress: 0.5575079872204473 @ webpack-internal:///(app-pages-browser)/./src/components/sections/FloatingGallery.tsx:410
[ 1779880ms] [LOG] FloatingGallery progress: 0.5552005679801207 @ webpack-internal:///(app-pages-browser)/./src/components/sections/FloatingGallery.tsx:410
[ 1779896ms] [LOG] FloatingGallery progress: 0.5530706425275116 @ webpack-internal:///(app-pages-browser)/./src/components/sections/FloatingGallery.tsx:410
[ 1779913ms] [LOG] FloatingGallery progress: 0.5511182108626198 @ webpack-internal:///(app-pages-browser)/./src/components/sections/FloatingGallery.tsx:410
[ 1779930ms] [LOG] FloatingGallery progress: 0.5493432729854455 @ webpack-internal:///(app-pages-browser)/./src/components/sections/FloatingGallery.tsx:410
[ 1779946ms] [LOG] FloatingGallery progress: 0.5475683351082712 @ webpack-internal:///(app-pages-browser)/./src/components/sections/FloatingGallery.tsx:410
[ 1779963ms] [LOG] FloatingGallery progress: 0.5461483848065317 @ webpack-internal:///(app-pages-browser)/./src/components/sections/FloatingGallery.tsx:410
[ 1779980ms] [LOG] FloatingGallery progress: 0.5447284345047924 @ webpack-internal:///(app-pages-browser)/./src/components/sections/FloatingGallery.tsx:410
[ 1779996ms] [LOG] FloatingGallery progress: 0.5433084842030529 @ webpack-internal:///(app-pages-browser)/./src/components/sections/FloatingGallery.tsx:410
[ 1780013ms] [LOG] FloatingGallery progress: 0.5420660276890309 @ webpack-internal:///(app-pages-browser)/./src/components/sections/FloatingGallery.tsx:410
[ 1780030ms] [LOG] FloatingGallery progress: 0.5410010649627263 @ webpack-internal:///(app-pages-browser)/./src/components/sections/FloatingGallery.tsx:410
[ 1780046ms] [LOG] FloatingGallery progress: 0.5399361022364217 @ webpack-internal:///(app-pages-browser)/./src/components/sections/FloatingGallery.tsx:410
[ 1780063ms] [LOG] FloatingGallery progress: 0.5390486332978346 @ webpack-internal:///(app-pages-browser)/./src/components/sections/FloatingGallery.tsx:410
[ 1780080ms] [LOG] FloatingGallery progress: 0.5381611643592474 @ webpack-internal:///(app-pages-browser)/./src/components/sections/FloatingGallery.tsx:410
[ 1780096ms] [LOG] FloatingGallery progress: 0.5372736954206603 @ webpack-internal:///(app-pages-browser)/./src/components/sections/FloatingGallery.tsx:410
[ 1780113ms] [LOG] FloatingGallery progress: 0.5365637202697906 @ webpack-internal:///(app-pages-browser)/./src/components/sections/FloatingGallery.tsx:410
[ 1780130ms] [LOG] FloatingGallery progress: 0.5358537451189208 @ webpack-internal:///(app-pages-browser)/./src/components/sections/FloatingGallery.tsx:410
[ 1780146ms] [LOG] FloatingGallery progress: 0.5351437699680511 @ webpack-internal:///(app-pages-browser)/./src/components/sections/FloatingGallery.tsx:410
[ 1780163ms] [LOG] FloatingGallery progress: 0.5346112886048988 @ webpack-internal:///(app-pages-browser)/./src/components/sections/FloatingGallery.tsx:410
[ 1780180ms] [LOG] FloatingGallery progress: 0.5340788072417465 @ webpack-internal:///(app-pages-browser)/./src/components/sections/FloatingGallery.tsx:410
[ 1780196ms] [LOG] FloatingGallery progress: 0.5335463258785943 @ webpack-internal:///(app-pages-browser)/./src/components/sections/FloatingGallery.tsx:410
[ 1780213ms] [LOG] FloatingGallery progress: 0.5331913383031593 @ webpack-internal:///(app-pages-browser)/./src/components/sections/FloatingGallery.tsx:410
[ 1780230ms] [LOG] FloatingGallery progress: 0.5326588569400071 @ webpack-internal:///(app-pages-browser)/./src/components/sections/FloatingGallery.tsx:410
[ 1780246ms] [LOG] FloatingGallery progress: 0.5323038693645722 @ webpack-internal:///(app-pages-browser)/./src/components/sections/FloatingGallery.tsx:410
[ 1780263ms] [LOG] FloatingGallery progress: 0.5319488817891374 @ webpack-internal:///(app-pages-browser)/./src/components/sections/FloatingGallery.tsx:410
[ 1780280ms] [LOG] FloatingGallery progress: 0.5303514376996805 @ webpack-internal:///(app-pages-browser)/./src/components/sections/FloatingGallery.tsx:410
[ 1780296ms] [LOG] FloatingGallery progress: 0.5273340433084842 @ webpack-internal:///(app-pages-browser)/./src/components/sections/FloatingGallery.tsx:410
[ 1780313ms] [LOG] FloatingGallery progress: 0.5246716364927227 @ webpack-internal:///(app-pages-browser)/./src/components/sections/FloatingGallery.tsx:410
[ 1780330ms] [LOG] FloatingGallery progress: 0.5221867234646788 @ webpack-internal:///(app-pages-browser)/./src/components/sections/FloatingGallery.tsx:410
[ 1780346ms] [LOG] FloatingGallery progress: 0.5197018104366348 @ webpack-internal:///(app-pages-browser)/./src/components/sections/FloatingGallery.tsx:410
[ 1780363ms] [LOG] FloatingGallery progress: 0.517749378771743 @ webpack-internal:///(app-pages-browser)/./src/components/sections/FloatingGallery.tsx:410
[ 1780380ms] [LOG] FloatingGallery progress: 0.5156194533191338 @ webpack-internal:///(app-pages-browser)/./src/components/sections/FloatingGallery.tsx:410
[ 1780396ms] [LOG] FloatingGallery progress: 0.5138445154419595 @ webpack-internal:///(app-pages-browser)/./src/components/sections/FloatingGallery.tsx:410
[ 1780413ms] [LOG] FloatingGallery progress: 0.5122470713525027 @ webpack-internal:///(app-pages-browser)/./src/components/sections/FloatingGallery.tsx:410
[ 1780430ms] [LOG] FloatingGallery progress: 0.5106496272630457 @ webpack-internal:///(app-pages-browser)/./src/components/sections/FloatingGallery.tsx:410
[ 1780446ms] [LOG] FloatingGallery progress: 0.5092296769613064 @ webpack-internal:///(app-pages-browser)/./src/components/sections/FloatingGallery.tsx:410
[ 1780463ms] [LOG] FloatingGallery progress: 0.5079872204472844 @ webpack-internal:///(app-pages-browser)/./src/components/sections/FloatingGallery.tsx:410
[ 1780480ms] [LOG] FloatingGallery progress: 0.5067447639332623 @ webpack-internal:///(app-pages-browser)/./src/components/sections/FloatingGallery.tsx:410
[ 1780496ms] [LOG] FloatingGallery progress: 0.5055023074192403 @ webpack-internal:///(app-pages-browser)/./src/components/sections/FloatingGallery.tsx:410
[ 1780513ms] [LOG] FloatingGallery progress: 0.5044373446929358 @ webpack-internal:///(app-pages-browser)/./src/components/sections/FloatingGallery.tsx:410
[ 1780530ms] [LOG] FloatingGallery progress: 0.5035498757543486 @ webpack-internal:///(app-pages-browser)/./src/components/sections/FloatingGallery.tsx:410
[ 1780546ms] [LOG] FloatingGallery progress: 0.5026624068157615 @ webpack-internal:///(app-pages-browser)/./src/components/sections/FloatingGallery.tsx:410
[ 1780563ms] [LOG] FloatingGallery progress: 0.5017749378771743 @ webpack-internal:///(app-pages-browser)/./src/components/sections/FloatingGallery.tsx:410
[ 1780580ms] [LOG] FloatingGallery progress: 0.5010649627263046 @ webpack-internal:///(app-pages-browser)/./src/components/sections/FloatingGallery.tsx:410
[ 1780596ms] [LOG] FloatingGallery progress: 0.5003549875754348 @ webpack-internal:///(app-pages-browser)/./src/components/sections/FloatingGallery.tsx:410
[ 1780613ms] [LOG] FloatingGallery progress: 0.4998225062122826 @ webpack-internal:///(app-pages-browser)/./src/components/sections/FloatingGallery.tsx:410
[ 1780630ms] [LOG] FloatingGallery progress: 0.49911253106141285 @ webpack-internal:///(app-pages-browser)/./src/components/sections/FloatingGallery.tsx:410
[ 1780646ms] [LOG] FloatingGallery progress: 0.4985800496982606 @ webpack-internal:///(app-pages-browser)/./src/components/sections/FloatingGallery.tsx:410
[ 1780663ms] [LOG] FloatingGallery progress: 0.49804756833510827 @ webpack-internal:///(app-pages-browser)/./src/components/sections/FloatingGallery.tsx:410
[ 1780680ms] [LOG] FloatingGallery progress: 0.49769258075967343 @ webpack-internal:///(app-pages-browser)/./src/components/sections/FloatingGallery.tsx:410
[ 1780696ms] [LOG] FloatingGallery progress: 0.4971600993965211 @ webpack-internal:///(app-pages-browser)/./src/components/sections/FloatingGallery.tsx:410
[ 1780713ms] [LOG] FloatingGallery progress: 0.4968051118210863 @ webpack-internal:///(app-pages-browser)/./src/components/sections/FloatingGallery.tsx:410
[ 1780730ms] [LOG] FloatingGallery progress: 0.4964501242456514 @ webpack-internal:///(app-pages-browser)/./src/components/sections/FloatingGallery.tsx:410
[ 1780746ms] [LOG] FloatingGallery progress: 0.49609513667021654 @ webpack-internal:///(app-pages-browser)/./src/components/sections/FloatingGallery.tsx:410
[ 1780763ms] [LOG] FloatingGallery progress: 0.4957401490947817 @ webpack-internal:///(app-pages-browser)/./src/components/sections/FloatingGallery.tsx:410
[ 1780780ms] [LOG] FloatingGallery progress: 0.4955626553070642 @ webpack-internal:///(app-pages-browser)/./src/components/sections/FloatingGallery.tsx:410
[ 1780796ms] [LOG] FloatingGallery progress: 0.4952076677316294 @ webpack-internal:///(app-pages-browser)/./src/components/sections/FloatingGallery.tsx:410
[ 1780813ms] [LOG] FloatingGallery progress: 0.49503017394391197 @ webpack-internal:///(app-pages-browser)/./src/components/sections/FloatingGallery.tsx:410
[ 1780830ms] [LOG] FloatingGallery progress: 0.4946751863684771 @ webpack-internal:///(app-pages-browser)/./src/components/sections/FloatingGallery.tsx:410
[ 1780846ms] [LOG] FloatingGallery progress: 0.49449769258075965 @ webpack-internal:///(app-pages-browser)/./src/components/sections/FloatingGallery.tsx:410
[ 1780863ms] [LOG] FloatingGallery progress: 0.49432019879304223 @ webpack-internal:///(app-pages-browser)/./src/components/sections/FloatingGallery.tsx:410
[ 1780880ms] [LOG] FloatingGallery progress: 0.4941427050053248 @ webpack-internal:///(app-pages-browser)/./src/components/sections/FloatingGallery.tsx:410
[ 1780896ms] [LOG] FloatingGallery progress: 0.4939652112176074 @ webpack-internal:///(app-pages-browser)/./src/components/sections/FloatingGallery.tsx:410
[ 1780913ms] [LOG] FloatingGallery progress: 0.49378771742988997 @ webpack-internal:///(app-pages-browser)/./src/components/sections/FloatingGallery.tsx:410
[ 1780930ms] [LOG] FloatingGallery progress: 0.4923677671281505 @ webpack-internal:///(app-pages-browser)/./src/components/sections/FloatingGallery.tsx:410
[ 1780946ms] [LOG] FloatingGallery progress: 0.4909478168264111 @ webpack-internal:///(app-pages-browser)/./src/components/sections/FloatingGallery.tsx:410
[ 1780963ms] [LOG] FloatingGallery progress: 0.4897053603123891 @ webpack-internal:///(app-pages-browser)/./src/components/sections/FloatingGallery.tsx:410
[ 1780980ms] [LOG] FloatingGallery progress: 0.48704295349662763 @ webpack-internal:///(app-pages-browser)/./src/components/sections/FloatingGallery.tsx:410
[ 1780996ms] [LOG] FloatingGallery progress: 0.484735534256301 @ webpack-internal:///(app-pages-browser)/./src/components/sections/FloatingGallery.tsx:410
[ 1781013ms] [LOG] FloatingGallery progress: 0.48242811501597443 @ webpack-internal:///(app-pages-browser)/./src/components/sections/FloatingGallery.tsx:410
[ 1781030ms] [LOG] FloatingGallery progress: 0.4804756833510827 @ webpack-internal:///(app-pages-browser)/./src/components/sections/FloatingGallery.tsx:410
[ 1781046ms] [LOG] FloatingGallery progress: 0.4787007454739084 @ webpack-internal:///(app-pages-browser)/./src/components/sections/FloatingGallery.tsx:410
[ 1781063ms] [LOG] FloatingGallery progress: 0.47710330138445156 @ webpack-internal:///(app-pages-browser)/./src/components/sections/FloatingGallery.tsx:410
[ 1781080ms] [LOG] FloatingGallery progress: 0.47550585729499467 @ webpack-internal:///(app-pages-browser)/./src/components/sections/FloatingGallery.tsx:410
[ 1781096ms] [LOG] FloatingGallery progress: 0.4739084132055378 @ webpack-internal:///(app-pages-browser)/./src/components/sections/FloatingGallery.tsx:410
[ 1781113ms] [LOG] FloatingGallery progress: 0.4726659566915158 @ webpack-internal:///(app-pages-browser)/./src/components/sections/FloatingGallery.tsx:410
[ 1781130ms] [LOG] FloatingGallery progress: 0.4714235001774938 @ webpack-internal:///(app-pages-browser)/./src/components/sections/FloatingGallery.tsx:410
[ 1781146ms] [LOG] FloatingGallery progress: 0.4701810436634718 @ webpack-internal:///(app-pages-browser)/./src/components/sections/FloatingGallery.tsx:410
[ 1781163ms] [LOG] FloatingGallery progress: 0.46929357472488464 @ webpack-internal:///(app-pages-browser)/./src/components/sections/FloatingGallery.tsx:410
[ 1781180ms] [LOG] FloatingGallery progress: 0.46822861199858007 @ webpack-internal:///(app-pages-browser)/./src/components/sections/FloatingGallery.tsx:410
[ 1781196ms] [LOG] FloatingGallery progress: 0.4673411430599929 @ webpack-internal:///(app-pages-browser)/./src/components/sections/FloatingGallery.tsx:410
[ 1781213ms] [LOG] FloatingGallery progress: 0.46645367412140576 @ webpack-internal:///(app-pages-browser)/./src/components/sections/FloatingGallery.tsx:410
[ 1781230ms] [LOG] FloatingGallery progress: 0.465743698970536 @ webpack-internal:///(app-pages-browser)/./src/components/sections/FloatingGallery.tsx:410
[ 1781246ms] [LOG] FloatingGallery progress: 0.4650337238196663 @ webpack-internal:///(app-pages-browser)/./src/components/sections/FloatingGallery.tsx:410
[ 1781263ms] [LOG] FloatingGallery progress: 0.4643237486687966 @ webpack-internal:///(app-pages-browser)/./src/components/sections/FloatingGallery.tsx:410
[ 1781280ms] [LOG] FloatingGallery progress: 0.4637912673056443 @ webpack-internal:///(app-pages-browser)/./src/components/sections/FloatingGallery.tsx:410
[ 1781296ms] [LOG] FloatingGallery progress: 0.46325878594249204 @ webpack-internal:///(app-pages-browser)/./src/components/sections/FloatingGallery.tsx:410
[ 1781313ms] [LOG] FloatingGallery progress: 0.4627263045793397 @ webpack-internal:///(app-pages-browser)/./src/components/sections/FloatingGallery.tsx:410
[ 1781330ms] [LOG] FloatingGallery progress: 0.46219382321618746 @ webpack-internal:///(app-pages-browser)/./src/components/sections/FloatingGallery.tsx:410
[ 1781346ms] [LOG] FloatingGallery progress: 0.46183883564075257 @ webpack-internal:///(app-pages-browser)/./src/components/sections/FloatingGallery.tsx:410
[ 1781363ms] [LOG] FloatingGallery progress: 0.4613063542776003 @ webpack-internal:///(app-pages-browser)/./src/components/sections/FloatingGallery.tsx:410
[ 1781380ms] [LOG] FloatingGallery progress: 0.4609513667021654 @ webpack-internal:///(app-pages-browser)/./src/components/sections/FloatingGallery.tsx:410
[ 1781396ms] [LOG] FloatingGallery progress: 0.4591764288249911 @ webpack-internal:///(app-pages-browser)/./src/components/sections/FloatingGallery.tsx:410
[ 1781413ms] [LOG] FloatingGallery progress: 0.4577564785232517 @ webpack-internal:///(app-pages-browser)/./src/components/sections/FloatingGallery.tsx:410
[ 1781430ms] [LOG] FloatingGallery progress: 0.4549165779197728 @ webpack-internal:///(app-pages-browser)/./src/components/sections/FloatingGallery.tsx:410
[ 1781446ms] [LOG] FloatingGallery progress: 0.45225417110401134 @ webpack-internal:///(app-pages-browser)/./src/components/sections/FloatingGallery.tsx:410
[ 1781463ms] [LOG] FloatingGallery progress: 0.44994675186368477 @ webpack-internal:///(app-pages-browser)/./src/components/sections/FloatingGallery.tsx:410
[ 1781480ms] [LOG] FloatingGallery progress: 0.44621938232161873 @ webpack-internal:///(app-pages-browser)/./src/components/sections/FloatingGallery.tsx:410
[ 1781496ms] [LOG] FloatingGallery progress: 0.4428470003549876 @ webpack-internal:///(app-pages-browser)/./src/components/sections/FloatingGallery.tsx:410
[ 1781513ms] [LOG] FloatingGallery progress: 0.4400070997515087 @ webpack-internal:///(app-pages-browser)/./src/components/sections/FloatingGallery.tsx:410
[ 1781530ms] [LOG] FloatingGallery progress: 0.4369897053603124 @ webpack-internal:///(app-pages-browser)/./src/components/sections/FloatingGallery.tsx:410
[ 1781546ms] [LOG] FloatingGallery progress: 0.43450479233226835 @ webpack-internal:///(app-pages-browser)/./src/components/sections/FloatingGallery.tsx:410
[ 1781563ms] [LOG] FloatingGallery progress: 0.4321973730919418 @ webpack-internal:///(app-pages-browser)/./src/components/sections/FloatingGallery.tsx:410
[ 1781580ms] [LOG] FloatingGallery progress: 0.4298899538516152 @ webpack-internal:///(app-pages-browser)/./src/components/sections/FloatingGallery.tsx:410
[ 1781596ms] [LOG] FloatingGallery progress: 0.427760028399006 @ webpack-internal:///(app-pages-browser)/./src/components/sections/FloatingGallery.tsx:410
[ 1781613ms] [LOG] FloatingGallery progress: 0.42598509052183176 @ webpack-internal:///(app-pages-browser)/./src/components/sections/FloatingGallery.tsx:410
[ 1781630ms] [LOG] FloatingGallery progress: 0.42421015264465745 @ webpack-internal:///(app-pages-browser)/./src/components/sections/FloatingGallery.tsx:410
[ 1781646ms] [LOG] FloatingGallery progress: 0.42261270855520056 @ webpack-internal:///(app-pages-browser)/./src/components/sections/FloatingGallery.tsx:410
[ 1781663ms] [LOG] FloatingGallery progress: 0.42119275825346114 @ webpack-internal:///(app-pages-browser)/./src/components/sections/FloatingGallery.tsx:410
[ 1781680ms] [LOG] FloatingGallery progress: 0.41977280795172167 @ webpack-internal:///(app-pages-browser)/./src/components/sections/FloatingGallery.tsx:410
[ 1781696ms] [LOG] FloatingGallery progress: 0.41835285764998226 @ webpack-internal:///(app-pages-browser)/./src/components/sections/FloatingGallery.tsx:410
[ 1781713ms] [LOG] FloatingGallery progress: 0.4172878949236777 @ webpack-internal:///(app-pages-browser)/./src/components/sections/FloatingGallery.tsx:410
[ 1781730ms] [LOG] FloatingGallery progress: 0.4162229321973731 @ webpack-internal:///(app-pages-browser)/./src/components/sections/FloatingGallery.tsx:410
[ 1781746ms] [LOG] FloatingGallery progress: 0.41515796947106853 @ webpack-internal:///(app-pages-browser)/./src/components/sections/FloatingGallery.tsx:410
[ 1781763ms] [LOG] FloatingGallery progress: 0.4142705005324814 @ webpack-internal:///(app-pages-browser)/./src/components/sections/FloatingGallery.tsx:410
[ 1781780ms] [LOG] FloatingGallery progress: 0.4133830315938942 @ webpack-internal:///(app-pages-browser)/./src/components/sections/FloatingGallery.tsx:410
[ 1781796ms] [LOG] FloatingGallery progress: 0.4126730564430245 @ webpack-internal:///(app-pages-browser)/./src/components/sections/FloatingGallery.tsx:410
[ 1781813ms] [LOG] FloatingGallery progress: 0.41196308129215475 @ webpack-internal:///(app-pages-browser)/./src/components/sections/FloatingGallery.tsx:410
[ 1781830ms] [LOG] FloatingGallery progress: 0.4112531061412851 @ webpack-internal:///(app-pages-browser)/./src/components/sections/FloatingGallery.tsx:410
[ 1781846ms] [LOG] FloatingGallery progress: 0.41072062477813276 @ webpack-internal:///(app-pages-browser)/./src/components/sections/FloatingGallery.tsx:410
[ 1781863ms] [LOG] FloatingGallery progress: 0.4101881434149805 @ webpack-internal:///(app-pages-browser)/./src/components/sections/FloatingGallery.tsx:410
[ 1781880ms] [LOG] FloatingGallery progress: 0.4096556620518282 @ webpack-internal:///(app-pages-browser)/./src/components/sections/FloatingGallery.tsx:410
[ 1781896ms] [LOG] FloatingGallery progress: 0.40912318068867587 @ webpack-internal:///(app-pages-browser)/./src/components/sections/FloatingGallery.tsx:410
[ 1781913ms] [LOG] FloatingGallery progress: 0.4085906993255236 @ webpack-internal:///(app-pages-browser)/./src/components/sections/FloatingGallery.tsx:410
[ 1781930ms] [LOG] FloatingGallery progress: 0.40823571175008877 @ webpack-internal:///(app-pages-browser)/./src/components/sections/FloatingGallery.tsx:410
[ 1781946ms] [LOG] FloatingGallery progress: 0.4078807241746539 @ webpack-internal:///(app-pages-browser)/./src/components/sections/FloatingGallery.tsx:410
[ 1781963ms] [LOG] FloatingGallery progress: 0.40752573659921904 @ webpack-internal:///(app-pages-browser)/./src/components/sections/FloatingGallery.tsx:410
[ 1781980ms] [LOG] FloatingGallery progress: 0.40717074902378414 @ webpack-internal:///(app-pages-browser)/./src/components/sections/FloatingGallery.tsx:410
[ 1781996ms] [LOG] FloatingGallery progress: 0.4068157614483493 @ webpack-internal:///(app-pages-browser)/./src/components/sections/FloatingGallery.tsx:410
[ 1782013ms] [LOG] FloatingGallery progress: 0.4066382676606319 @ webpack-internal:///(app-pages-browser)/./src/components/sections/FloatingGallery.tsx:410
[ 1782030ms] [LOG] FloatingGallery progress: 0.40628328008519704 @ webpack-internal:///(app-pages-browser)/./src/components/sections/FloatingGallery.tsx:410
[ 1782046ms] [LOG] FloatingGallery progress: 0.40610578629747957 @ webpack-internal:///(app-pages-browser)/./src/components/sections/FloatingGallery.tsx:410
[ 1782063ms] [LOG] FloatingGallery progress: 0.40450834220802273 @ webpack-internal:///(app-pages-browser)/./src/components/sections/FloatingGallery.tsx:410
[ 1782080ms] [LOG] FloatingGallery progress: 0.40308839190628326 @ webpack-internal:///(app-pages-browser)/./src/components/sections/FloatingGallery.tsx:410
[ 1782096ms] [LOG] FloatingGallery progress: 0.40166844160454385 @ webpack-internal:///(app-pages-browser)/./src/components/sections/FloatingGallery.tsx:410
[ 1782113ms] [LOG] FloatingGallery progress: 0.40042598509052185 @ webpack-internal:///(app-pages-browser)/./src/components/sections/FloatingGallery.tsx:410
[ 1782130ms] [LOG] FloatingGallery progress: 0.3993610223642173 @ webpack-internal:///(app-pages-browser)/./src/components/sections/FloatingGallery.tsx:410
[ 1782147ms] [LOG] FloatingGallery progress: 0.39687610933617323 @ webpack-internal:///(app-pages-browser)/./src/components/sections/FloatingGallery.tsx:410
[ 1782163ms] [LOG] FloatingGallery progress: 0.3947461838835641 @ webpack-internal:///(app-pages-browser)/./src/components/sections/FloatingGallery.tsx:410
[ 1782180ms] [LOG] FloatingGallery progress: 0.39261625843095493 @ webpack-internal:///(app-pages-browser)/./src/components/sections/FloatingGallery.tsx:410
[ 1782196ms] [LOG] FloatingGallery progress: 0.3906638267660632 @ webpack-internal:///(app-pages-browser)/./src/components/sections/FloatingGallery.tsx:410
[ 1782213ms] [LOG] FloatingGallery progress: 0.3888888888888889 @ webpack-internal:///(app-pages-browser)/./src/components/sections/FloatingGallery.tsx:410
[ 1782230ms] [LOG] FloatingGallery progress: 0.387291444799432 @ webpack-internal:///(app-pages-browser)/./src/components/sections/FloatingGallery.tsx:410
[ 1782246ms] [LOG] FloatingGallery progress: 0.38569400070997517 @ webpack-internal:///(app-pages-browser)/./src/components/sections/FloatingGallery.tsx:410
[ 1782263ms] [LOG] FloatingGallery progress: 0.3844515441959531 @ webpack-internal:///(app-pages-browser)/./src/components/sections/FloatingGallery.tsx:410
[ 1782280ms] [LOG] FloatingGallery progress: 0.3817891373801917 @ webpack-internal:///(app-pages-browser)/./src/components/sections/FloatingGallery.tsx:410
[ 1782296ms] [LOG] FloatingGallery progress: 0.37930422435214767 @ webpack-internal:///(app-pages-browser)/./src/components/sections/FloatingGallery.tsx:410
[ 1782313ms] [LOG] FloatingGallery progress: 0.3771742988995385 @ webpack-internal:///(app-pages-browser)/./src/components/sections/FloatingGallery.tsx:410
[ 1782330ms] [LOG] FloatingGallery progress: 0.37504437344692937 @ webpack-internal:///(app-pages-browser)/./src/components/sections/FloatingGallery.tsx:410
[ 1782346ms] [LOG] FloatingGallery progress: 0.37309194178203764 @ webpack-internal:///(app-pages-browser)/./src/components/sections/FloatingGallery.tsx:410
[ 1782363ms] [LOG] FloatingGallery progress: 0.37131700390486333 @ webpack-internal:///(app-pages-browser)/./src/components/sections/FloatingGallery.tsx:410
[ 1782380ms] [LOG] FloatingGallery progress: 0.36971955981540644 @ webpack-internal:///(app-pages-browser)/./src/components/sections/FloatingGallery.tsx:410
[ 1782396ms] [LOG] FloatingGallery progress: 0.3681221157259496 @ webpack-internal:///(app-pages-browser)/./src/components/sections/FloatingGallery.tsx:410
[ 1782413ms] [LOG] FloatingGallery progress: 0.36670216542421014 @ webpack-internal:///(app-pages-browser)/./src/components/sections/FloatingGallery.tsx:410
[ 1782430ms] [LOG] FloatingGallery progress: 0.36545970891018814 @ webpack-internal:///(app-pages-browser)/./src/components/sections/FloatingGallery.tsx:410
[ 1782446ms] [LOG] FloatingGallery progress: 0.36421725239616615 @ webpack-internal:///(app-pages-browser)/./src/components/sections/FloatingGallery.tsx:410
[ 1782463ms] [LOG] FloatingGallery progress: 0.36315228966986157 @ webpack-internal:///(app-pages-browser)/./src/components/sections/FloatingGallery.tsx:410
[ 1782480ms] [LOG] FloatingGallery progress: 0.362087326943557 @ webpack-internal:///(app-pages-browser)/./src/components/sections/FloatingGallery.tsx:410
[ 1782496ms] [LOG] FloatingGallery progress: 0.36119985800496984 @ webpack-internal:///(app-pages-browser)/./src/components/sections/FloatingGallery.tsx:410
[ 1782513ms] [LOG] FloatingGallery progress: 0.3603123890663827 @ webpack-internal:///(app-pages-browser)/./src/components/sections/FloatingGallery.tsx:410
[ 1782530ms] [LOG] FloatingGallery progress: 0.35960241391551295 @ webpack-internal:///(app-pages-browser)/./src/components/sections/FloatingGallery.tsx:410
[ 1782546ms] [LOG] FloatingGallery progress: 0.3588924387646432 @ webpack-internal:///(app-pages-browser)/./src/components/sections/FloatingGallery.tsx:410
[ 1782563ms] [LOG] FloatingGallery progress: 0.35818246361377354 @ webpack-internal:///(app-pages-browser)/./src/components/sections/FloatingGallery.tsx:410
[ 1782580ms] [LOG] FloatingGallery progress: 0.3574724884629038 @ webpack-internal:///(app-pages-browser)/./src/components/sections/FloatingGallery.tsx:410
[ 1782596ms] [LOG] FloatingGallery progress: 0.3569400070997515 @ webpack-internal:///(app-pages-browser)/./src/components/sections/FloatingGallery.tsx:410
[ 1782613ms] [LOG] FloatingGallery progress: 0.35640752573659923 @ webpack-internal:///(app-pages-browser)/./src/components/sections/FloatingGallery.tsx:410
[ 1782630ms] [LOG] FloatingGallery progress: 0.3558750443734469 @ webpack-internal:///(app-pages-browser)/./src/components/sections/FloatingGallery.tsx:410
[ 1782646ms] [LOG] FloatingGallery progress: 0.3555200567980121 @ webpack-internal:///(app-pages-browser)/./src/components/sections/FloatingGallery.tsx:410
[ 1782663ms] [LOG] FloatingGallery progress: 0.35498757543485976 @ webpack-internal:///(app-pages-browser)/./src/components/sections/FloatingGallery.tsx:410
[ 1782680ms] [LOG] FloatingGallery progress: 0.3546325878594249 @ webpack-internal:///(app-pages-browser)/./src/components/sections/FloatingGallery.tsx:410
[ 1782696ms] [LOG] FloatingGallery progress: 0.3542776002839901 @ webpack-internal:///(app-pages-browser)/./src/components/sections/FloatingGallery.tsx:410
[ 1782713ms] [LOG] FloatingGallery progress: 0.3539226127085552 @ webpack-internal:///(app-pages-browser)/./src/components/sections/FloatingGallery.tsx:410
[ 1782730ms] [LOG] FloatingGallery progress: 0.35374511892083776 @ webpack-internal:///(app-pages-browser)/./src/components/sections/FloatingGallery.tsx:410
[ 1782746ms] [LOG] FloatingGallery progress: 0.3533901313454029 @ webpack-internal:///(app-pages-browser)/./src/components/sections/FloatingGallery.tsx:410
[ 1782763ms] [LOG] FloatingGallery progress: 0.3532126375576855 @ webpack-internal:///(app-pages-browser)/./src/components/sections/FloatingGallery.tsx:410
[ 1782780ms] [LOG] FloatingGallery progress: 0.3528576499822506 @ webpack-internal:///(app-pages-browser)/./src/components/sections/FloatingGallery.tsx:410
[ 1782796ms] [LOG] FloatingGallery progress: 0.3526801561945332 @ webpack-internal:///(app-pages-browser)/./src/components/sections/FloatingGallery.tsx:410
[ 1782813ms] [LOG] FloatingGallery progress: 0.35250266240681577 @ webpack-internal:///(app-pages-browser)/./src/components/sections/FloatingGallery.tsx:410
[ 1782830ms] [LOG] FloatingGallery progress: 0.35232516861909835 @ webpack-internal:///(app-pages-browser)/./src/components/sections/FloatingGallery.tsx:410
[ 1782846ms] [LOG] FloatingGallery progress: 0.3521476748313809 @ webpack-internal:///(app-pages-browser)/./src/components/sections/FloatingGallery.tsx:410
[ 1782863ms] [LOG] FloatingGallery progress: 0.35197018104366345 @ webpack-internal:///(app-pages-browser)/./src/components/sections/FloatingGallery.tsx:410
[ 1782880ms] [LOG] FloatingGallery progress: 0.35179268725594603 @ webpack-internal:///(app-pages-browser)/./src/components/sections/FloatingGallery.tsx:410
[ 1782896ms] [LOG] FloatingGallery progress: 0.3516151934682286 @ webpack-internal:///(app-pages-browser)/./src/components/sections/FloatingGallery.tsx:410
[ 1782930ms] [LOG] FloatingGallery progress: 0.3514376996805112 @ webpack-internal:///(app-pages-browser)/./src/components/sections/FloatingGallery.tsx:410
[ 1782946ms] [LOG] FloatingGallery progress: 0.3512602058927938 @ webpack-internal:///(app-pages-browser)/./src/components/sections/FloatingGallery.tsx:410
[ 1782980ms] [LOG] FloatingGallery progress: 0.3510827121050763 @ webpack-internal:///(app-pages-browser)/./src/components/sections/FloatingGallery.tsx:410
[ 1783013ms] [LOG] FloatingGallery progress: 0.3509052183173589 @ webpack-internal:///(app-pages-browser)/./src/components/sections/FloatingGallery.tsx:410
[ 1783063ms] [LOG] FloatingGallery progress: 0.35072772452964146 @ webpack-internal:///(app-pages-browser)/./src/components/sections/FloatingGallery.tsx:410
[ 1783113ms] [LOG] FloatingGallery progress: 0.35055023074192404 @ webpack-internal:///(app-pages-browser)/./src/components/sections/FloatingGallery.tsx:410
[ 1783179ms] [LOG] FloatingGallery progress: 0.3503727369542066 @ webpack-internal:///(app-pages-browser)/./src/components/sections/FloatingGallery.tsx:410
[ 1783197ms] [LOG] FloatingGallery progress: 0.35179268725594603 @ webpack-internal:///(app-pages-browser)/./src/components/sections/FloatingGallery.tsx:410
[ 1783213ms] [LOG] FloatingGallery progress: 0.35303514376996803 @ webpack-internal:///(app-pages-browser)/./src/components/sections/FloatingGallery.tsx:410
[ 1783230ms] [LOG] FloatingGallery progress: 0.3541001064962726 @ webpack-internal:///(app-pages-browser)/./src/components/sections/FloatingGallery.tsx:410
[ 1783246ms] [LOG] FloatingGallery progress: 0.35516506922257723 @ webpack-internal:///(app-pages-browser)/./src/components/sections/FloatingGallery.tsx:410
[ 1783263ms] [LOG] FloatingGallery progress: 0.3562300319488818 @ webpack-internal:///(app-pages-browser)/./src/components/sections/FloatingGallery.tsx:410
[ 1783280ms] [LOG] FloatingGallery progress: 0.35835995740149096 @ webpack-internal:///(app-pages-browser)/./src/components/sections/FloatingGallery.tsx:410
[ 1783296ms] [LOG] FloatingGallery progress: 0.3604898828541001 @ webpack-internal:///(app-pages-browser)/./src/components/sections/FloatingGallery.tsx:410
[ 1783313ms] [LOG] FloatingGallery progress: 0.3622648207312744 @ webpack-internal:///(app-pages-browser)/./src/components/sections/FloatingGallery.tsx:410
[ 1783330ms] [LOG] FloatingGallery progress: 0.36421725239616615 @ webpack-internal:///(app-pages-browser)/./src/components/sections/FloatingGallery.tsx:410
[ 1783346ms] [LOG] FloatingGallery progress: 0.365814696485623 @ webpack-internal:///(app-pages-browser)/./src/components/sections/FloatingGallery.tsx:410
[ 1783363ms] [LOG] FloatingGallery progress: 0.36723464678736245 @ webpack-internal:///(app-pages-browser)/./src/components/sections/FloatingGallery.tsx:410
[ 1783380ms] [LOG] FloatingGallery progress: 0.36865459708910187 @ webpack-internal:///(app-pages-browser)/./src/components/sections/FloatingGallery.tsx:410
[ 1783396ms] [LOG] FloatingGallery progress: 0.37007454739084134 @ webpack-internal:///(app-pages-browser)/./src/components/sections/FloatingGallery.tsx:410
[ 1783413ms] [LOG] FloatingGallery progress: 0.37131700390486333 @ webpack-internal:///(app-pages-browser)/./src/components/sections/FloatingGallery.tsx:410
[ 1783430ms] [LOG] FloatingGallery progress: 0.3723819666311679 @ webpack-internal:///(app-pages-browser)/./src/components/sections/FloatingGallery.tsx:410
[ 1783446ms] [LOG] FloatingGallery progress: 0.37326943556975506 @ webpack-internal:///(app-pages-browser)/./src/components/sections/FloatingGallery.tsx:410
[ 1783463ms] [LOG] FloatingGallery progress: 0.37433439829605963 @ webpack-internal:///(app-pages-browser)/./src/components/sections/FloatingGallery.tsx:410
[ 1783480ms] [LOG] FloatingGallery progress: 0.37504437344692937 @ webpack-internal:///(app-pages-browser)/./src/components/sections/FloatingGallery.tsx:410
[ 1783497ms] [LOG] FloatingGallery progress: 0.37735179268725594 @ webpack-internal:///(app-pages-browser)/./src/components/sections/FloatingGallery.tsx:410
[ 1783513ms] [LOG] FloatingGallery progress: 0.37930422435214767 @ webpack-internal:///(app-pages-browser)/./src/components/sections/FloatingGallery.tsx:410
[ 1783530ms] [LOG] FloatingGallery progress: 0.381079162229322 @ webpack-internal:///(app-pages-browser)/./src/components/sections/FloatingGallery.tsx:410
[ 1783547ms] [LOG] FloatingGallery progress: 0.3828541001064963 @ webpack-internal:///(app-pages-browser)/./src/components/sections/FloatingGallery.tsx:410
[ 1783563ms] [LOG] FloatingGallery progress: 0.3844515441959531 @ webpack-internal:///(app-pages-browser)/./src/components/sections/FloatingGallery.tsx:410
[ 1783580ms] [LOG] FloatingGallery progress: 0.3858714944976926 @ webpack-internal:///(app-pages-browser)/./src/components/sections/FloatingGallery.tsx:410
[ 1783596ms] [LOG] FloatingGallery progress: 0.387291444799432 @ webpack-internal:///(app-pages-browser)/./src/components/sections/FloatingGallery.tsx:410
[ 1783613ms] [LOG] FloatingGallery progress: 0.38853390131345406 @ webpack-internal:///(app-pages-browser)/./src/components/sections/FloatingGallery.tsx:410
[ 1783630ms] [LOG] FloatingGallery progress: 0.38959886403975863 @ webpack-internal:///(app-pages-browser)/./src/components/sections/FloatingGallery.tsx:410
[ 1783647ms] [LOG] FloatingGallery progress: 0.3906638267660632 @ webpack-internal:///(app-pages-browser)/./src/components/sections/FloatingGallery.tsx:410
[ 1783663ms] [LOG] FloatingGallery progress: 0.39155129570465036 @ webpack-internal:///(app-pages-browser)/./src/components/sections/FloatingGallery.tsx:410
[ 1783680ms] [LOG] FloatingGallery progress: 0.3924387646432375 @ webpack-internal:///(app-pages-browser)/./src/components/sections/FloatingGallery.tsx:410
[ 1783696ms] [LOG] FloatingGallery progress: 0.3933262335818246 @ webpack-internal:///(app-pages-browser)/./src/components/sections/FloatingGallery.tsx:410
[ 1783713ms] [LOG] FloatingGallery progress: 0.39403620873269435 @ webpack-internal:///(app-pages-browser)/./src/components/sections/FloatingGallery.tsx:410
[ 1783730ms] [LOG] FloatingGallery progress: 0.3947461838835641 @ webpack-internal:///(app-pages-browser)/./src/components/sections/FloatingGallery.tsx:410
[ 1783746ms] [LOG] FloatingGallery progress: 0.3954561590344338 @ webpack-internal:///(app-pages-browser)/./src/components/sections/FloatingGallery.tsx:410
[ 1783763ms] [LOG] FloatingGallery progress: 0.3959886403975861 @ webpack-internal:///(app-pages-browser)/./src/components/sections/FloatingGallery.tsx:410
[ 1783780ms] [LOG] FloatingGallery progress: 0.3965211217607384 @ webpack-internal:///(app-pages-browser)/./src/components/sections/FloatingGallery.tsx:410
[ 1783796ms] [LOG] FloatingGallery progress: 0.39705360312389065 @ webpack-internal:///(app-pages-browser)/./src/components/sections/FloatingGallery.tsx:410
[ 1783813ms] [LOG] FloatingGallery progress: 0.39758608448704297 @ webpack-internal:///(app-pages-browser)/./src/components/sections/FloatingGallery.tsx:410
[ 1783830ms] [LOG] FloatingGallery progress: 0.3979410720624778 @ webpack-internal:///(app-pages-browser)/./src/components/sections/FloatingGallery.tsx:410
[ 1783846ms] [LOG] FloatingGallery progress: 0.3984735534256301 @ webpack-internal:///(app-pages-browser)/./src/components/sections/FloatingGallery.tsx:410
[ 1783863ms] [LOG] FloatingGallery progress: 0.39882854100106496 @ webpack-internal:///(app-pages-browser)/./src/components/sections/FloatingGallery.tsx:410
[ 1783880ms] [LOG] FloatingGallery progress: 0.3991835285764998 @ webpack-internal:///(app-pages-browser)/./src/components/sections/FloatingGallery.tsx:410
[ 1783896ms] [LOG] FloatingGallery progress: 0.3995385161519347 @ webpack-internal:///(app-pages-browser)/./src/components/sections/FloatingGallery.tsx:410
[ 1783913ms] [LOG] FloatingGallery progress: 0.3997160099396521 @ webpack-internal:///(app-pages-browser)/./src/components/sections/FloatingGallery.tsx:410
[ 1783930ms] [LOG] FloatingGallery progress: 0.40007099751508696 @ webpack-internal:///(app-pages-browser)/./src/components/sections/FloatingGallery.tsx:410
[ 1783946ms] [LOG] FloatingGallery progress: 0.4002484913028044 @ webpack-internal:///(app-pages-browser)/./src/components/sections/FloatingGallery.tsx:410
[ 1783963ms] [LOG] FloatingGallery progress: 0.40042598509052185 @ webpack-internal:///(app-pages-browser)/./src/components/sections/FloatingGallery.tsx:410
[ 1783980ms] [LOG] FloatingGallery progress: 0.4007809726659567 @ webpack-internal:///(app-pages-browser)/./src/components/sections/FloatingGallery.tsx:410
[ 1783996ms] [LOG] FloatingGallery progress: 0.4009584664536741 @ webpack-internal:///(app-pages-browser)/./src/components/sections/FloatingGallery.tsx:410
[ 1784013ms] [LOG] FloatingGallery progress: 0.40113596024139153 @ webpack-internal:///(app-pages-browser)/./src/components/sections/FloatingGallery.tsx:410
[ 1784030ms] [LOG] FloatingGallery progress: 0.401313454029109 @ webpack-internal:///(app-pages-browser)/./src/components/sections/FloatingGallery.tsx:410
[ 1784047ms] [LOG] FloatingGallery progress: 0.4014909478168264 @ webpack-internal:///(app-pages-browser)/./src/components/sections/FloatingGallery.tsx:410
[ 1784080ms] [LOG] FloatingGallery progress: 0.40166844160454385 @ webpack-internal:///(app-pages-browser)/./src/components/sections/FloatingGallery.tsx:410
[ 1784096ms] [LOG] FloatingGallery progress: 0.40184593539226127 @ webpack-internal:///(app-pages-browser)/./src/components/sections/FloatingGallery.tsx:410
[ 1784129ms] [LOG] FloatingGallery progress: 0.4020234291799787 @ webpack-internal:///(app-pages-browser)/./src/components/sections/FloatingGallery.tsx:410
[ 1784146ms] [LOG] FloatingGallery progress: 0.4022009229676961 @ webpack-internal:///(app-pages-browser)/./src/components/sections/FloatingGallery.tsx:410
[ 1784196ms] [LOG] FloatingGallery progress: 0.4023784167554136 @ webpack-internal:///(app-pages-browser)/./src/components/sections/FloatingGallery.tsx:410
[ 1784213ms] [LOG] FloatingGallery progress: 0.4009584664536741 @ webpack-internal:///(app-pages-browser)/./src/components/sections/FloatingGallery.tsx:410
[ 1784230ms] [LOG] FloatingGallery progress: 0.39989350372736954 @ webpack-internal:///(app-pages-browser)/./src/components/sections/FloatingGallery.tsx:410
[ 1784246ms] [LOG] FloatingGallery progress: 0.39882854100106496 @ webpack-internal:///(app-pages-browser)/./src/components/sections/FloatingGallery.tsx:410
[ 1784263ms] [LOG] FloatingGallery progress: 0.3963436279730209 @ webpack-internal:///(app-pages-browser)/./src/components/sections/FloatingGallery.tsx:410
[ 1784280ms] [LOG] FloatingGallery progress: 0.39421370252041177 @ webpack-internal:///(app-pages-browser)/./src/components/sections/FloatingGallery.tsx:410
[ 1784296ms] [LOG] FloatingGallery progress: 0.3920837770678026 @ webpack-internal:///(app-pages-browser)/./src/components/sections/FloatingGallery.tsx:410
[ 1784313ms] [LOG] FloatingGallery progress: 0.3903088391906283 @ webpack-internal:///(app-pages-browser)/./src/components/sections/FloatingGallery.tsx:410
[ 1784330ms] [LOG] FloatingGallery progress: 0.38853390131345406 @ webpack-internal:///(app-pages-browser)/./src/components/sections/FloatingGallery.tsx:410
[ 1784346ms] [LOG] FloatingGallery progress: 0.38693645722399717 @ webpack-internal:///(app-pages-browser)/./src/components/sections/FloatingGallery.tsx:410
[ 1784363ms] [LOG] FloatingGallery progress: 0.3855165069222577 @ webpack-internal:///(app-pages-browser)/./src/components/sections/FloatingGallery.tsx:410
[ 1784380ms] [LOG] FloatingGallery progress: 0.3840965566205183 @ webpack-internal:///(app-pages-browser)/./src/components/sections/FloatingGallery.tsx:410
[ 1784396ms] [LOG] FloatingGallery progress: 0.3828541001064963 @ webpack-internal:///(app-pages-browser)/./src/components/sections/FloatingGallery.tsx:410
[ 1784413ms] [LOG] FloatingGallery progress: 0.38161164359247424 @ webpack-internal:///(app-pages-browser)/./src/components/sections/FloatingGallery.tsx:410
[ 1784430ms] [LOG] FloatingGallery progress: 0.38072417465388714 @ webpack-internal:///(app-pages-browser)/./src/components/sections/FloatingGallery.tsx:410
[ 1784446ms] [LOG] FloatingGallery progress: 0.3796592119275825 @ webpack-internal:///(app-pages-browser)/./src/components/sections/FloatingGallery.tsx:410
[ 1784463ms] [LOG] FloatingGallery progress: 0.3787717429889954 @ webpack-internal:///(app-pages-browser)/./src/components/sections/FloatingGallery.tsx:410
[ 1784480ms] [LOG] FloatingGallery progress: 0.37788427405040825 @ webpack-internal:///(app-pages-browser)/./src/components/sections/FloatingGallery.tsx:410
[ 1784496ms] [LOG] FloatingGallery progress: 0.3771742988995385 @ webpack-internal:///(app-pages-browser)/./src/components/sections/FloatingGallery.tsx:410
[ 1784513ms] [LOG] FloatingGallery progress: 0.37628682996095136 @ webpack-internal:///(app-pages-browser)/./src/components/sections/FloatingGallery.tsx:410
[ 1784530ms] [LOG] FloatingGallery progress: 0.3757543485977991 @ webpack-internal:///(app-pages-browser)/./src/components/sections/FloatingGallery.tsx:410
[ 1784546ms] [LOG] FloatingGallery progress: 0.37504437344692937 @ webpack-internal:///(app-pages-browser)/./src/components/sections/FloatingGallery.tsx:410
[ 1784563ms] [LOG] FloatingGallery progress: 0.37451189208377705 @ webpack-internal:///(app-pages-browser)/./src/components/sections/FloatingGallery.tsx:410
[ 1784580ms] [LOG] FloatingGallery progress: 0.3739794107206248 @ webpack-internal:///(app-pages-browser)/./src/components/sections/FloatingGallery.tsx:410
[ 1784596ms] [LOG] FloatingGallery progress: 0.3736244231451899 @ webpack-internal:///(app-pages-browser)/./src/components/sections/FloatingGallery.tsx:410
[ 1784613ms] [LOG] FloatingGallery progress: 0.37309194178203764 @ webpack-internal:///(app-pages-browser)/./src/components/sections/FloatingGallery.tsx:410
[ 1784630ms] [LOG] FloatingGallery progress: 0.37273695420660274 @ webpack-internal:///(app-pages-browser)/./src/components/sections/FloatingGallery.tsx:410
[ 1784647ms] [LOG] FloatingGallery progress: 0.3723819666311679 @ webpack-internal:///(app-pages-browser)/./src/components/sections/FloatingGallery.tsx:410
[ 1784663ms] [LOG] FloatingGallery progress: 0.37202697905573306 @ webpack-internal:///(app-pages-browser)/./src/components/sections/FloatingGallery.tsx:410
[ 1784680ms] [LOG] FloatingGallery progress: 0.37167199148029817 @ webpack-internal:///(app-pages-browser)/./src/components/sections/FloatingGallery.tsx:410
[ 1784696ms] [LOG] FloatingGallery progress: 0.37131700390486333 @ webpack-internal:///(app-pages-browser)/./src/components/sections/FloatingGallery.tsx:410
[ 1784713ms] [LOG] FloatingGallery progress: 0.3711395101171459 @ webpack-internal:///(app-pages-browser)/./src/components/sections/FloatingGallery.tsx:410
[ 1784730ms] [LOG] FloatingGallery progress: 0.370784522541711 @ webpack-internal:///(app-pages-browser)/./src/components/sections/FloatingGallery.tsx:410
[ 1784746ms] [LOG] FloatingGallery progress: 0.3706070287539936 @ webpack-internal:///(app-pages-browser)/./src/components/sections/FloatingGallery.tsx:410
[ 1784763ms] [LOG] FloatingGallery progress: 0.3704295349662762 @ webpack-internal:///(app-pages-browser)/./src/components/sections/FloatingGallery.tsx:410
[ 1784780ms] [LOG] FloatingGallery progress: 0.37025204117855876 @ webpack-internal:///(app-pages-browser)/./src/components/sections/FloatingGallery.tsx:410
[ 1784797ms] [LOG] FloatingGallery progress: 0.3698970536031239 @ webpack-internal:///(app-pages-browser)/./src/components/sections/FloatingGallery.tsx:410
[ 1784813ms] [LOG] FloatingGallery progress: 0.36971955981540644 @ webpack-internal:///(app-pages-browser)/./src/components/sections/FloatingGallery.tsx:410
[ 1784846ms] [LOG] FloatingGallery progress: 0.369542066027689 @ webpack-internal:///(app-pages-browser)/./src/components/sections/FloatingGallery.tsx:410
[ 1784863ms] [LOG] FloatingGallery progress: 0.3693645722399716 @ webpack-internal:///(app-pages-browser)/./src/components/sections/FloatingGallery.tsx:410
[ 1784880ms] [LOG] FloatingGallery progress: 0.3691870784522542 @ webpack-internal:///(app-pages-browser)/./src/components/sections/FloatingGallery.tsx:410
[ 1784913ms] [LOG] FloatingGallery progress: 0.36900958466453676 @ webpack-internal:///(app-pages-browser)/./src/components/sections/FloatingGallery.tsx:410
[ 1784946ms] [LOG] FloatingGallery progress: 0.3688320908768193 @ webpack-internal:///(app-pages-browser)/./src/components/sections/FloatingGallery.tsx:410
[ 1784980ms] [LOG] FloatingGallery progress: 0.36865459708910187 @ webpack-internal:///(app-pages-browser)/./src/components/sections/FloatingGallery.tsx:410
[ 1785013ms] [LOG] FloatingGallery progress: 0.36847710330138445 @ webpack-internal:///(app-pages-browser)/./src/components/sections/FloatingGallery.tsx:410
[ 1785063ms] [LOG] FloatingGallery progress: 0.368299609513667 @ webpack-internal:///(app-pages-browser)/./src/components/sections/FloatingGallery.tsx:410
[ 1785146ms] [LOG] FloatingGallery progress: 0.3681221157259496 @ webpack-internal:///(app-pages-browser)/./src/components/sections/FloatingGallery.tsx:410
[ 1785246ms] [LOG] FloatingGallery progress: 0.3679446219382322 @ webpack-internal:///(app-pages-browser)/./src/components/sections/FloatingGallery.tsx:410
[ 1785480ms] [LOG] FloatingGallery progress: 0.3677671281505147 @ webpack-internal:///(app-pages-browser)/./src/components/sections/FloatingGallery.tsx:410
[ 1844648ms] [LOG] FloatingGallery progress: 0.36900958466453676 @ webpack-internal:///(app-pages-browser)/./src/components/sections/FloatingGallery.tsx:410
[ 1844665ms] [LOG] FloatingGallery progress: 0.37167199148029817 @ webpack-internal:///(app-pages-browser)/./src/components/sections/FloatingGallery.tsx:410
[ 1844681ms] [LOG] FloatingGallery progress: 0.37557685481008163 @ webpack-internal:///(app-pages-browser)/./src/components/sections/FloatingGallery.tsx:410
[ 1844698ms] [LOG] FloatingGallery progress: 0.38036918707845224 @ webpack-internal:///(app-pages-browser)/./src/components/sections/FloatingGallery.tsx:410
[ 1844715ms] [LOG] FloatingGallery progress: 0.38622648207312743 @ webpack-internal:///(app-pages-browser)/./src/components/sections/FloatingGallery.tsx:410
[ 1844731ms] [LOG] FloatingGallery progress: 0.3917287894923678 @ webpack-internal:///(app-pages-browser)/./src/components/sections/FloatingGallery.tsx:410
[ 1844748ms] [LOG] FloatingGallery progress: 0.3965211217607384 @ webpack-internal:///(app-pages-browser)/./src/components/sections/FloatingGallery.tsx:410
[ 1844764ms] [LOG] FloatingGallery progress: 0.401313454029109 @ webpack-internal:///(app-pages-browser)/./src/components/sections/FloatingGallery.tsx:410
[ 1844781ms] [LOG] FloatingGallery progress: 0.4055733049343273 @ webpack-internal:///(app-pages-browser)/./src/components/sections/FloatingGallery.tsx:410
[ 1844798ms] [LOG] FloatingGallery progress: 0.40930067447639334 @ webpack-internal:///(app-pages-browser)/./src/components/sections/FloatingGallery.tsx:410
[ 1844814ms] [LOG] FloatingGallery progress: 0.41302804401845933 @ webpack-internal:///(app-pages-browser)/./src/components/sections/FloatingGallery.tsx:410
[ 1844831ms] [LOG] FloatingGallery progress: 0.4164004259850905 @ webpack-internal:///(app-pages-browser)/./src/components/sections/FloatingGallery.tsx:410
[ 1844848ms] [LOG] FloatingGallery progress: 0.41941782037628683 @ webpack-internal:///(app-pages-browser)/./src/components/sections/FloatingGallery.tsx:410
[ 1844864ms] [LOG] FloatingGallery progress: 0.4222577209797657 @ webpack-internal:///(app-pages-browser)/./src/components/sections/FloatingGallery.tsx:410
[ 1844881ms] [LOG] FloatingGallery progress: 0.4249201277955272 @ webpack-internal:///(app-pages-browser)/./src/components/sections/FloatingGallery.tsx:410
[ 1844898ms] [LOG] FloatingGallery progress: 0.42740504082357117 @ webpack-internal:///(app-pages-browser)/./src/components/sections/FloatingGallery.tsx:410
[ 1844915ms] [LOG] FloatingGallery progress: 0.4295349662761803 @ webpack-internal:///(app-pages-browser)/./src/components/sections/FloatingGallery.tsx:410
[ 1844931ms] [LOG] FloatingGallery progress: 0.43166489172878947 @ webpack-internal:///(app-pages-browser)/./src/components/sections/FloatingGallery.tsx:410
[ 1844948ms] [LOG] FloatingGallery progress: 0.4336173233936812 @ webpack-internal:///(app-pages-browser)/./src/components/sections/FloatingGallery.tsx:410
[ 1844965ms] [LOG] FloatingGallery progress: 0.4353922612708555 @ webpack-internal:///(app-pages-browser)/./src/components/sections/FloatingGallery.tsx:410
[ 1844981ms] [LOG] FloatingGallery progress: 0.4369897053603124 @ webpack-internal:///(app-pages-browser)/./src/components/sections/FloatingGallery.tsx:410
[ 1844998ms] [LOG] FloatingGallery progress: 0.4384096556620518 @ webpack-internal:///(app-pages-browser)/./src/components/sections/FloatingGallery.tsx:410
[ 1845015ms] [LOG] FloatingGallery progress: 0.4398296059637913 @ webpack-internal:///(app-pages-browser)/./src/components/sections/FloatingGallery.tsx:410
[ 1845031ms] [LOG] FloatingGallery progress: 0.4412495562655307 @ webpack-internal:///(app-pages-browser)/./src/components/sections/FloatingGallery.tsx:410
[ 1845048ms] [LOG] FloatingGallery progress: 0.44231451899183527 @ webpack-internal:///(app-pages-browser)/./src/components/sections/FloatingGallery.tsx:410
[ 1845065ms] [LOG] FloatingGallery progress: 0.44337948171813985 @ webpack-internal:///(app-pages-browser)/./src/components/sections/FloatingGallery.tsx:410
[ 1845081ms] [LOG] FloatingGallery progress: 0.4444444444444444 @ webpack-internal:///(app-pages-browser)/./src/components/sections/FloatingGallery.tsx:410
[ 1845098ms] [LOG] FloatingGallery progress: 0.4453319133830316 @ webpack-internal:///(app-pages-browser)/./src/components/sections/FloatingGallery.tsx:410
[ 1845115ms] [LOG] FloatingGallery progress: 0.44621938232161873 @ webpack-internal:///(app-pages-browser)/./src/components/sections/FloatingGallery.tsx:410
[ 1845131ms] [LOG] FloatingGallery progress: 0.4471068512602059 @ webpack-internal:///(app-pages-browser)/./src/components/sections/FloatingGallery.tsx:410
[ 1845148ms] [LOG] FloatingGallery progress: 0.4476393326233582 @ webpack-internal:///(app-pages-browser)/./src/components/sections/FloatingGallery.tsx:410
[ 1845165ms] [LOG] FloatingGallery progress: 0.44976925807596735 @ webpack-internal:///(app-pages-browser)/./src/components/sections/FloatingGallery.tsx:410
[ 1845181ms] [LOG] FloatingGallery progress: 0.4531416400425985 @ webpack-internal:///(app-pages-browser)/./src/components/sections/FloatingGallery.tsx:410
[ 1845198ms] [LOG] FloatingGallery progress: 0.45722399716009937 @ webpack-internal:///(app-pages-browser)/./src/components/sections/FloatingGallery.tsx:410
[ 1845215ms] [LOG] FloatingGallery progress: 0.4627263045793397 @ webpack-internal:///(app-pages-browser)/./src/components/sections/FloatingGallery.tsx:410
[ 1845231ms] [LOG] FloatingGallery progress: 0.46929357472488464 @ webpack-internal:///(app-pages-browser)/./src/components/sections/FloatingGallery.tsx:410
[ 1845248ms] [LOG] FloatingGallery progress: 0.47479588214412494 @ webpack-internal:///(app-pages-browser)/./src/components/sections/FloatingGallery.tsx:410
[ 1845265ms] [LOG] FloatingGallery progress: 0.4804756833510827 @ webpack-internal:///(app-pages-browser)/./src/components/sections/FloatingGallery.tsx:410
[ 1845281ms] [LOG] FloatingGallery progress: 0.48544550940717074 @ webpack-internal:///(app-pages-browser)/./src/components/sections/FloatingGallery.tsx:410
[ 1845298ms] [LOG] FloatingGallery progress: 0.4898828541001065 @ webpack-internal:///(app-pages-browser)/./src/components/sections/FloatingGallery.tsx:410
[ 1845315ms] [LOG] FloatingGallery progress: 0.49432019879304223 @ webpack-internal:///(app-pages-browser)/./src/components/sections/FloatingGallery.tsx:410
[ 1845331ms] [LOG] FloatingGallery progress: 0.4982250621228257 @ webpack-internal:///(app-pages-browser)/./src/components/sections/FloatingGallery.tsx:410
[ 1845348ms] [LOG] FloatingGallery progress: 0.5017749378771743 @ webpack-internal:///(app-pages-browser)/./src/components/sections/FloatingGallery.tsx:410
[ 1845365ms] [LOG] FloatingGallery progress: 0.5051473198438055 @ webpack-internal:///(app-pages-browser)/./src/components/sections/FloatingGallery.tsx:410
[ 1845381ms] [LOG] FloatingGallery progress: 0.5083422080227192 @ webpack-internal:///(app-pages-browser)/./src/components/sections/FloatingGallery.tsx:410
[ 1845398ms] [LOG] FloatingGallery progress: 0.5110046148384807 @ webpack-internal:///(app-pages-browser)/./src/components/sections/FloatingGallery.tsx:410
[ 1845415ms] [LOG] FloatingGallery progress: 0.513667021654242 @ webpack-internal:///(app-pages-browser)/./src/components/sections/FloatingGallery.tsx:410
[ 1845431ms] [LOG] FloatingGallery progress: 0.5161519346822862 @ webpack-internal:///(app-pages-browser)/./src/components/sections/FloatingGallery.tsx:410
[ 1845448ms] [LOG] FloatingGallery progress: 0.5182818601348953 @ webpack-internal:///(app-pages-browser)/./src/components/sections/FloatingGallery.tsx:410
[ 1845465ms] [LOG] FloatingGallery progress: 0.5204117855875044 @ webpack-internal:///(app-pages-browser)/./src/components/sections/FloatingGallery.tsx:410
[ 1845481ms] [LOG] FloatingGallery progress: 0.5223642172523961 @ webpack-internal:///(app-pages-browser)/./src/components/sections/FloatingGallery.tsx:410
[ 1845498ms] [LOG] FloatingGallery progress: 0.5253816116435924 @ webpack-internal:///(app-pages-browser)/./src/components/sections/FloatingGallery.tsx:410
[ 1845515ms] [LOG] FloatingGallery progress: 0.5296414625488108 @ webpack-internal:///(app-pages-browser)/./src/components/sections/FloatingGallery.tsx:410
[ 1845531ms] [LOG] FloatingGallery progress: 0.5351437699680511 @ webpack-internal:///(app-pages-browser)/./src/components/sections/FloatingGallery.tsx:410
[ 1845548ms] [LOG] FloatingGallery progress: 0.5411785587504437 @ webpack-internal:///(app-pages-browser)/./src/components/sections/FloatingGallery.tsx:410
[ 1845565ms] [LOG] FloatingGallery progress: 0.5484558040468583 @ webpack-internal:///(app-pages-browser)/./src/components/sections/FloatingGallery.tsx:410
[ 1845581ms] [LOG] FloatingGallery progress: 0.5550230741924033 @ webpack-internal:///(app-pages-browser)/./src/components/sections/FloatingGallery.tsx:410
[ 1845598ms] [LOG] FloatingGallery progress: 0.5608803691870784 @ webpack-internal:///(app-pages-browser)/./src/components/sections/FloatingGallery.tsx:410
[ 1845615ms] [LOG] FloatingGallery progress: 0.5667376641817536 @ webpack-internal:///(app-pages-browser)/./src/components/sections/FloatingGallery.tsx:410
[ 1845631ms] [LOG] FloatingGallery progress: 0.5718849840255591 @ webpack-internal:///(app-pages-browser)/./src/components/sections/FloatingGallery.tsx:410
[ 1845648ms] [LOG] FloatingGallery progress: 0.5764998225062122 @ webpack-internal:///(app-pages-browser)/./src/components/sections/FloatingGallery.tsx:410
[ 1845665ms] [LOG] FloatingGallery progress: 0.580937167199148 @ webpack-internal:///(app-pages-browser)/./src/components/sections/FloatingGallery.tsx:410
[ 1845681ms] [LOG] FloatingGallery progress: 0.5851970181043663 @ webpack-internal:///(app-pages-browser)/./src/components/sections/FloatingGallery.tsx:410
[ 1845698ms] [LOG] FloatingGallery progress: 0.5887468938587149 @ webpack-internal:///(app-pages-browser)/./src/components/sections/FloatingGallery.tsx:410
[ 1845715ms] [LOG] FloatingGallery progress: 0.5922967696130635 @ webpack-internal:///(app-pages-browser)/./src/components/sections/FloatingGallery.tsx:410
[ 1845731ms] [LOG] FloatingGallery progress: 0.5956691515796947 @ webpack-internal:///(app-pages-browser)/./src/components/sections/FloatingGallery.tsx:410
[ 1845748ms] [LOG] FloatingGallery progress: 0.5985090521831736 @ webpack-internal:///(app-pages-browser)/./src/components/sections/FloatingGallery.tsx:410
[ 1845765ms] [LOG] FloatingGallery progress: 0.601171458998935 @ webpack-internal:///(app-pages-browser)/./src/components/sections/FloatingGallery.tsx:410
[ 1845781ms] [LOG] FloatingGallery progress: 0.6038338658146964 @ webpack-internal:///(app-pages-browser)/./src/components/sections/FloatingGallery.tsx:410
[ 1845798ms] [LOG] FloatingGallery progress: 0.6059637912673056 @ webpack-internal:///(app-pages-browser)/./src/components/sections/FloatingGallery.tsx:410
[ 1845815ms] [LOG] FloatingGallery progress: 0.6096911608093717 @ webpack-internal:///(app-pages-browser)/./src/components/sections/FloatingGallery.tsx:410
[ 1845831ms] [LOG] FloatingGallery progress: 0.6143059992900248 @ webpack-internal:///(app-pages-browser)/./src/components/sections/FloatingGallery.tsx:410
[ 1845848ms] [LOG] FloatingGallery progress: 0.6183883564075258 @ webpack-internal:///(app-pages-browser)/./src/components/sections/FloatingGallery.tsx:410
[ 1845865ms] [LOG] FloatingGallery progress: 0.6237131700390486 @ webpack-internal:///(app-pages-browser)/./src/components/sections/FloatingGallery.tsx:410
[ 1845881ms] [LOG] FloatingGallery progress: 0.6301029463968761 @ webpack-internal:///(app-pages-browser)/./src/components/sections/FloatingGallery.tsx:410
[ 1845898ms] [LOG] FloatingGallery progress: 0.6370252041178559 @ webpack-internal:///(app-pages-browser)/./src/components/sections/FloatingGallery.tsx:410
[ 1845915ms] [LOG] FloatingGallery progress: 0.6437699680511182 @ webpack-internal:///(app-pages-browser)/./src/components/sections/FloatingGallery.tsx:410
[ 1845931ms] [LOG] FloatingGallery progress: 0.6499822506212283 @ webpack-internal:///(app-pages-browser)/./src/components/sections/FloatingGallery.tsx:410
[ 1845948ms] [LOG] FloatingGallery progress: 0.6553070642527512 @ webpack-internal:///(app-pages-browser)/./src/components/sections/FloatingGallery.tsx:410
[ 1845965ms] [LOG] FloatingGallery progress: 0.660631877884274 @ webpack-internal:///(app-pages-browser)/./src/components/sections/FloatingGallery.tsx:410
[ 1845981ms] [LOG] FloatingGallery progress: 0.6654242101526446 @ webpack-internal:///(app-pages-browser)/./src/components/sections/FloatingGallery.tsx:410
[ 1845998ms] [LOG] FloatingGallery progress: 0.6696840610578629 @ webpack-internal:///(app-pages-browser)/./src/components/sections/FloatingGallery.tsx:410
[ 1846015ms] [LOG] FloatingGallery progress: 0.6737664181753639 @ webpack-internal:///(app-pages-browser)/./src/components/sections/FloatingGallery.tsx:410
[ 1846031ms] [LOG] FloatingGallery progress: 0.6776712815051473 @ webpack-internal:///(app-pages-browser)/./src/components/sections/FloatingGallery.tsx:410
[ 1846048ms] [LOG] FloatingGallery progress: 0.6810436634717785 @ webpack-internal:///(app-pages-browser)/./src/components/sections/FloatingGallery.tsx:410
[ 1846065ms] [LOG] FloatingGallery progress: 0.6842385516506923 @ webpack-internal:///(app-pages-browser)/./src/components/sections/FloatingGallery.tsx:410
[ 1846081ms] [LOG] FloatingGallery progress: 0.6872559460418886 @ webpack-internal:///(app-pages-browser)/./src/components/sections/FloatingGallery.tsx:410
[ 1846098ms] [LOG] FloatingGallery progress: 0.68991835285765 @ webpack-internal:///(app-pages-browser)/./src/components/sections/FloatingGallery.tsx:410
[ 1846115ms] [LOG] FloatingGallery progress: 0.692403265885694 @ webpack-internal:///(app-pages-browser)/./src/components/sections/FloatingGallery.tsx:410
[ 1846131ms] [LOG] FloatingGallery progress: 0.694888178913738 @ webpack-internal:///(app-pages-browser)/./src/components/sections/FloatingGallery.tsx:410
[ 1846148ms] [LOG] FloatingGallery progress: 0.6968406105786298 @ webpack-internal:///(app-pages-browser)/./src/components/sections/FloatingGallery.tsx:410
[ 1846165ms] [LOG] FloatingGallery progress: 0.7003904863329783 @ webpack-internal:///(app-pages-browser)/./src/components/sections/FloatingGallery.tsx:410
[ 1846181ms] [LOG] FloatingGallery progress: 0.7048278310259141 @ webpack-internal:///(app-pages-browser)/./src/components/sections/FloatingGallery.tsx:410
[ 1846198ms] [LOG] FloatingGallery progress: 0.710152644657437 @ webpack-internal:///(app-pages-browser)/./src/components/sections/FloatingGallery.tsx:410
[ 1846215ms] [LOG] FloatingGallery progress: 0.7167199148029819 @ webpack-internal:///(app-pages-browser)/./src/components/sections/FloatingGallery.tsx:410
[ 1846231ms] [LOG] FloatingGallery progress: 0.724174653887114 @ webpack-internal:///(app-pages-browser)/./src/components/sections/FloatingGallery.tsx:410
[ 1846248ms] [LOG] FloatingGallery progress: 0.7305644302449414 @ webpack-internal:///(app-pages-browser)/./src/components/sections/FloatingGallery.tsx:410
[ 1846265ms] [LOG] FloatingGallery progress: 0.7369542066027689 @ webpack-internal:///(app-pages-browser)/./src/components/sections/FloatingGallery.tsx:410
[ 1846281ms] [LOG] FloatingGallery progress: 0.7428115015974441 @ webpack-internal:///(app-pages-browser)/./src/components/sections/FloatingGallery.tsx:410
[ 1846298ms] [LOG] FloatingGallery progress: 0.7477813276535321 @ webpack-internal:///(app-pages-browser)/./src/components/sections/FloatingGallery.tsx:410
[ 1846315ms] [LOG] FloatingGallery progress: 0.7527511537096202 @ webpack-internal:///(app-pages-browser)/./src/components/sections/FloatingGallery.tsx:410
[ 1846331ms] [LOG] FloatingGallery progress: 0.7573659921902733 @ webpack-internal:///(app-pages-browser)/./src/components/sections/FloatingGallery.tsx:410
[ 1846348ms] [LOG] FloatingGallery progress: 0.7614483493077743 @ webpack-internal:///(app-pages-browser)/./src/components/sections/FloatingGallery.tsx:410
[ 1846365ms] [LOG] FloatingGallery progress: 0.7653532126375577 @ webpack-internal:///(app-pages-browser)/./src/components/sections/FloatingGallery.tsx:410
[ 1846381ms] [LOG] FloatingGallery progress: 0.7689030883919062 @ webpack-internal:///(app-pages-browser)/./src/components/sections/FloatingGallery.tsx:410
[ 1846398ms] [LOG] FloatingGallery progress: 0.77209797657082 @ webpack-internal:///(app-pages-browser)/./src/components/sections/FloatingGallery.tsx:410
[ 1846415ms] [LOG] FloatingGallery progress: 0.7751153709620163 @ webpack-internal:///(app-pages-browser)/./src/components/sections/FloatingGallery.tsx:410
[ 1846431ms] [LOG] FloatingGallery progress: 0.7779552715654952 @ webpack-internal:///(app-pages-browser)/./src/components/sections/FloatingGallery.tsx:410
[ 1846448ms] [LOG] FloatingGallery progress: 0.7804401845935393 @ webpack-internal:///(app-pages-browser)/./src/components/sections/FloatingGallery.tsx:410
[ 1846465ms] [LOG] FloatingGallery progress: 0.7829250976215832 @ webpack-internal:///(app-pages-browser)/./src/components/sections/FloatingGallery.tsx:410
[ 1846481ms] [LOG] FloatingGallery progress: 0.7866524671636492 @ webpack-internal:///(app-pages-browser)/./src/components/sections/FloatingGallery.tsx:410
[ 1846498ms] [LOG] FloatingGallery progress: 0.791089811856585 @ webpack-internal:///(app-pages-browser)/./src/components/sections/FloatingGallery.tsx:410
[ 1846515ms] [LOG] FloatingGallery progress: 0.7967696130635428 @ webpack-internal:///(app-pages-browser)/./src/components/sections/FloatingGallery.tsx:410
[ 1846531ms] [LOG] FloatingGallery progress: 0.8035143769968051 @ webpack-internal:///(app-pages-browser)/./src/components/sections/FloatingGallery.tsx:410
[ 1846548ms] [LOG] FloatingGallery progress: 0.8111466098686546 @ webpack-internal:///(app-pages-browser)/./src/components/sections/FloatingGallery.tsx:410
[ 1846565ms] [LOG] FloatingGallery progress: 0.8177138800141995 @ webpack-internal:///(app-pages-browser)/./src/components/sections/FloatingGallery.tsx:410
[ 1846581ms] [LOG] FloatingGallery progress: 0.824103656372027 @ webpack-internal:///(app-pages-browser)/./src/components/sections/FloatingGallery.tsx:410
[ 1846598ms] [LOG] FloatingGallery progress: 0.8297834575789848 @ webpack-internal:///(app-pages-browser)/./src/components/sections/FloatingGallery.tsx:410
[ 1846615ms] [LOG] FloatingGallery progress: 0.835285764998225 @ webpack-internal:///(app-pages-browser)/./src/components/sections/FloatingGallery.tsx:410
[ 1846631ms] [LOG] FloatingGallery progress: 0.8404330848420305 @ webpack-internal:///(app-pages-browser)/./src/components/sections/FloatingGallery.tsx:410
[ 1846648ms] [LOG] FloatingGallery progress: 0.8448704295349663 @ webpack-internal:///(app-pages-browser)/./src/components/sections/FloatingGallery.tsx:410
[ 1846665ms] [LOG] FloatingGallery progress: 0.8491302804401846 @ webpack-internal:///(app-pages-browser)/./src/components/sections/FloatingGallery.tsx:410
[ 1846681ms] [LOG] FloatingGallery progress: 0.8532126375576855 @ webpack-internal:///(app-pages-browser)/./src/components/sections/FloatingGallery.tsx:410
[ 1846698ms] [LOG] FloatingGallery progress: 0.8565850195243166 @ webpack-internal:///(app-pages-browser)/./src/components/sections/FloatingGallery.tsx:410
[ 1846715ms] [LOG] FloatingGallery progress: 0.8601348952786653 @ webpack-internal:///(app-pages-browser)/./src/components/sections/FloatingGallery.tsx:410
[ 1846731ms] [LOG] FloatingGallery progress: 0.8631522896698616 @ webpack-internal:///(app-pages-browser)/./src/components/sections/FloatingGallery.tsx:410
[ 1846748ms] [LOG] FloatingGallery progress: 0.8659921902733404 @ webpack-internal:///(app-pages-browser)/./src/components/sections/FloatingGallery.tsx:410
[ 1846765ms] [LOG] FloatingGallery progress: 0.8686545970891019 @ webpack-internal:///(app-pages-browser)/./src/components/sections/FloatingGallery.tsx:410
[ 1846781ms] [LOG] FloatingGallery progress: 0.8711395101171459 @ webpack-internal:///(app-pages-browser)/./src/components/sections/FloatingGallery.tsx:410
[ 1846798ms] [LOG] FloatingGallery progress: 0.8745118920837771 @ webpack-internal:///(app-pages-browser)/./src/components/sections/FloatingGallery.tsx:410
[ 1846815ms] [LOG] FloatingGallery progress: 0.8793042243521477 @ webpack-internal:///(app-pages-browser)/./src/components/sections/FloatingGallery.tsx:410
[ 1846831ms] [LOG] FloatingGallery progress: 0.8851615193468229 @ webpack-internal:///(app-pages-browser)/./src/components/sections/FloatingGallery.tsx:410
[ 1846848ms] [LOG] FloatingGallery progress: 0.8919062832800851 @ webpack-internal:///(app-pages-browser)/./src/components/sections/FloatingGallery.tsx:410
[ 1846865ms] [LOG] FloatingGallery progress: 0.8991835285764999 @ webpack-internal:///(app-pages-browser)/./src/components/sections/FloatingGallery.tsx:410
[ 1846881ms] [LOG] FloatingGallery progress: 0.9061057862974796 @ webpack-internal:///(app-pages-browser)/./src/components/sections/FloatingGallery.tsx:410
[ 1846898ms] [LOG] FloatingGallery progress: 0.9126730564430245 @ webpack-internal:///(app-pages-browser)/./src/components/sections/FloatingGallery.tsx:410
[ 1846915ms] [LOG] FloatingGallery progress: 0.9183528576499822 @ webpack-internal:///(app-pages-browser)/./src/components/sections/FloatingGallery.tsx:410
[ 1846915ms] [WARNING] You are trying to animate backgroundColor from "#111111" to "transparent". "transparent" is not an animatable value.. For more information and steps for solving, visit https://motion.dev/troubleshooting/value-not-animatable @ webpack-internal:///(app-pages-browser)/./node_modules/motion-utils/dist/es/errors.mjs:15
[ 1846931ms] [LOG] FloatingGallery progress: 0.9238551650692226 @ webpack-internal:///(app-pages-browser)/./src/components/sections/FloatingGallery.tsx:410
[ 1846948ms] [LOG] FloatingGallery progress: 0.9290024849130281 @ webpack-internal:///(app-pages-browser)/./src/components/sections/FloatingGallery.tsx:410
[ 1846965ms] [LOG] FloatingGallery progress: 0.9334398296059638 @ webpack-internal:///(app-pages-browser)/./src/components/sections/FloatingGallery.tsx:410
[ 1846981ms] [LOG] FloatingGallery progress: 0.9376996805111821 @ webpack-internal:///(app-pages-browser)/./src/components/sections/FloatingGallery.tsx:410
[ 1846998ms] [LOG] FloatingGallery progress: 0.9416045438409656 @ webpack-internal:///(app-pages-browser)/./src/components/sections/FloatingGallery.tsx:410
[ 1847015ms] [LOG] FloatingGallery progress: 0.9451544195953142 @ webpack-internal:///(app-pages-browser)/./src/components/sections/FloatingGallery.tsx:410
[ 1847031ms] [LOG] FloatingGallery progress: 0.9487042953496627 @ webpack-internal:///(app-pages-browser)/./src/components/sections/FloatingGallery.tsx:410
[ 1847048ms] [LOG] FloatingGallery progress: 0.9518991835285765 @ webpack-internal:///(app-pages-browser)/./src/components/sections/FloatingGallery.tsx:410
[ 1847065ms] [LOG] FloatingGallery progress: 0.954561590344338 @ webpack-internal:///(app-pages-browser)/./src/components/sections/FloatingGallery.tsx:410
[ 1847081ms] [LOG] FloatingGallery progress: 0.9572239971600994 @ webpack-internal:///(app-pages-browser)/./src/components/sections/FloatingGallery.tsx:410
[ 1847098ms] [LOG] FloatingGallery progress: 0.9605963791267306 @ webpack-internal:///(app-pages-browser)/./src/components/sections/FloatingGallery.tsx:410
[ 1847115ms] [LOG] FloatingGallery progress: 0.9636137735179269 @ webpack-internal:///(app-pages-browser)/./src/components/sections/FloatingGallery.tsx:410
[ 1847131ms] [LOG] FloatingGallery progress: 0.9664536741214057 @ webpack-internal:///(app-pages-browser)/./src/components/sections/FloatingGallery.tsx:410
[ 1847148ms] [LOG] FloatingGallery progress: 0.9689385871494498 @ webpack-internal:///(app-pages-browser)/./src/components/sections/FloatingGallery.tsx:410
[ 1847165ms] [LOG] FloatingGallery progress: 0.9712460063897763 @ webpack-internal:///(app-pages-browser)/./src/components/sections/FloatingGallery.tsx:410
[ 1847181ms] [LOG] FloatingGallery progress: 0.9735534256301029 @ webpack-internal:///(app-pages-browser)/./src/components/sections/FloatingGallery.tsx:410
[ 1847198ms] [LOG] FloatingGallery progress: 0.9755058572949947 @ webpack-internal:///(app-pages-browser)/./src/components/sections/FloatingGallery.tsx:410
[ 1847215ms] [LOG] FloatingGallery progress: 0.9774582889598864 @ webpack-internal:///(app-pages-browser)/./src/components/sections/FloatingGallery.tsx:410
[ 1847231ms] [LOG] FloatingGallery progress: 0.9792332268370607 @ webpack-internal:///(app-pages-browser)/./src/components/sections/FloatingGallery.tsx:410
[ 1847248ms] [LOG] FloatingGallery progress: 0.9806531771388002 @ webpack-internal:///(app-pages-browser)/./src/components/sections/FloatingGallery.tsx:410
[ 1847265ms] [LOG] FloatingGallery progress: 0.982250621228257 @ webpack-internal:///(app-pages-browser)/./src/components/sections/FloatingGallery.tsx:410
[ 1847281ms] [LOG] FloatingGallery progress: 0.9836705715299965 @ webpack-internal:///(app-pages-browser)/./src/components/sections/FloatingGallery.tsx:410
[ 1847298ms] [LOG] FloatingGallery progress: 0.9849130280440185 @ webpack-internal:///(app-pages-browser)/./src/components/sections/FloatingGallery.tsx:410
[ 1847315ms] [LOG] FloatingGallery progress: 0.985977990770323 @ webpack-internal:///(app-pages-browser)/./src/components/sections/FloatingGallery.tsx:410
[ 1847331ms] [LOG] FloatingGallery progress: 0.9870429534966276 @ webpack-internal:///(app-pages-browser)/./src/components/sections/FloatingGallery.tsx:410
[ 1847348ms] [LOG] FloatingGallery progress: 0.9881079162229321 @ webpack-internal:///(app-pages-browser)/./src/components/sections/FloatingGallery.tsx:410
[ 1847365ms] [LOG] FloatingGallery progress: 0.9889953851615193 @ webpack-internal:///(app-pages-browser)/./src/components/sections/FloatingGallery.tsx:410
[ 1847382ms] [LOG] FloatingGallery progress: 0.9898828541001065 @ webpack-internal:///(app-pages-browser)/./src/components/sections/FloatingGallery.tsx:410
[ 1847398ms] [LOG] FloatingGallery progress: 0.9905928292509762 @ webpack-internal:///(app-pages-browser)/./src/components/sections/FloatingGallery.tsx:410
[ 1847415ms] [LOG] FloatingGallery progress: 0.9913028044018459 @ webpack-internal:///(app-pages-browser)/./src/components/sections/FloatingGallery.tsx:410
[ 1847431ms] [LOG] FloatingGallery progress: 0.9920127795527156 @ webpack-internal:///(app-pages-browser)/./src/components/sections/FloatingGallery.tsx:410
[ 1847448ms] [LOG] FloatingGallery progress: 0.9927227547035854 @ webpack-internal:///(app-pages-browser)/./src/components/sections/FloatingGallery.tsx:410
[ 1847465ms] [LOG] FloatingGallery progress: 0.9932552360667377 @ webpack-internal:///(app-pages-browser)/./src/components/sections/FloatingGallery.tsx:410
[ 1847481ms] [LOG] FloatingGallery progress: 0.9937877174298899 @ webpack-internal:///(app-pages-browser)/./src/components/sections/FloatingGallery.tsx:410
[ 1847498ms] [LOG] FloatingGallery progress: 0.9941427050053249 @ webpack-internal:///(app-pages-browser)/./src/components/sections/FloatingGallery.tsx:410
[ 1847515ms] [LOG] FloatingGallery progress: 0.9946751863684771 @ webpack-internal:///(app-pages-browser)/./src/components/sections/FloatingGallery.tsx:410
[ 1847531ms] [LOG] FloatingGallery progress: 0.9950301739439119 @ webpack-internal:///(app-pages-browser)/./src/components/sections/FloatingGallery.tsx:410
[ 1847548ms] [LOG] FloatingGallery progress: 0.9953851615193469 @ webpack-internal:///(app-pages-browser)/./src/components/sections/FloatingGallery.tsx:410
[ 1847565ms] [LOG] FloatingGallery progress: 0.9957401490947817 @ webpack-internal:///(app-pages-browser)/./src/components/sections/FloatingGallery.tsx:410
[ 1847581ms] [LOG] FloatingGallery progress: 0.9960951366702165 @ webpack-internal:///(app-pages-browser)/./src/components/sections/FloatingGallery.tsx:410
[ 1847598ms] [LOG] FloatingGallery progress: 0.9964501242456514 @ webpack-internal:///(app-pages-browser)/./src/components/sections/FloatingGallery.tsx:410
[ 1847615ms] [LOG] FloatingGallery progress: 0.9966276180333689 @ webpack-internal:///(app-pages-browser)/./src/components/sections/FloatingGallery.tsx:410
[ 1847631ms] [LOG] FloatingGallery progress: 0.9969826056088037 @ webpack-internal:///(app-pages-browser)/./src/components/sections/FloatingGallery.tsx:410
[ 1847648ms] [LOG] FloatingGallery progress: 0.9971600993965212 @ webpack-internal:///(app-pages-browser)/./src/components/sections/FloatingGallery.tsx:410
[ 1847665ms] [LOG] FloatingGallery progress: 0.9973375931842385 @ webpack-internal:///(app-pages-browser)/./src/components/sections/FloatingGallery.tsx:410
[ 1847682ms] [LOG] FloatingGallery progress: 0.997515086971956 @ webpack-internal:///(app-pages-browser)/./src/components/sections/FloatingGallery.tsx:410
[ 1847698ms] [LOG] FloatingGallery progress: 0.9978700745473909 @ webpack-internal:///(app-pages-browser)/./src/components/sections/FloatingGallery.tsx:410
[ 1847699ms] [WARNING] You are trying to animate backgroundColor from "transparent" to "#111111". "transparent" is not an animatable value.. For more information and steps for solving, visit https://motion.dev/troubleshooting/value-not-animatable @ webpack-internal:///(app-pages-browser)/./node_modules/motion-utils/dist/es/errors.mjs:15
[ 1847732ms] [LOG] FloatingGallery progress: 0.9980475683351083 @ webpack-internal:///(app-pages-browser)/./src/components/sections/FloatingGallery.tsx:410
[ 1847748ms] [LOG] FloatingGallery progress: 0.9982250621228257 @ webpack-internal:///(app-pages-browser)/./src/components/sections/FloatingGallery.tsx:410
[ 1847765ms] [LOG] FloatingGallery progress: 0.9984025559105432 @ webpack-internal:///(app-pages-browser)/./src/components/sections/FloatingGallery.tsx:410
[ 1847781ms] [LOG] FloatingGallery progress: 0.9985800496982605 @ webpack-internal:///(app-pages-browser)/./src/components/sections/FloatingGallery.tsx:410
[ 1847815ms] [LOG] FloatingGallery progress: 0.9973375931842385 @ webpack-internal:///(app-pages-browser)/./src/components/sections/FloatingGallery.tsx:410
[ 1847832ms] [LOG] FloatingGallery progress: 0.9948526801561945 @ webpack-internal:///(app-pages-browser)/./src/components/sections/FloatingGallery.tsx:410
[ 1847848ms] [LOG] FloatingGallery progress: 0.9909478168264111 @ webpack-internal:///(app-pages-browser)/./src/components/sections/FloatingGallery.tsx:410
[ 1847865ms] [LOG] FloatingGallery progress: 0.9865104721334753 @ webpack-internal:///(app-pages-browser)/./src/components/sections/FloatingGallery.tsx:410
[ 1847881ms] [LOG] FloatingGallery progress: 0.9804756833510827 @ webpack-internal:///(app-pages-browser)/./src/components/sections/FloatingGallery.tsx:410
[ 1847898ms] [LOG] FloatingGallery progress: 0.9753283635072773 @ webpack-internal:///(app-pages-browser)/./src/components/sections/FloatingGallery.tsx:410
[ 1847915ms] [LOG] FloatingGallery progress: 0.9703585374511892 @ webpack-internal:///(app-pages-browser)/./src/components/sections/FloatingGallery.tsx:410
[ 1847931ms] [LOG] FloatingGallery progress: 0.965743698970536 @ webpack-internal:///(app-pages-browser)/./src/components/sections/FloatingGallery.tsx:410
[ 1847948ms] [LOG] FloatingGallery progress: 0.9616613418530351 @ webpack-internal:///(app-pages-browser)/./src/components/sections/FloatingGallery.tsx:410
[ 1847965ms] [LOG] FloatingGallery progress: 0.9577564785232516 @ webpack-internal:///(app-pages-browser)/./src/components/sections/FloatingGallery.tsx:410
[ 1847981ms] [LOG] FloatingGallery progress: 0.9542066027689031 @ webpack-internal:///(app-pages-browser)/./src/components/sections/FloatingGallery.tsx:410
[ 1847998ms] [LOG] FloatingGallery progress: 0.9510117145899893 @ webpack-internal:///(app-pages-browser)/./src/components/sections/FloatingGallery.tsx:410
[ 1848015ms] [LOG] FloatingGallery progress: 0.9478168264110756 @ webpack-internal:///(app-pages-browser)/./src/components/sections/FloatingGallery.tsx:410
[ 1848031ms] [LOG] FloatingGallery progress: 0.9449769258075967 @ webpack-internal:///(app-pages-browser)/./src/components/sections/FloatingGallery.tsx:410
[ 1848048ms] [LOG] FloatingGallery progress: 0.9424920127795527 @ webpack-internal:///(app-pages-browser)/./src/components/sections/FloatingGallery.tsx:410
[ 1848065ms] [LOG] FloatingGallery progress: 0.9400070997515086 @ webpack-internal:///(app-pages-browser)/./src/components/sections/FloatingGallery.tsx:410
[ 1848081ms] [LOG] FloatingGallery progress: 0.9376996805111821 @ webpack-internal:///(app-pages-browser)/./src/components/sections/FloatingGallery.tsx:410
[ 1848098ms] [LOG] FloatingGallery progress: 0.9357472488462903 @ webpack-internal:///(app-pages-browser)/./src/components/sections/FloatingGallery.tsx:410
[ 1848115ms] [LOG] FloatingGallery progress: 0.933972310969116 @ webpack-internal:///(app-pages-browser)/./src/components/sections/FloatingGallery.tsx:410
[ 1848131ms] [LOG] FloatingGallery progress: 0.9321973730919417 @ webpack-internal:///(app-pages-browser)/./src/components/sections/FloatingGallery.tsx:410
[ 1848148ms] [LOG] FloatingGallery progress: 0.9291799787007454 @ webpack-internal:///(app-pages-browser)/./src/components/sections/FloatingGallery.tsx:410
[ 1848165ms] [LOG] FloatingGallery progress: 0.9265175718849841 @ webpack-internal:///(app-pages-browser)/./src/components/sections/FloatingGallery.tsx:410
[ 1848181ms] [LOG] FloatingGallery progress: 0.9224352147674831 @ webpack-internal:///(app-pages-browser)/./src/components/sections/FloatingGallery.tsx:410
[ 1848198ms] [LOG] FloatingGallery progress: 0.9176428824991125 @ webpack-internal:///(app-pages-browser)/./src/components/sections/FloatingGallery.tsx:410
[ 1848215ms] [LOG] FloatingGallery progress: 0.9116080937167199 @ webpack-internal:///(app-pages-browser)/./src/components/sections/FloatingGallery.tsx:410
[ 1848231ms] [LOG] FloatingGallery progress: 0.9046858359957402 @ webpack-internal:///(app-pages-browser)/./src/components/sections/FloatingGallery.tsx:410
[ 1848248ms] [LOG] FloatingGallery progress: 0.8972310969116081 @ webpack-internal:///(app-pages-browser)/./src/components/sections/FloatingGallery.tsx:410
[ 1848265ms] [LOG] FloatingGallery progress: 0.8899538516151935 @ webpack-internal:///(app-pages-browser)/./src/components/sections/FloatingGallery.tsx:410
[ 1848282ms] [LOG] FloatingGallery progress: 0.8833865814696485 @ webpack-internal:///(app-pages-browser)/./src/components/sections/FloatingGallery.tsx:410
[ 1848298ms] [LOG] FloatingGallery progress: 0.8771742988995385 @ webpack-internal:///(app-pages-browser)/./src/components/sections/FloatingGallery.tsx:410
[ 1848315ms] [LOG] FloatingGallery progress: 0.8718494852680156 @ webpack-internal:///(app-pages-browser)/./src/components/sections/FloatingGallery.tsx:410
[ 1848331ms] [LOG] FloatingGallery progress: 0.8665246716364927 @ webpack-internal:///(app-pages-browser)/./src/components/sections/FloatingGallery.tsx:410
[ 1848348ms] [LOG] FloatingGallery progress: 0.8620873269435569 @ webpack-internal:///(app-pages-browser)/./src/components/sections/FloatingGallery.tsx:410
[ 1848365ms] [LOG] FloatingGallery progress: 0.8574724884629038 @ webpack-internal:///(app-pages-browser)/./src/components/sections/FloatingGallery.tsx:410
[ 1848381ms] [LOG] FloatingGallery progress: 0.8533901313454029 @ webpack-internal:///(app-pages-browser)/./src/components/sections/FloatingGallery.tsx:410
[ 1848398ms] [LOG] FloatingGallery progress: 0.8496627618033369 @ webpack-internal:///(app-pages-browser)/./src/components/sections/FloatingGallery.tsx:410
[ 1848415ms] [LOG] FloatingGallery progress: 0.8462903798367057 @ webpack-internal:///(app-pages-browser)/./src/components/sections/FloatingGallery.tsx:410
[ 1848431ms] [LOG] FloatingGallery progress: 0.843095491657792 @ webpack-internal:///(app-pages-browser)/./src/components/sections/FloatingGallery.tsx:410
[ 1848448ms] [LOG] FloatingGallery progress: 0.8402555910543131 @ webpack-internal:///(app-pages-browser)/./src/components/sections/FloatingGallery.tsx:410
[ 1848465ms] [LOG] FloatingGallery progress: 0.8374156904508342 @ webpack-internal:///(app-pages-browser)/./src/components/sections/FloatingGallery.tsx:410
[ 1848481ms] [LOG] FloatingGallery progress: 0.8335108271210507 @ webpack-internal:///(app-pages-browser)/./src/components/sections/FloatingGallery.tsx:410
[ 1848498ms] [LOG] FloatingGallery progress: 0.8299609513667021 @ webpack-internal:///(app-pages-browser)/./src/components/sections/FloatingGallery.tsx:410
[ 1848515ms] [LOG] FloatingGallery progress: 0.825346112886049 @ webpack-internal:///(app-pages-browser)/./src/components/sections/FloatingGallery.tsx:410
[ 1848531ms] [LOG] FloatingGallery progress: 0.8194888178913738 @ webpack-internal:///(app-pages-browser)/./src/components/sections/FloatingGallery.tsx:410
[ 1848548ms] [LOG] FloatingGallery progress: 0.8127440539581114 @ webpack-internal:///(app-pages-browser)/./src/components/sections/FloatingGallery.tsx:410
[ 1848565ms] [LOG] FloatingGallery progress: 0.8056443024494143 @ webpack-internal:///(app-pages-browser)/./src/components/sections/FloatingGallery.tsx:410
[ 1848581ms] [LOG] FloatingGallery progress: 0.7985445509407171 @ webpack-internal:///(app-pages-browser)/./src/components/sections/FloatingGallery.tsx:410
[ 1848598ms] [LOG] FloatingGallery progress: 0.7921547745828896 @ webpack-internal:///(app-pages-browser)/./src/components/sections/FloatingGallery.tsx:410
[ 1848615ms] [LOG] FloatingGallery progress: 0.7864749733759319 @ webpack-internal:///(app-pages-browser)/./src/components/sections/FloatingGallery.tsx:410
[ 1848631ms] [LOG] FloatingGallery progress: 0.7809726659566916 @ webpack-internal:///(app-pages-browser)/./src/components/sections/FloatingGallery.tsx:410
[ 1848648ms] [LOG] FloatingGallery progress: 0.776180333688321 @ webpack-internal:///(app-pages-browser)/./src/components/sections/FloatingGallery.tsx:410
[ 1848665ms] [LOG] FloatingGallery progress: 0.7713880014199503 @ webpack-internal:///(app-pages-browser)/./src/components/sections/FloatingGallery.tsx:410
[ 1848681ms] [LOG] FloatingGallery progress: 0.7671281505147319 @ webpack-internal:///(app-pages-browser)/./src/components/sections/FloatingGallery.tsx:410
[ 1848698ms] [LOG] FloatingGallery progress: 0.763400780972666 @ webpack-internal:///(app-pages-browser)/./src/components/sections/FloatingGallery.tsx:410
[ 1848715ms] [LOG] FloatingGallery progress: 0.7596734114306 @ webpack-internal:///(app-pages-browser)/./src/components/sections/FloatingGallery.tsx:410
[ 1848731ms] [LOG] FloatingGallery progress: 0.7561235356762513 @ webpack-internal:///(app-pages-browser)/./src/components/sections/FloatingGallery.tsx:410
[ 1848748ms] [LOG] FloatingGallery progress: 0.7532836350727724 @ webpack-internal:///(app-pages-browser)/./src/components/sections/FloatingGallery.tsx:410
[ 1848765ms] [LOG] FloatingGallery progress: 0.7502662406815761 @ webpack-internal:///(app-pages-browser)/./src/components/sections/FloatingGallery.tsx:410
[ 1848781ms] [LOG] FloatingGallery progress: 0.7476038338658147 @ webpack-internal:///(app-pages-browser)/./src/components/sections/FloatingGallery.tsx:410
[ 1848798ms] [LOG] FloatingGallery progress: 0.7451189208377706 @ webpack-internal:///(app-pages-browser)/./src/components/sections/FloatingGallery.tsx:410
[ 1848815ms] [LOG] FloatingGallery progress: 0.7429889953851615 @ webpack-internal:///(app-pages-browser)/./src/components/sections/FloatingGallery.tsx:410
[ 1848831ms] [LOG] FloatingGallery progress: 0.7394391196308129 @ webpack-internal:///(app-pages-browser)/./src/components/sections/FloatingGallery.tsx:410
[ 1848848ms] [LOG] FloatingGallery progress: 0.7348242811501597 @ webpack-internal:///(app-pages-browser)/./src/components/sections/FloatingGallery.tsx:410
[ 1848865ms] [LOG] FloatingGallery progress: 0.7294994675186368 @ webpack-internal:///(app-pages-browser)/./src/components/sections/FloatingGallery.tsx:410
[ 1848881ms] [LOG] FloatingGallery progress: 0.7229321973730919 @ webpack-internal:///(app-pages-browser)/./src/components/sections/FloatingGallery.tsx:410
[ 1848898ms] [LOG] FloatingGallery progress: 0.7154774582889599 @ webpack-internal:///(app-pages-browser)/./src/components/sections/FloatingGallery.tsx:410
[ 1848915ms] [LOG] FloatingGallery progress: 0.707667731629393 @ webpack-internal:///(app-pages-browser)/./src/components/sections/FloatingGallery.tsx:410
[ 1848931ms] [LOG] FloatingGallery progress: 0.6998580049698261 @ webpack-internal:///(app-pages-browser)/./src/components/sections/FloatingGallery.tsx:410
[ 1848948ms] [LOG] FloatingGallery progress: 0.6932907348242812 @ webpack-internal:///(app-pages-browser)/./src/components/sections/FloatingGallery.tsx:410
[ 1848965ms] [LOG] FloatingGallery progress: 0.6867234646787362 @ webpack-internal:///(app-pages-browser)/./src/components/sections/FloatingGallery.tsx:410
[ 1848981ms] [LOG] FloatingGallery progress: 0.6806886758963436 @ webpack-internal:///(app-pages-browser)/./src/components/sections/FloatingGallery.tsx:410
[ 1848998ms] [LOG] FloatingGallery progress: 0.6753638622648207 @ webpack-internal:///(app-pages-browser)/./src/components/sections/FloatingGallery.tsx:410
[ 1849015ms] [LOG] FloatingGallery progress: 0.6702165424210152 @ webpack-internal:///(app-pages-browser)/./src/components/sections/FloatingGallery.tsx:410
[ 1849031ms] [LOG] FloatingGallery progress: 0.6654242101526446 @ webpack-internal:///(app-pages-browser)/./src/components/sections/FloatingGallery.tsx:410
[ 1849048ms] [LOG] FloatingGallery progress: 0.6613418530351438 @ webpack-internal:///(app-pages-browser)/./src/components/sections/FloatingGallery.tsx:410
[ 1849065ms] [LOG] FloatingGallery progress: 0.6572594959176429 @ webpack-internal:///(app-pages-browser)/./src/components/sections/FloatingGallery.tsx:410
[ 1849081ms] [LOG] FloatingGallery progress: 0.6535321263755769 @ webpack-internal:///(app-pages-browser)/./src/components/sections/FloatingGallery.tsx:410
[ 1849098ms] [LOG] FloatingGallery progress: 0.6503372381966631 @ webpack-internal:///(app-pages-browser)/./src/components/sections/FloatingGallery.tsx:410
[ 1849115ms] [LOG] FloatingGallery progress: 0.6471423500177493 @ webpack-internal:///(app-pages-browser)/./src/components/sections/FloatingGallery.tsx:410
[ 1849132ms] [LOG] FloatingGallery progress: 0.6427050053248137 @ webpack-internal:///(app-pages-browser)/./src/components/sections/FloatingGallery.tsx:410
[ 1849148ms] [LOG] FloatingGallery progress: 0.6373801916932907 @ webpack-internal:///(app-pages-browser)/./src/components/sections/FloatingGallery.tsx:410
[ 1849165ms] [LOG] FloatingGallery progress: 0.6313454029108981 @ webpack-internal:///(app-pages-browser)/./src/components/sections/FloatingGallery.tsx:410
[ 1849181ms] [LOG] FloatingGallery progress: 0.6240681576144835 @ webpack-internal:///(app-pages-browser)/./src/components/sections/FloatingGallery.tsx:410
[ 1849198ms] [LOG] FloatingGallery progress: 0.616435924742634 @ webpack-internal:///(app-pages-browser)/./src/components/sections/FloatingGallery.tsx:410
[ 1849215ms] [LOG] FloatingGallery progress: 0.6075612353567625 @ webpack-internal:///(app-pages-browser)/./src/components/sections/FloatingGallery.tsx:410
[ 1849231ms] [LOG] FloatingGallery progress: 0.5993965211217608 @ webpack-internal:///(app-pages-browser)/./src/components/sections/FloatingGallery.tsx:410
[ 1849248ms] [LOG] FloatingGallery progress: 0.5922967696130635 @ webpack-internal:///(app-pages-browser)/./src/components/sections/FloatingGallery.tsx:410
[ 1849265ms] [LOG] FloatingGallery progress: 0.5851970181043663 @ webpack-internal:///(app-pages-browser)/./src/components/sections/FloatingGallery.tsx:410
[ 1849281ms] [LOG] FloatingGallery progress: 0.5788072417465389 @ webpack-internal:///(app-pages-browser)/./src/components/sections/FloatingGallery.tsx:410
[ 1849298ms] [LOG] FloatingGallery progress: 0.5731274405395811 @ webpack-internal:///(app-pages-browser)/./src/components/sections/FloatingGallery.tsx:410
[ 1849315ms] [LOG] FloatingGallery progress: 0.5676251331203408 @ webpack-internal:///(app-pages-browser)/./src/components/sections/FloatingGallery.tsx:410
[ 1849331ms] [LOG] FloatingGallery progress: 0.5626553070642527 @ webpack-internal:///(app-pages-browser)/./src/components/sections/FloatingGallery.tsx:410
[ 1849348ms] [LOG] FloatingGallery progress: 0.5580404685835996 @ webpack-internal:///(app-pages-browser)/./src/components/sections/FloatingGallery.tsx:410
[ 1849365ms] [LOG] FloatingGallery progress: 0.5539581114660986 @ webpack-internal:///(app-pages-browser)/./src/components/sections/FloatingGallery.tsx:410
[ 1849381ms] [LOG] FloatingGallery progress: 0.5498757543485978 @ webpack-internal:///(app-pages-browser)/./src/components/sections/FloatingGallery.tsx:410
[ 1849398ms] [LOG] FloatingGallery progress: 0.5465033723819667 @ webpack-internal:///(app-pages-browser)/./src/components/sections/FloatingGallery.tsx:410
[ 1849415ms] [LOG] FloatingGallery progress: 0.5431309904153354 @ webpack-internal:///(app-pages-browser)/./src/components/sections/FloatingGallery.tsx:410
[ 1849431ms] [LOG] FloatingGallery progress: 0.5399361022364217 @ webpack-internal:///(app-pages-browser)/./src/components/sections/FloatingGallery.tsx:410
[ 1849448ms] [LOG] FloatingGallery progress: 0.5358537451189208 @ webpack-internal:///(app-pages-browser)/./src/components/sections/FloatingGallery.tsx:410
[ 1849465ms] [LOG] FloatingGallery progress: 0.530528931487398 @ webpack-internal:///(app-pages-browser)/./src/components/sections/FloatingGallery.tsx:410
[ 1849481ms] [LOG] FloatingGallery progress: 0.5241391551295704 @ webpack-internal:///(app-pages-browser)/./src/components/sections/FloatingGallery.tsx:410
[ 1849498ms] [LOG] FloatingGallery progress: 0.5173943911963081 @ webpack-internal:///(app-pages-browser)/./src/components/sections/FloatingGallery.tsx:410
[ 1849515ms] [LOG] FloatingGallery progress: 0.5092296769613064 @ webpack-internal:///(app-pages-browser)/./src/components/sections/FloatingGallery.tsx:410
[ 1849532ms] [LOG] FloatingGallery progress: 0.5005324813631523 @ webpack-internal:///(app-pages-browser)/./src/components/sections/FloatingGallery.tsx:410
[ 1849548ms] [LOG] FloatingGallery progress: 0.4927227547035854 @ webpack-internal:///(app-pages-browser)/./src/components/sections/FloatingGallery.tsx:410
[ 1849565ms] [LOG] FloatingGallery progress: 0.4852680156194533 @ webpack-internal:///(app-pages-browser)/./src/components/sections/FloatingGallery.tsx:410
[ 1849581ms] [LOG] FloatingGallery progress: 0.47834575789847356 @ webpack-internal:///(app-pages-browser)/./src/components/sections/FloatingGallery.tsx:410
[ 1849598ms] [LOG] FloatingGallery progress: 0.47231096911608095 @ webpack-internal:///(app-pages-browser)/./src/components/sections/FloatingGallery.tsx:410
[ 1849615ms] [LOG] FloatingGallery progress: 0.46627618033368834 @ webpack-internal:///(app-pages-browser)/./src/components/sections/FloatingGallery.tsx:410
[ 1849631ms] [LOG] FloatingGallery progress: 0.460773872914448 @ webpack-internal:///(app-pages-browser)/./src/components/sections/FloatingGallery.tsx:410
[ 1849648ms] [LOG] FloatingGallery progress: 0.4561590344337948 @ webpack-internal:///(app-pages-browser)/./src/components/sections/FloatingGallery.tsx:410
[ 1849665ms] [LOG] FloatingGallery progress: 0.4513667021654242 @ webpack-internal:///(app-pages-browser)/./src/components/sections/FloatingGallery.tsx:410
[ 1849681ms] [LOG] FloatingGallery progress: 0.4471068512602059 @ webpack-internal:///(app-pages-browser)/./src/components/sections/FloatingGallery.tsx:410
[ 1849698ms] [LOG] FloatingGallery progress: 0.44337948171813985 @ webpack-internal:///(app-pages-browser)/./src/components/sections/FloatingGallery.tsx:410
[ 1849715ms] [LOG] FloatingGallery progress: 0.43965211217607386 @ webpack-internal:///(app-pages-browser)/./src/components/sections/FloatingGallery.tsx:410
[ 1849731ms] [LOG] FloatingGallery progress: 0.43627973020944266 @ webpack-internal:///(app-pages-browser)/./src/components/sections/FloatingGallery.tsx:410
[ 1849748ms] [LOG] FloatingGallery progress: 0.43184238551650694 @ webpack-internal:///(app-pages-browser)/./src/components/sections/FloatingGallery.tsx:410
[ 1849765ms] [LOG] FloatingGallery progress: 0.426517571884984 @ webpack-internal:///(app-pages-browser)/./src/components/sections/FloatingGallery.tsx:410
[ 1849781ms] [LOG] FloatingGallery progress: 0.42012779552715657 @ webpack-internal:///(app-pages-browser)/./src/components/sections/FloatingGallery.tsx:410
[ 1849798ms] [LOG] FloatingGallery progress: 0.41302804401845933 @ webpack-internal:///(app-pages-browser)/./src/components/sections/FloatingGallery.tsx:410
[ 1849815ms] [LOG] FloatingGallery progress: 0.40486332978345757 @ webpack-internal:///(app-pages-browser)/./src/components/sections/FloatingGallery.tsx:410
[ 1849832ms] [LOG] FloatingGallery progress: 0.39581114660986866 @ webpack-internal:///(app-pages-browser)/./src/components/sections/FloatingGallery.tsx:410
[ 1849848ms] [LOG] FloatingGallery progress: 0.38800141995030174 @ webpack-internal:///(app-pages-browser)/./src/components/sections/FloatingGallery.tsx:410
[ 1849865ms] [LOG] FloatingGallery progress: 0.38036918707845224 @ webpack-internal:///(app-pages-browser)/./src/components/sections/FloatingGallery.tsx:410
[ 1849881ms] [LOG] FloatingGallery progress: 0.37326943556975506 @ webpack-internal:///(app-pages-browser)/./src/components/sections/FloatingGallery.tsx:410
[ 1849898ms] [LOG] FloatingGallery progress: 0.36705715299964503 @ webpack-internal:///(app-pages-browser)/./src/components/sections/FloatingGallery.tsx:410
[ 1849915ms] [LOG] FloatingGallery progress: 0.3610223642172524 @ webpack-internal:///(app-pages-browser)/./src/components/sections/FloatingGallery.tsx:410
[ 1849931ms] [LOG] FloatingGallery progress: 0.3555200567980121 @ webpack-internal:///(app-pages-browser)/./src/components/sections/FloatingGallery.tsx:410
[ 1849948ms] [LOG] FloatingGallery progress: 0.3503727369542066 @ webpack-internal:///(app-pages-browser)/./src/components/sections/FloatingGallery.tsx:410
[ 1849965ms] [LOG] FloatingGallery progress: 0.34593539226127085 @ webpack-internal:///(app-pages-browser)/./src/components/sections/FloatingGallery.tsx:410
[ 1849981ms] [LOG] FloatingGallery progress: 0.34149804756833513 @ webpack-internal:///(app-pages-browser)/./src/components/sections/FloatingGallery.tsx:410
[ 1849998ms] [LOG] FloatingGallery progress: 0.3377706780262691 @ webpack-internal:///(app-pages-browser)/./src/components/sections/FloatingGallery.tsx:410
[ 1850015ms] [LOG] FloatingGallery progress: 0.33404330848420305 @ webpack-internal:///(app-pages-browser)/./src/components/sections/FloatingGallery.tsx:410
[ 1850031ms] [LOG] FloatingGallery progress: 0.33049343272985443 @ webpack-internal:///(app-pages-browser)/./src/components/sections/FloatingGallery.tsx:410
[ 1850048ms] [LOG] FloatingGallery progress: 0.3258785942492013 @ webpack-internal:///(app-pages-browser)/./src/components/sections/FloatingGallery.tsx:410
[ 1850065ms] [LOG] FloatingGallery progress: 0.32073127440539584 @ webpack-internal:///(app-pages-browser)/./src/components/sections/FloatingGallery.tsx:410
[ 1850081ms] [LOG] FloatingGallery progress: 0.3141640042598509 @ webpack-internal:///(app-pages-browser)/./src/components/sections/FloatingGallery.tsx:410
[ 1850098ms] [LOG] FloatingGallery progress: 0.30670926517571884 @ webpack-internal:///(app-pages-browser)/./src/components/sections/FloatingGallery.tsx:410
[ 1850115ms] [LOG] FloatingGallery progress: 0.2988995385161519 @ webpack-internal:///(app-pages-browser)/./src/components/sections/FloatingGallery.tsx:410
[ 1850131ms] [LOG] FloatingGallery progress: 0.2912673056443025 @ webpack-internal:///(app-pages-browser)/./src/components/sections/FloatingGallery.tsx:410
[ 1850148ms] [LOG] FloatingGallery progress: 0.28452254171104013 @ webpack-internal:///(app-pages-browser)/./src/components/sections/FloatingGallery.tsx:410
[ 1850165ms] [LOG] FloatingGallery progress: 0.27813276535321263 @ webpack-internal:///(app-pages-browser)/./src/components/sections/FloatingGallery.tsx:410
[ 1850181ms] [LOG] FloatingGallery progress: 0.27209797657082 @ webpack-internal:///(app-pages-browser)/./src/components/sections/FloatingGallery.tsx:410
[ 1850198ms] [LOG] FloatingGallery progress: 0.26641817536386225 @ webpack-internal:///(app-pages-browser)/./src/components/sections/FloatingGallery.tsx:410
[ 1850215ms] [LOG] FloatingGallery progress: 0.26162584309549164 @ webpack-internal:///(app-pages-browser)/./src/components/sections/FloatingGallery.tsx:410
[ 1850231ms] [LOG] FloatingGallery progress: 0.2570110046148385 @ webpack-internal:///(app-pages-browser)/./src/components/sections/FloatingGallery.tsx:410
[ 1850248ms] [LOG] FloatingGallery progress: 0.25275115370962015 @ webpack-internal:///(app-pages-browser)/./src/components/sections/FloatingGallery.tsx:410
[ 1850265ms] [LOG] FloatingGallery progress: 0.24884629037983672 @ webpack-internal:///(app-pages-browser)/./src/components/sections/FloatingGallery.tsx:410
[ 1850281ms] [LOG] FloatingGallery progress: 0.24511892083777068 @ webpack-internal:///(app-pages-browser)/./src/components/sections/FloatingGallery.tsx:410
[ 1850298ms] [LOG] FloatingGallery progress: 0.24156904508342208 @ webpack-internal:///(app-pages-browser)/./src/components/sections/FloatingGallery.tsx:410
[ 1850315ms] [LOG] FloatingGallery progress: 0.2387291444799432 @ webpack-internal:///(app-pages-browser)/./src/components/sections/FloatingGallery.tsx:410
[ 1850331ms] [LOG] FloatingGallery progress: 0.2357117500887469 @ webpack-internal:///(app-pages-browser)/./src/components/sections/FloatingGallery.tsx:410
[ 1850348ms] [LOG] FloatingGallery progress: 0.23180688675896344 @ webpack-internal:///(app-pages-browser)/./src/components/sections/FloatingGallery.tsx:410
[ 1850365ms] [LOG] FloatingGallery progress: 0.22665956691515796 @ webpack-internal:///(app-pages-browser)/./src/components/sections/FloatingGallery.tsx:410
[ 1850381ms] [LOG] FloatingGallery progress: 0.22044728434504793 @ webpack-internal:///(app-pages-browser)/./src/components/sections/FloatingGallery.tsx:410
[ 1850398ms] [LOG] FloatingGallery progress: 0.21352502662406816 @ webpack-internal:///(app-pages-browser)/./src/components/sections/FloatingGallery.tsx:410
[ 1850415ms] [LOG] FloatingGallery progress: 0.20607028753993611 @ webpack-internal:///(app-pages-browser)/./src/components/sections/FloatingGallery.tsx:410
[ 1850432ms] [LOG] FloatingGallery progress: 0.1971955981540646 @ webpack-internal:///(app-pages-browser)/./src/components/sections/FloatingGallery.tsx:410
[ 1850448ms] [LOG] FloatingGallery progress: 0.18974085906993254 @ webpack-internal:///(app-pages-browser)/./src/components/sections/FloatingGallery.tsx:410
[ 1850465ms] [LOG] FloatingGallery progress: 0.1822861199858005 @ webpack-internal:///(app-pages-browser)/./src/components/sections/FloatingGallery.tsx:410
[ 1850481ms] [LOG] FloatingGallery progress: 0.17536386226482073 @ webpack-internal:///(app-pages-browser)/./src/components/sections/FloatingGallery.tsx:410
[ 1850498ms] [LOG] FloatingGallery progress: 0.16950656727014554 @ webpack-internal:///(app-pages-browser)/./src/components/sections/FloatingGallery.tsx:410
[ 1850515ms] [LOG] FloatingGallery progress: 0.16364927227547035 @ webpack-internal:///(app-pages-browser)/./src/components/sections/FloatingGallery.tsx:410
[ 1850531ms] [LOG] FloatingGallery progress: 0.15814696485623003 @ webpack-internal:///(app-pages-browser)/./src/components/sections/FloatingGallery.tsx:410
[ 1850548ms] [LOG] FloatingGallery progress: 0.153177138800142 @ webpack-internal:///(app-pages-browser)/./src/components/sections/FloatingGallery.tsx:410
[ 1850565ms] [LOG] FloatingGallery progress: 0.14891728789492367 @ webpack-internal:///(app-pages-browser)/./src/components/sections/FloatingGallery.tsx:410
[ 1850581ms] [LOG] FloatingGallery progress: 0.14465743698970537 @ webpack-internal:///(app-pages-browser)/./src/components/sections/FloatingGallery.tsx:410
[ 1850598ms] [LOG] FloatingGallery progress: 0.14075257365992191 @ webpack-internal:///(app-pages-browser)/./src/components/sections/FloatingGallery.tsx:410
[ 1850615ms] [LOG] FloatingGallery progress: 0.13738019169329074 @ webpack-internal:///(app-pages-browser)/./src/components/sections/FloatingGallery.tsx:410
[ 1850631ms] [LOG] FloatingGallery progress: 0.13400780972665957 @ webpack-internal:///(app-pages-browser)/./src/components/sections/FloatingGallery.tsx:410
[ 1850648ms] [LOG] FloatingGallery progress: 0.13099041533546327 @ webpack-internal:///(app-pages-browser)/./src/components/sections/FloatingGallery.tsx:410
[ 1850665ms] [LOG] FloatingGallery progress: 0.12690805821796236 @ webpack-internal:///(app-pages-browser)/./src/components/sections/FloatingGallery.tsx:410
[ 1850682ms] [LOG] FloatingGallery progress: 0.12158324458643947 @ webpack-internal:///(app-pages-browser)/./src/components/sections/FloatingGallery.tsx:410
[ 1850698ms] [LOG] FloatingGallery progress: 0.11537096201632943 @ webpack-internal:///(app-pages-browser)/./src/components/sections/FloatingGallery.tsx:410
[ 1850715ms] [LOG] FloatingGallery progress: 0.10862619808306709 @ webpack-internal:///(app-pages-browser)/./src/components/sections/FloatingGallery.tsx:410
[ 1850732ms] [LOG] FloatingGallery progress: 0.10063897763578275 @ webpack-internal:///(app-pages-browser)/./src/components/sections/FloatingGallery.tsx:410
[ 1850748ms] [LOG] FloatingGallery progress: 0.09318423855165069 @ webpack-internal:///(app-pages-browser)/./src/components/sections/FloatingGallery.tsx:410
[ 1850765ms] [LOG] FloatingGallery progress: 0.08679446219382321 @ webpack-internal:///(app-pages-browser)/./src/components/sections/FloatingGallery.tsx:410
[ 1850781ms] [LOG] FloatingGallery progress: 0.08040468583599573 @ webpack-internal:///(app-pages-browser)/./src/components/sections/FloatingGallery.tsx:410
[ 1850798ms] [LOG] FloatingGallery progress: 0.07490237841675541 @ webpack-internal:///(app-pages-browser)/./src/components/sections/FloatingGallery.tsx:410
[ 1850815ms] [LOG] FloatingGallery progress: 0.06957756478523251 @ webpack-internal:///(app-pages-browser)/./src/components/sections/FloatingGallery.tsx:410
[ 1850831ms] [LOG] FloatingGallery progress: 0.06460773872914448 @ webpack-internal:///(app-pages-browser)/./src/components/sections/FloatingGallery.tsx:410
[ 1850848ms] [LOG] FloatingGallery progress: 0.06017039403620873 @ webpack-internal:///(app-pages-browser)/./src/components/sections/FloatingGallery.tsx:410
[ 1850865ms] [LOG] FloatingGallery progress: 0.05591054313099041 @ webpack-internal:///(app-pages-browser)/./src/components/sections/FloatingGallery.tsx:410
[ 1850881ms] [LOG] FloatingGallery progress: 0.05200567980120696 @ webpack-internal:///(app-pages-browser)/./src/components/sections/FloatingGallery.tsx:410
[ 1850898ms] [LOG] FloatingGallery progress: 0.04863329783457579 @ webpack-internal:///(app-pages-browser)/./src/components/sections/FloatingGallery.tsx:410
[ 1850915ms] [LOG] FloatingGallery progress: 0.045260915867944625 @ webpack-internal:///(app-pages-browser)/./src/components/sections/FloatingGallery.tsx:410
[ 1850931ms] [LOG] FloatingGallery progress: 0.042243521476748314 @ webpack-internal:///(app-pages-browser)/./src/components/sections/FloatingGallery.tsx:410
[ 1850948ms] [LOG] FloatingGallery progress: 0.03958111466098686 @ webpack-internal:///(app-pages-browser)/./src/components/sections/FloatingGallery.tsx:410
[ 1850965ms] [LOG] FloatingGallery progress: 0.03691870784522542 @ webpack-internal:///(app-pages-browser)/./src/components/sections/FloatingGallery.tsx:410
[ 1850981ms] [LOG] FloatingGallery progress: 0.034433794817181396 @ webpack-internal:///(app-pages-browser)/./src/components/sections/FloatingGallery.tsx:410
[ 1850998ms] [LOG] FloatingGallery progress: 0.0308839190628328 @ webpack-internal:///(app-pages-browser)/./src/components/sections/FloatingGallery.tsx:410
[ 1851015ms] [LOG] FloatingGallery progress: 0.026446574369897054 @ webpack-internal:///(app-pages-browser)/./src/components/sections/FloatingGallery.tsx:410
[ 1851031ms] [LOG] FloatingGallery progress: 0.020589279375221866 @ webpack-internal:///(app-pages-browser)/./src/components/sections/FloatingGallery.tsx:410
[ 1851048ms] [LOG] FloatingGallery progress: 0.014022009229676962 @ webpack-internal:///(app-pages-browser)/./src/components/sections/FloatingGallery.tsx:410
[ 1851065ms] [LOG] FloatingGallery progress: 0.0067447639332623354 @ webpack-internal:///(app-pages-browser)/./src/components/sections/FloatingGallery.tsx:410
[ 1851081ms] [LOG] FloatingGallery progress: 0 @ webpack-internal:///(app-pages-browser)/./src/components/sections/FloatingGallery.tsx:410
[ 1852748ms] [LOG] FloatingGallery progress: 0.0001 @ webpack-internal:///(app-pages-browser)/./src/components/sections/FloatingGallery.tsx:410
[ 1852765ms] [LOG] FloatingGallery progress: 0.0008874689385871495 @ webpack-internal:///(app-pages-browser)/./src/components/sections/FloatingGallery.tsx:410
[ 1852782ms] [LOG] FloatingGallery progress: 0.0067447639332623354 @ webpack-internal:///(app-pages-browser)/./src/components/sections/FloatingGallery.tsx:410
[ 1852798ms] [LOG] FloatingGallery progress: 0.013667021654242101 @ webpack-internal:///(app-pages-browser)/./src/components/sections/FloatingGallery.tsx:410
[ 1852815ms] [LOG] FloatingGallery progress: 0.020944266950656727 @ webpack-internal:///(app-pages-browser)/./src/components/sections/FloatingGallery.tsx:410
[ 1852832ms] [LOG] FloatingGallery progress: 0.028221512247071354 @ webpack-internal:///(app-pages-browser)/./src/components/sections/FloatingGallery.tsx:410
[ 1852848ms] [LOG] FloatingGallery progress: 0.034433794817181396 @ webpack-internal:///(app-pages-browser)/./src/components/sections/FloatingGallery.tsx:410
[ 1852865ms] [LOG] FloatingGallery progress: 0.04046858359957402 @ webpack-internal:///(app-pages-browser)/./src/components/sections/FloatingGallery.tsx:410
[ 1852881ms] [LOG] FloatingGallery progress: 0.04614838480653177 @ webpack-internal:///(app-pages-browser)/./src/components/sections/FloatingGallery.tsx:410
[ 1852898ms] [LOG] FloatingGallery progress: 0.05129570465033724 @ webpack-internal:///(app-pages-browser)/./src/components/sections/FloatingGallery.tsx:410
[ 1852915ms] [LOG] FloatingGallery progress: 0.05591054313099041 @ webpack-internal:///(app-pages-browser)/./src/components/sections/FloatingGallery.tsx:410
[ 1852931ms] [LOG] FloatingGallery progress: 0.06034788782392616 @ webpack-internal:///(app-pages-browser)/./src/components/sections/FloatingGallery.tsx:410
[ 1852948ms] [LOG] FloatingGallery progress: 0.06425275115370963 @ webpack-internal:///(app-pages-browser)/./src/components/sections/FloatingGallery.tsx:410
[ 1852965ms] [LOG] FloatingGallery progress: 0.06798012069577565 @ webpack-internal:///(app-pages-browser)/./src/components/sections/FloatingGallery.tsx:410
[ 1852981ms] [LOG] FloatingGallery progress: 0.07152999645012424 @ webpack-internal:///(app-pages-browser)/./src/components/sections/FloatingGallery.tsx:410
[ 1852998ms] [LOG] FloatingGallery progress: 0.07472488462903798 @ webpack-internal:///(app-pages-browser)/./src/components/sections/FloatingGallery.tsx:410
[ 1853015ms] [LOG] FloatingGallery progress: 0.07756478523251686 @ webpack-internal:///(app-pages-browser)/./src/components/sections/FloatingGallery.tsx:410
[ 1853031ms] [LOG] FloatingGallery progress: 0.08022719204827831 @ webpack-internal:///(app-pages-browser)/./src/components/sections/FloatingGallery.tsx:410
[ 1853048ms] [LOG] FloatingGallery progress: 0.0825346112886049 @ webpack-internal:///(app-pages-browser)/./src/components/sections/FloatingGallery.tsx:410
[ 1853065ms] [LOG] FloatingGallery progress: 0.08626198083067092 @ webpack-internal:///(app-pages-browser)/./src/components/sections/FloatingGallery.tsx:410
[ 1853082ms] [LOG] FloatingGallery progress: 0.09123180688675896 @ webpack-internal:///(app-pages-browser)/./src/components/sections/FloatingGallery.tsx:410
[ 1853098ms] [LOG] FloatingGallery progress: 0.09708910188143414 @ webpack-internal:///(app-pages-browser)/./src/components/sections/FloatingGallery.tsx:410
[ 1853115ms] [LOG] FloatingGallery progress: 0.10347887823926162 @ webpack-internal:///(app-pages-browser)/./src/components/sections/FloatingGallery.tsx:410
[ 1853132ms] [LOG] FloatingGallery progress: 0.1111111111111111 @ webpack-internal:///(app-pages-browser)/./src/components/sections/FloatingGallery.tsx:410
[ 1853148ms] [LOG] FloatingGallery progress: 0.11767838125665601 @ webpack-internal:///(app-pages-browser)/./src/components/sections/FloatingGallery.tsx:410
[ 1853165ms] [LOG] FloatingGallery progress: 0.12424565140220092 @ webpack-internal:///(app-pages-browser)/./src/components/sections/FloatingGallery.tsx:410
[ 1853181ms] [LOG] FloatingGallery progress: 0.13028044018459353 @ webpack-internal:///(app-pages-browser)/./src/components/sections/FloatingGallery.tsx:410
[ 1853198ms] [LOG] FloatingGallery progress: 0.1359602413915513 @ webpack-internal:///(app-pages-browser)/./src/components/sections/FloatingGallery.tsx:410
[ 1853215ms] [LOG] FloatingGallery progress: 0.14075257365992191 @ webpack-internal:///(app-pages-browser)/./src/components/sections/FloatingGallery.tsx:410
[ 1853231ms] [LOG] FloatingGallery progress: 0.1455449059282925 @ webpack-internal:///(app-pages-browser)/./src/components/sections/FloatingGallery.tsx:410
[ 1853248ms] [LOG] FloatingGallery progress: 0.1496272630457934 @ webpack-internal:///(app-pages-browser)/./src/components/sections/FloatingGallery.tsx:410
[ 1853265ms] [LOG] FloatingGallery progress: 0.15370962016329429 @ webpack-internal:///(app-pages-browser)/./src/components/sections/FloatingGallery.tsx:410
[ 1853282ms] [LOG] FloatingGallery progress: 0.15743698970536033 @ webpack-internal:///(app-pages-browser)/./src/components/sections/FloatingGallery.tsx:410
[ 1853298ms] [LOG] FloatingGallery progress: 0.16080937167199147 @ webpack-internal:///(app-pages-browser)/./src/components/sections/FloatingGallery.tsx:410
[ 1853315ms] [LOG] FloatingGallery progress: 0.1638267660631878 @ webpack-internal:///(app-pages-browser)/./src/components/sections/FloatingGallery.tsx:410
[ 1853332ms] [LOG] FloatingGallery progress: 0.16666666666666666 @ webpack-internal:///(app-pages-browser)/./src/components/sections/FloatingGallery.tsx:410
[ 1853348ms] [LOG] FloatingGallery progress: 0.16932907348242812 @ webpack-internal:///(app-pages-browser)/./src/components/sections/FloatingGallery.tsx:410
[ 1853365ms] [LOG] FloatingGallery progress: 0.17181398651047214 @ webpack-internal:///(app-pages-browser)/./src/components/sections/FloatingGallery.tsx:410
[ 1853381ms] [LOG] FloatingGallery progress: 0.17412140575079874 @ webpack-internal:///(app-pages-browser)/./src/components/sections/FloatingGallery.tsx:410
[ 1853398ms] [LOG] FloatingGallery progress: 0.17607383741569044 @ webpack-internal:///(app-pages-browser)/./src/components/sections/FloatingGallery.tsx:410
[ 1853415ms] [LOG] FloatingGallery progress: 0.17802626908058217 @ webpack-internal:///(app-pages-browser)/./src/components/sections/FloatingGallery.tsx:410
[ 1853432ms] [LOG] FloatingGallery progress: 0.18122115725949592 @ webpack-internal:///(app-pages-browser)/./src/components/sections/FloatingGallery.tsx:410
[ 1853448ms] [LOG] FloatingGallery progress: 0.18565850195243166 @ webpack-internal:///(app-pages-browser)/./src/components/sections/FloatingGallery.tsx:410
[ 1853465ms] [LOG] FloatingGallery progress: 0.19080582179623712 @ webpack-internal:///(app-pages-browser)/./src/components/sections/FloatingGallery.tsx:410
[ 1853482ms] [LOG] FloatingGallery progress: 0.1971955981540646 @ webpack-internal:///(app-pages-browser)/./src/components/sections/FloatingGallery.tsx:410
[ 1853498ms] [LOG] FloatingGallery progress: 0.20447284345047922 @ webpack-internal:///(app-pages-browser)/./src/components/sections/FloatingGallery.tsx:410
[ 1853515ms] [LOG] FloatingGallery progress: 0.21068512602058928 @ webpack-internal:///(app-pages-browser)/./src/components/sections/FloatingGallery.tsx:410
[ 1853531ms] [LOG] FloatingGallery progress: 0.21689740859069934 @ webpack-internal:///(app-pages-browser)/./src/components/sections/FloatingGallery.tsx:410
[ 1853548ms] [LOG] FloatingGallery progress: 0.22275470358537452 @ webpack-internal:///(app-pages-browser)/./src/components/sections/FloatingGallery.tsx:410
[ 1853565ms] [LOG] FloatingGallery progress: 0.22772452964146256 @ webpack-internal:///(app-pages-browser)/./src/components/sections/FloatingGallery.tsx:410
[ 1853581ms] [LOG] FloatingGallery progress: 0.23251686190983314 @ webpack-internal:///(app-pages-browser)/./src/components/sections/FloatingGallery.tsx:410
[ 1853598ms] [LOG] FloatingGallery progress: 0.23713170039048634 @ webpack-internal:///(app-pages-browser)/./src/components/sections/FloatingGallery.tsx:410
[ 1853615ms] [LOG] FloatingGallery progress: 0.2410365637202698 @ webpack-internal:///(app-pages-browser)/./src/components/sections/FloatingGallery.tsx:410
[ 1853632ms] [LOG] FloatingGallery progress: 0.2447639332623358 @ webpack-internal:///(app-pages-browser)/./src/components/sections/FloatingGallery.tsx:410
[ 1853648ms] [LOG] FloatingGallery progress: 0.24831380901668443 @ webpack-internal:///(app-pages-browser)/./src/components/sections/FloatingGallery.tsx:410
[ 1853665ms] [LOG] FloatingGallery progress: 0.25150869719559815 @ webpack-internal:///(app-pages-browser)/./src/components/sections/FloatingGallery.tsx:410
[ 1853681ms] [LOG] FloatingGallery progress: 0.25452609158679446 @ webpack-internal:///(app-pages-browser)/./src/components/sections/FloatingGallery.tsx:410
[ 1853698ms] [LOG] FloatingGallery progress: 0.2571884984025559 @ webpack-internal:///(app-pages-browser)/./src/components/sections/FloatingGallery.tsx:410
[ 1853715ms] [LOG] FloatingGallery progress: 0.2596734114305999 @ webpack-internal:///(app-pages-browser)/./src/components/sections/FloatingGallery.tsx:410
[ 1853732ms] [LOG] FloatingGallery progress: 0.26340078097266595 @ webpack-internal:///(app-pages-browser)/./src/components/sections/FloatingGallery.tsx:410
[ 1853748ms] [LOG] FloatingGallery progress: 0.268370607028754 @ webpack-internal:///(app-pages-browser)/./src/components/sections/FloatingGallery.tsx:410
[ 1853765ms] [LOG] FloatingGallery progress: 0.27387291444799433 @ webpack-internal:///(app-pages-browser)/./src/components/sections/FloatingGallery.tsx:410
[ 1853782ms] [LOG] FloatingGallery progress: 0.2806176783812567 @ webpack-internal:///(app-pages-browser)/./src/components/sections/FloatingGallery.tsx:410
[ 1853798ms] [LOG] FloatingGallery progress: 0.2870074547390841 @ webpack-internal:///(app-pages-browser)/./src/components/sections/FloatingGallery.tsx:410
[ 1853815ms] [LOG] FloatingGallery progress: 0.29250976215832447 @ webpack-internal:///(app-pages-browser)/./src/components/sections/FloatingGallery.tsx:410
[ 1853831ms] [LOG] FloatingGallery progress: 0.29783457578984734 @ webpack-internal:///(app-pages-browser)/./src/components/sections/FloatingGallery.tsx:410
[ 1853848ms] [LOG] FloatingGallery progress: 0.30244941427050054 @ webpack-internal:///(app-pages-browser)/./src/components/sections/FloatingGallery.tsx:410
[ 1853865ms] [LOG] FloatingGallery progress: 0.30706425275115373 @ webpack-internal:///(app-pages-browser)/./src/components/sections/FloatingGallery.tsx:410
[ 1853881ms] [LOG] FloatingGallery progress: 0.31132410365637203 @ webpack-internal:///(app-pages-browser)/./src/components/sections/FloatingGallery.tsx:410
[ 1853898ms] [LOG] FloatingGallery progress: 0.31505147319843807 @ webpack-internal:///(app-pages-browser)/./src/components/sections/FloatingGallery.tsx:410
[ 1853915ms] [LOG] FloatingGallery progress: 0.31860134895278663 @ webpack-internal:///(app-pages-browser)/./src/components/sections/FloatingGallery.tsx:410
[ 1853931ms] [LOG] FloatingGallery progress: 0.32197373091941783 @ webpack-internal:///(app-pages-browser)/./src/components/sections/FloatingGallery.tsx:410
[ 1853948ms] [LOG] FloatingGallery progress: 0.3248136315228967 @ webpack-internal:///(app-pages-browser)/./src/components/sections/FloatingGallery.tsx:410
[ 1853965ms] [LOG] FloatingGallery progress: 0.3276535321263756 @ webpack-internal:///(app-pages-browser)/./src/components/sections/FloatingGallery.tsx:410
[ 1853981ms] [LOG] FloatingGallery progress: 0.330315938942137 @ webpack-internal:///(app-pages-browser)/./src/components/sections/FloatingGallery.tsx:410
[ 1853998ms] [LOG] FloatingGallery progress: 0.33244586439474616 @ webpack-internal:///(app-pages-browser)/./src/components/sections/FloatingGallery.tsx:410
[ 1854015ms] [LOG] FloatingGallery progress: 0.3361732339368122 @ webpack-internal:///(app-pages-browser)/./src/components/sections/FloatingGallery.tsx:410
[ 1854032ms] [LOG] FloatingGallery progress: 0.3409655662051828 @ webpack-internal:///(app-pages-browser)/./src/components/sections/FloatingGallery.tsx:410
[ 1854048ms] [LOG] FloatingGallery progress: 0.3466453674121406 @ webpack-internal:///(app-pages-browser)/./src/components/sections/FloatingGallery.tsx:410
[ 1854065ms] [LOG] FloatingGallery progress: 0.35303514376996803 @ webpack-internal:///(app-pages-browser)/./src/components/sections/FloatingGallery.tsx:410
[ 1854082ms] [LOG] FloatingGallery progress: 0.3590699325523607 @ webpack-internal:///(app-pages-browser)/./src/components/sections/FloatingGallery.tsx:410
[ 1854098ms] [LOG] FloatingGallery progress: 0.3661696840610579 @ webpack-internal:///(app-pages-browser)/./src/components/sections/FloatingGallery.tsx:410
[ 1854115ms] [LOG] FloatingGallery progress: 0.3723819666311679 @ webpack-internal:///(app-pages-browser)/./src/components/sections/FloatingGallery.tsx:410
[ 1854132ms] [LOG] FloatingGallery progress: 0.3784167554135605 @ webpack-internal:///(app-pages-browser)/./src/components/sections/FloatingGallery.tsx:410
[ 1854148ms] [LOG] FloatingGallery progress: 0.3840965566205183 @ webpack-internal:///(app-pages-browser)/./src/components/sections/FloatingGallery.tsx:410
[ 1854165ms] [LOG] FloatingGallery progress: 0.3888888888888889 @ webpack-internal:///(app-pages-browser)/./src/components/sections/FloatingGallery.tsx:410
[ 1854182ms] [LOG] FloatingGallery progress: 0.3936812211572595 @ webpack-internal:///(app-pages-browser)/./src/components/sections/FloatingGallery.tsx:410
[ 1854198ms] [LOG] FloatingGallery progress: 0.3981185658501952 @ webpack-internal:///(app-pages-browser)/./src/components/sections/FloatingGallery.tsx:410
[ 1854215ms] [LOG] FloatingGallery progress: 0.40184593539226127 @ webpack-internal:///(app-pages-browser)/./src/components/sections/FloatingGallery.tsx:410
[ 1854231ms] [LOG] FloatingGallery progress: 0.4055733049343273 @ webpack-internal:///(app-pages-browser)/./src/components/sections/FloatingGallery.tsx:410
[ 1854248ms] [LOG] FloatingGallery progress: 0.40894568690095845 @ webpack-internal:///(app-pages-browser)/./src/components/sections/FloatingGallery.tsx:410
[ 1854265ms] [LOG] FloatingGallery progress: 0.41214057507987223 @ webpack-internal:///(app-pages-browser)/./src/components/sections/FloatingGallery.tsx:410
[ 1854281ms] [LOG] FloatingGallery progress: 0.41515796947106853 @ webpack-internal:///(app-pages-browser)/./src/components/sections/FloatingGallery.tsx:410
[ 1854298ms] [LOG] FloatingGallery progress: 0.4176428824991125 @ webpack-internal:///(app-pages-browser)/./src/components/sections/FloatingGallery.tsx:410
[ 1854315ms] [LOG] FloatingGallery progress: 0.42012779552715657 @ webpack-internal:///(app-pages-browser)/./src/components/sections/FloatingGallery.tsx:410
[ 1854331ms] [LOG] FloatingGallery progress: 0.42243521476748314 @ webpack-internal:///(app-pages-browser)/./src/components/sections/FloatingGallery.tsx:410
[ 1854349ms] [LOG] FloatingGallery progress: 0.4245651402200923 @ webpack-internal:///(app-pages-browser)/./src/components/sections/FloatingGallery.tsx:410
[ 1854365ms] [LOG] FloatingGallery progress: 0.426517571884984 @ webpack-internal:///(app-pages-browser)/./src/components/sections/FloatingGallery.tsx:410
[ 1854381ms] [LOG] FloatingGallery progress: 0.4282925097621583 @ webpack-internal:///(app-pages-browser)/./src/components/sections/FloatingGallery.tsx:410
[ 1854398ms] [LOG] FloatingGallery progress: 0.4298899538516152 @ webpack-internal:///(app-pages-browser)/./src/components/sections/FloatingGallery.tsx:410
[ 1854415ms] [LOG] FloatingGallery progress: 0.43148739794107205 @ webpack-internal:///(app-pages-browser)/./src/components/sections/FloatingGallery.tsx:410
[ 1854431ms] [LOG] FloatingGallery progress: 0.4329073482428115 @ webpack-internal:///(app-pages-browser)/./src/components/sections/FloatingGallery.tsx:410
[ 1854448ms] [LOG] FloatingGallery progress: 0.4341498047568335 @ webpack-internal:///(app-pages-browser)/./src/components/sections/FloatingGallery.tsx:410
[ 1854465ms] [LOG] FloatingGallery progress: 0.4353922612708555 @ webpack-internal:///(app-pages-browser)/./src/components/sections/FloatingGallery.tsx:410
[ 1854481ms] [LOG] FloatingGallery progress: 0.4364572239971601 @ webpack-internal:///(app-pages-browser)/./src/components/sections/FloatingGallery.tsx:410
[ 1854498ms] [LOG] FloatingGallery progress: 0.43752218672346466 @ webpack-internal:///(app-pages-browser)/./src/components/sections/FloatingGallery.tsx:410
[ 1854515ms] [LOG] FloatingGallery progress: 0.4384096556620518 @ webpack-internal:///(app-pages-browser)/./src/components/sections/FloatingGallery.tsx:410
[ 1854525ms] [LOG] [Fast Refresh] rebuilding @ webpack-internal:///(app-pages-browser)/./node_modules/next/dist/client/components/react-dev-overlay/app/hot-reloader-client.js:239
[ 1854531ms] [LOG] FloatingGallery progress: 0.43929712460063897 @ webpack-internal:///(app-pages-browser)/./src/components/sections/FloatingGallery.tsx:410
[ 1854548ms] [LOG] FloatingGallery progress: 0.4400070997515087 @ webpack-internal:///(app-pages-browser)/./src/components/sections/FloatingGallery.tsx:410
[ 1854565ms] [LOG] FloatingGallery progress: 0.44089456869009586 @ webpack-internal:///(app-pages-browser)/./src/components/sections/FloatingGallery.tsx:410
[ 1854581ms] [LOG] FloatingGallery progress: 0.4416045438409656 @ webpack-internal:///(app-pages-browser)/./src/components/sections/FloatingGallery.tsx:410
[ 1854598ms] [LOG] FloatingGallery progress: 0.44213702520411785 @ webpack-internal:///(app-pages-browser)/./src/components/sections/FloatingGallery.tsx:410
[ 1854615ms] [LOG] FloatingGallery progress: 0.44266950656727017 @ webpack-internal:///(app-pages-browser)/./src/components/sections/FloatingGallery.tsx:410
[ 1854631ms] [LOG] FloatingGallery progress: 0.44337948171813985 @ webpack-internal:///(app-pages-browser)/./src/components/sections/FloatingGallery.tsx:410
[ 1854648ms] [LOG] FloatingGallery progress: 0.44373446929357474 @ webpack-internal:///(app-pages-browser)/./src/components/sections/FloatingGallery.tsx:410
[ 1854665ms] [LOG] FloatingGallery progress: 0.444266950656727 @ webpack-internal:///(app-pages-browser)/./src/components/sections/FloatingGallery.tsx:410
[ 1854681ms] [LOG] FloatingGallery progress: 0.4446219382321619 @ webpack-internal:///(app-pages-browser)/./src/components/sections/FloatingGallery.tsx:410
[ 1854698ms] [LOG] FloatingGallery progress: 0.44497692580759673 @ webpack-internal:///(app-pages-browser)/./src/components/sections/FloatingGallery.tsx:410
[ 1854715ms] [LOG] FloatingGallery progress: 0.44550940717074905 @ webpack-internal:///(app-pages-browser)/./src/components/sections/FloatingGallery.tsx:410
[ 1854731ms] [LOG] FloatingGallery progress: 0.44568690095846647 @ webpack-internal:///(app-pages-browser)/./src/components/sections/FloatingGallery.tsx:410
[ 1854748ms] [LOG] FloatingGallery progress: 0.4460418885339013 @ webpack-internal:///(app-pages-browser)/./src/components/sections/FloatingGallery.tsx:410
[ 1854765ms] [LOG] FloatingGallery progress: 0.44639687610933615 @ webpack-internal:///(app-pages-browser)/./src/components/sections/FloatingGallery.tsx:410
[ 1854781ms] [LOG] FloatingGallery progress: 0.4465743698970536 @ webpack-internal:///(app-pages-browser)/./src/components/sections/FloatingGallery.tsx:410
[ 1854798ms] [LOG] FloatingGallery progress: 0.44692935747248846 @ webpack-internal:///(app-pages-browser)/./src/components/sections/FloatingGallery.tsx:410
[ 1854815ms] [LOG] FloatingGallery progress: 0.4471068512602059 @ webpack-internal:///(app-pages-browser)/./src/components/sections/FloatingGallery.tsx:410
[ 1854831ms] [LOG] FloatingGallery progress: 0.4472843450479233 @ webpack-internal:///(app-pages-browser)/./src/components/sections/FloatingGallery.tsx:410
[ 1854848ms] [LOG] FloatingGallery progress: 0.4474618388356408 @ webpack-internal:///(app-pages-browser)/./src/components/sections/FloatingGallery.tsx:410
[ 1854865ms] [LOG] FloatingGallery progress: 0.4476393326233582 @ webpack-internal:///(app-pages-browser)/./src/components/sections/FloatingGallery.tsx:410
[ 1854881ms] [LOG] FloatingGallery progress: 0.4478168264110756 @ webpack-internal:///(app-pages-browser)/./src/components/sections/FloatingGallery.tsx:410
[ 1854898ms] [LOG] FloatingGallery progress: 0.44799432019879304 @ webpack-internal:///(app-pages-browser)/./src/components/sections/FloatingGallery.tsx:410
[ 1854915ms] [LOG] FloatingGallery progress: 0.44817181398651046 @ webpack-internal:///(app-pages-browser)/./src/components/sections/FloatingGallery.tsx:410
[ 1854948ms] [LOG] FloatingGallery progress: 0.4483493077742279 @ webpack-internal:///(app-pages-browser)/./src/components/sections/FloatingGallery.tsx:410
[ 1854965ms] [LOG] FloatingGallery progress: 0.44852680156194535 @ webpack-internal:///(app-pages-browser)/./src/components/sections/FloatingGallery.tsx:410
[ 1854998ms] [LOG] FloatingGallery progress: 0.4487042953496628 @ webpack-internal:///(app-pages-browser)/./src/components/sections/FloatingGallery.tsx:410
[ 1855006ms] [LOG] [Fast Refresh] done in 481ms @ webpack-internal:///(app-pages-browser)/./node_modules/next/dist/client/components/react-dev-overlay/app/hot-reloader-client.js:66
[ 1855031ms] [LOG] FloatingGallery progress: 0.4488817891373802 @ webpack-internal:///(app-pages-browser)/./src/components/sections/FloatingGallery.tsx:410
[ 1855081ms] [LOG] FloatingGallery progress: 0.4490592829250976 @ webpack-internal:///(app-pages-browser)/./src/components/sections/FloatingGallery.tsx:410
[ 1855131ms] [LOG] FloatingGallery progress: 0.44923677671281503 @ webpack-internal:///(app-pages-browser)/./src/components/sections/FloatingGallery.tsx:410
[ 1855198ms] [LOG] FloatingGallery progress: 0.4494142705005325 @ webpack-internal:///(app-pages-browser)/./src/components/sections/FloatingGallery.tsx:410
[ 1855298ms] [LOG] FloatingGallery progress: 0.44959176428824993 @ webpack-internal:///(app-pages-browser)/./src/components/sections/FloatingGallery.tsx:410
[ 1855565ms] [LOG] FloatingGallery progress: 0.44976925807596735 @ webpack-internal:///(app-pages-browser)/./src/components/sections/FloatingGallery.tsx:410
[ 1858473ms] [WARNING] The resource http://localhost:3000/_next/image?url=%2Flogo%2Flogo.webp&w=384&q=75 was preloaded using link preload but not used within a few seconds from the window's load event. Please make sure it has an appropriate `as` value and it is preloaded intentionally. @ http://localhost:3000/:0
[ 1858473ms] [WARNING] The resource http://localhost:3000/_next/image?url=%2Fbest%20shots%2FProduct%20image%2Fproduct-molton-brown.webp&w=3840&q=75 was preloaded using link preload but not used within a few seconds from the window's load event. Please make sure it has an appropriate `as` value and it is preloaded intentionally. @ http://localhost:3000/:0
[ 1858473ms] [WARNING] The resource http://localhost:3000/_next/static/css/app/page.css?v=1780900988319 was preloaded using link preload but not used within a few seconds from the window's load event. Please make sure it has an appropriate `as` value and it is preloaded intentionally. @ http://localhost:3000/:0
[ 1858473ms] [WARNING] The resource http://localhost:3000/_next/static/css/app/layout.css?v=1780900988319 was preloaded using link preload but not used within a few seconds from the window's load event. Please make sure it has an appropriate `as` value and it is preloaded intentionally. @ http://localhost:3000/:0
[ 1871102ms] [INFO] %cDownload the React DevTools for a better development experience: https://react.dev/link/react-devtools font-weight:bold @ webpack-internal:///(app-pages-browser)/./node_modules/next/dist/compiled/react-dom/cjs/react-dom-client.development.js:24514
[ 1871240ms] [LOG] SectionRef: JSHandle@node @ webpack-internal:///(app-pages-browser)/./src/components/sections/FloatingGallery.tsx:230
[ 1871271ms] [WARNING] Image with src "/logo/logo.webp" has either width or height modified, but not the other. If you use CSS to change the size of your image, also include the styles 'width: "auto"' or 'height: "auto"' to maintain the aspect ratio. @ webpack-internal:///(app-pages-browser)/./node_modules/next/dist/shared/lib/utils/warn-once.js:15
[ 1874287ms] [WARNING] The resource http://localhost:3000/_next/image?url=%2Fbest%20shots%2FProduct%20image%2Fproduct-molton-brown.webp&w=3840&q=75 was preloaded using link preload but not used within a few seconds from the window's load event. Please make sure it has an appropriate `as` value and it is preloaded intentionally. @ http://localhost:3000/:0
[ 1874288ms] [WARNING] The resource http://localhost:3000/_next/image?url=%2Flogo%2Flogo.webp&w=384&q=75 was preloaded using link preload but not used within a few seconds from the window's load event. Please make sure it has an appropriate `as` value and it is preloaded intentionally. @ http://localhost:3000/:0
[ 1890803ms] [WARNING] The resource http://localhost:3000/_next/image?url=%2Fbest%20shots%2FProduct%20image%2Fproduct-molton-brown.webp&w=3840&q=75 was preloaded using link preload but not used within a few seconds from the window's load event. Please make sure it has an appropriate `as` value and it is preloaded intentionally. @ http://localhost:3000/:0
[ 1890803ms] [WARNING] The resource http://localhost:3000/_next/image?url=%2Flogo%2Flogo.webp&w=384&q=75 was preloaded using link preload but not used within a few seconds from the window's load event. Please make sure it has an appropriate `as` value and it is preloaded intentionally. @ http://localhost:3000/:0
[ 1941108ms] [LOG] [Fast Refresh] rebuilding @ webpack-internal:///(app-pages-browser)/./node_modules/next/dist/client/components/react-dev-overlay/app/hot-reloader-client.js:239
[ 1941446ms] [LOG] [Fast Refresh] done in 338ms @ webpack-internal:///(app-pages-browser)/./node_modules/next/dist/client/components/react-dev-overlay/app/hot-reloader-client.js:66
[ 1944528ms] [WARNING] The resource http://localhost:3000/_next/image?url=%2Fbest%20shots%2FProduct%20image%2Fproduct-molton-brown.webp&w=3840&q=75 was preloaded using link preload but not used within a few seconds from the window's load event. Please make sure it has an appropriate `as` value and it is preloaded intentionally. @ http://localhost:3000/:0
[ 1944528ms] [WARNING] The resource http://localhost:3000/_next/image?url=%2Flogo%2Flogo.webp&w=384&q=75 was preloaded using link preload but not used within a few seconds from the window's load event. Please make sure it has an appropriate `as` value and it is preloaded intentionally. @ http://localhost:3000/:0
[ 1960605ms] [LOG] [Fast Refresh] rebuilding @ webpack-internal:///(app-pages-browser)/./node_modules/next/dist/client/components/react-dev-overlay/app/hot-reloader-client.js:239
[ 1961131ms] [ERROR] %o

%s

%s
 NotFoundError: Failed to execute 'removeChild' on 'Node': The node to be removed is not a child of this node.
    at removeChild (webpack-internal:///(app-pages-browser)/./node_modules/next/dist/compiled/react-dom/cjs/react-dom-client.development.js:18991:22)
    at runWithFiberInDEV (webpack-internal:///(app-pages-browser)/./node_modules/next/dist/compiled/react-dom/cjs/react-dom-client.development.js:544:16)
    at commitDeletionEffectsOnFiber (webpack-internal:///(app-pages-browser)/./node_modules/next/dist/compiled/react-dom/cjs/react-dom-client.development.js:11694:17)
    at recursivelyTraverseMutationEffects (webpack-internal:///(app-pages-browser)/./node_modules/next/dist/compiled/react-dom/cjs/react-dom-client.development.js:11894:11)
    at commitMutationEffectsOnFiber (webpack-internal:///(app-pages-browser)/./node_modules/next/dist/compiled/react-dom/cjs/react-dom-client.development.js:12139:11)
    at recursivelyTraverseMutationEffects (webpack-internal:///(app-pages-browser)/./node_modules/next/dist/compiled/react-dom/cjs/react-dom-client.development.js:11904:11)
    at commitMutationEffectsOnFiber (webpack-internal:///(app-pages-browser)/./node_modules/next/dist/compiled/react-dom/cjs/react-dom-client.development.js:12139:11)
    at recursivelyTraverseMutationEffects (webpack-internal:///(app-pages-browser)/./node_modules/next/dist/compiled/react-dom/cjs/react-dom-client.development.js:11904:11)
    at commitMutationEffectsOnFiber (webpack-internal:///(app-pages-browser)/./node_modules/next/dist/compiled/react-dom/cjs/react-dom-client.development.js:12139:11)
    at recursivelyTraverseMutationEffects (webpack-internal:///(app-pages-browser)/./node_modules/next/dist/compiled/react-dom/cjs/react-dom-client.development.js:11904:11)
    at commitMutationEffectsOnFiber (webpack-internal:///(app-pages-browser)/./node_modules/next/dist/compiled/react-dom/cjs/react-dom-client.development.js:12139:11)
    at recursivelyTraverseMutationEffects (webpack-internal:///(app-pages-browser)/./node_modules/next/dist/compiled/react-dom/cjs/react-dom-client.development.js:11904:11)
    at commitMutationEffectsOnFiber (webpack-internal:///(app-pages-browser)/./node_modules/next/dist/compiled/react-dom/cjs/react-dom-client.development.js:11915:11)
    at recursivelyTraverseMutationEffects (webpack-internal:///(app-pages-browser)/./node_modules/next/dist/compiled/react-dom/cjs/react-dom-client.development.js:11904:11)
    at commitMutationEffectsOnFiber (webpack-internal:///(app-pages-browser)/./node_modules/next/dist/compiled/react-dom/cjs/react-dom-client.development.js:12139:11)
    at recursivelyTraverseMutationEffects (webpack-internal:///(app-pages-browser)/./node_modules/next/dist/compiled/react-dom/cjs/react-dom-client.development.js:11904:11)
    at commitMutationEffectsOnFiber (webpack-internal:///(app-pages-browser)/./node_modules/next/dist/compiled/react-dom/cjs/react-dom-client.development.js:12362:11)
    at recursivelyTraverseMutationEffects (webpack-internal:///(app-pages-browser)/./node_modules/next/dist/compiled/react-dom/cjs/react-dom-client.development.js:11904:11)
    at commitMutationEffectsOnFiber (webpack-internal:///(app-pages-browser)/./node_modules/next/dist/compiled/react-dom/cjs/react-dom-client.development.js:12362:11)
    at recursivelyTraverseMutationEffects (webpack-internal:///(app-pages-browser)/./node_modules/next/dist/compiled/react-dom/cjs/react-dom-client.development.js:11904:11)
    at commitMutationEffectsOnFiber (webpack-internal:///(app-pages-browser)/./node_modules/next/dist/compiled/react-dom/cjs/react-dom-client.development.js:11915:11)
    at recursivelyTraverseMutationEffects (webpack-internal:///(app-pages-browser)/./node_modules/next/dist/compiled/react-dom/cjs/react-dom-client.development.js:11904:11)
    at commitMutationEffectsOnFiber (webpack-internal:///(app-pages-browser)/./node_modules/next/dist/compiled/react-dom/cjs/react-dom-client.development.js:11931:11)
    at recursivelyTraverseMutationEffects (webpack-internal:///(app-pages-browser)/./node_modules/next/dist/compiled/react-dom/cjs/react-dom-client.development.js:11904:11)
    at commitMutationEffectsOnFiber (webpack-internal:///(app-pages-browser)/./node_modules/next/dist/compiled/react-dom/cjs/react-dom-client.development.js:11915:11)
    at recursivelyTraverseMutationEffects (webpack-internal:///(app-pages-browser)/./node_modules/next/dist/compiled/react-dom/cjs/react-dom-client.development.js:11904:11)
    at commitMutationEffectsOnFiber (webpack-internal:///(app-pages-browser)/./node_modules/next/dist/compiled/react-dom/cjs/react-dom-client.development.js:11931:11)
    at recursivelyTraverseMutationEffects (webpack-internal:///(app-pages-browser)/./node_modules/next/dist/compiled/react-dom/cjs/react-dom-client.development.js:11904:11)
    at commitMutationEffectsOnFiber (webpack-internal:///(app-pages-browser)/./node_modules/next/dist/compiled/react-dom/cjs/react-dom-client.development.js:11915:11)
    at recursivelyTraverseMutationEffects (webpack-internal:///(app-pages-browser)/./node_modules/next/dist/compiled/react-dom/cjs/react-dom-client.development.js:11904:11)
    at commitMutationEffectsOnFiber (webpack-internal:///(app-pages-browser)/./node_modules/next/dist/compiled/react-dom/cjs/react-dom-client.development.js:11915:11)
    at recursivelyTraverseMutationEffects (webpack-internal:///(app-pages-browser)/./node_modules/next/dist/compiled/react-dom/cjs/react-dom-client.development.js:11904:11)
    at commitMutationEffectsOnFiber (webpack-internal:///(app-pages-browser)/./node_modules/next/dist/compiled/react-dom/cjs/react-dom-client.development.js:11915:11)
    at recursivelyTraverseMutationEffects (webpack-internal:///(app-pages-browser)/./node_modules/next/dist/compiled/react-dom/cjs/react-dom-client.development.js:11904:11)
    at commitMutationEffectsOnFiber (webpack-internal:///(app-pages-browser)/./node_modules/next/dist/compiled/react-dom/cjs/react-dom-client.development.js:11931:11)
    at recursivelyTraverseMutationEffects (webpack-internal:///(app-pages-browser)/./node_modules/next/dist/compiled/react-dom/cjs/react-dom-client.development.js:11904:11)
    at commitMutationEffectsOnFiber (webpack-internal:///(app-pages-browser)/./node_modules/next/dist/compiled/react-dom/cjs/react-dom-client.development.js:11915:11)
    at recursivelyTraverseMutationEffects (webpack-internal:///(app-pages-browser)/./node_modules/next/dist/compiled/react-dom/cjs/react-dom-client.development.js:11904:11)
    at commitMutationEffectsOnFiber (webpack-internal:///(app-pages-browser)/./node_modules/next/dist/compiled/react-dom/cjs/react-dom-client.development.js:11915:11)
    at recursivelyTraverseMutationEffects (webpack-internal:///(app-pages-browser)/./node_modules/next/dist/compiled/react-dom/cjs/react-dom-client.development.js:11904:11)
    at commitMutationEffectsOnFiber (webpack-internal:///(app-pages-browser)/./node_modules/next/dist/compiled/react-dom/cjs/react-dom-client.development.js:12362:11)
    at recursivelyTraverseMutationEffects (webpack-internal:///(app-pages-browser)/./node_modules/next/dist/compiled/react-dom/cjs/react-dom-client.development.js:11904:11)
    at commitMutationEffectsOnFiber (webpack-internal:///(app-pages-browser)/./node_modules/next/dist/compiled/react-dom/cjs/react-dom-client.development.js:11915:11)
    at recursivelyTraverseMutationEffects (webpack-internal:///(app-pages-browser)/./node_modules/next/dist/compiled/react-dom/cjs/react-dom-client.development.js:11904:11)
    at commitMutationEffectsOnFiber (webpack-internal:///(app-pages-browser)/./node_modules/next/dist/compiled/react-dom/cjs/react-dom-client.development.js:11915:11)
    at recursivelyTraverseMutationEffects (webpack-internal:///(app-pages-browser)/./node_modules/next/dist/compiled/react-dom/cjs/react-dom-client.development.js:11904:11)
    at commitMutationEffectsOnFiber (webpack-internal:///(app-pages-browser)/./node_modules/next/dist/compiled/react-dom/cjs/react-dom-client.development.js:12139:11)
    at recursivelyTraverseMutationEffects (webpack-internal:///(app-pages-browser)/./node_modules/next/dist/compiled/react-dom/cjs/react-dom-client.development.js:11904:11)
    at commitMutationEffectsOnFiber (webpack-internal:///(app-pages-browser)/./node_modules/next/dist/compiled/react-dom/cjs/react-dom-client.development.js:12139:11)
    at recursivelyTraverseMutationEffects (webpack-internal:///(app-pages-browser)/./node_modules/next/dist/compiled/react-dom/cjs/react-dom-client.development.js:11904:11) The above error occurred in the <NotFoundErrorBoundary> component. React will try to recreate this component tree from scratch using the error boundary you provided, ReactDevOverlay. @ webpack-internal:///(app-pages-browser)/./node_modules/next/dist/client/components/globals/intercept-console-error.js:28
[ 1961154ms] [WARNING] [Fast Refresh] performing full reload because your application had an unrecoverable error @ webpack-internal:///(app-pages-browser)/./node_modules/next/dist/client/components/react-dev-overlay/app/hot-reloader-client.js:139
[ 1962257ms] [INFO] %cDownload the React DevTools for a better development experience: https://react.dev/link/react-devtools font-weight:bold @ webpack-internal:///(app-pages-browser)/./node_modules/next/dist/compiled/react-dom/cjs/react-dom-client.development.js:24514
[ 1962373ms] [LOG] SectionRef: JSHandle@node @ webpack-internal:///(app-pages-browser)/./src/components/sections/FloatingGallery.tsx:230
[ 1962403ms] [WARNING] Image with src "/logo/logo.webp" has either width or height modified, but not the other. If you use CSS to change the size of your image, also include the styles 'width: "auto"' or 'height: "auto"' to maintain the aspect ratio. @ webpack-internal:///(app-pages-browser)/./node_modules/next/dist/shared/lib/utils/warn-once.js:15
[ 1965696ms] [WARNING] The resource http://localhost:3000/_next/image?url=%2Fbest%20shots%2FProduct%20image%2Fproduct-molton-brown.webp&w=3840&q=75 was preloaded using link preload but not used within a few seconds from the window's load event. Please make sure it has an appropriate `as` value and it is preloaded intentionally. @ http://localhost:3000/:0
[ 1965696ms] [WARNING] The resource http://localhost:3000/_next/image?url=%2Flogo%2Flogo.webp&w=384&q=75 was preloaded using link preload but not used within a few seconds from the window's load event. Please make sure it has an appropriate `as` value and it is preloaded intentionally. @ http://localhost:3000/:0
[ 1970374ms] [WARNING] The resource http://localhost:3000/_next/image?url=%2Fbest%20shots%2FProduct%20image%2Fproduct-molton-brown.webp&w=3840&q=75 was preloaded using link preload but not used within a few seconds from the window's load event. Please make sure it has an appropriate `as` value and it is preloaded intentionally. @ http://localhost:3000/:0
[ 1970374ms] [WARNING] The resource http://localhost:3000/_next/image?url=%2Flogo%2Flogo.webp&w=384&q=75 was preloaded using link preload but not used within a few seconds from the window's load event. Please make sure it has an appropriate `as` value and it is preloaded intentionally. @ http://localhost:3000/:0
[ 1974841ms] [LOG] [Fast Refresh] rebuilding @ webpack-internal:///(app-pages-browser)/./node_modules/next/dist/client/components/react-dev-overlay/app/hot-reloader-client.js:239
[ 1974954ms] [ERROR] ./src/components/sections/FloatingGallery.tsx
Error:   x Expected ',', got ';'
     ,-[C:\Users\Rahul\Downloads\data\new-design\src\components\sections\FloatingGallery.tsx:455:1]
 452 |         const eP = Math.min(1, Math.max(0, (progress - 0.12) / 0.15));
 453 |         eyebrow.style.opacity = String(eP);
 454 |         eyebrow.style.filter = `blur(${(10 * (1 - eP)).toFixed(1)}px)`;
 455 |       };
     :        ^
 456 | 
 457 |       // Drive via a single ScrollTrigger; pin the pin element.
 458 |       const st = ScrollTrigger.create({
     `----

Caused by:
    Syntax Error

Import trace for requested module:
./src/components/sections/FloatingGallery.tsx @ webpack-internal:///(app-pages-browser)/./node_modules/next/dist/client/components/globals/intercept-console-error.js:28
[ 1974980ms] [LOG] [Fast Refresh] rebuilding @ webpack-internal:///(app-pages-browser)/./node_modules/next/dist/client/components/react-dev-overlay/app/hot-reloader-client.js:239
[ 1975038ms] [ERROR] ./src/components/sections/FloatingGallery.tsx
Error:   x Expected ',', got ';'
     ,-[C:\Users\Rahul\Downloads\data\new-design\src\components\sections\FloatingGallery.tsx:455:1]
 452 |         const eP = Math.min(1, Math.max(0, (progress - 0.12) / 0.15));
 453 |         eyebrow.style.opacity = String(eP);
 454 |         eyebrow.style.filter = `blur(${(10 * (1 - eP)).toFixed(1)}px)`;
 455 |       };
     :        ^
 456 | 
 457 |       // Drive via a single ScrollTrigger; pin the pin element.
 458 |       const st = ScrollTrigger.create({
     `----

Caused by:
    Syntax Error

Import trace for requested module:
./src/components/sections/FloatingGallery.tsx
./src/app/page.tsx @ webpack-internal:///(app-pages-browser)/./node_modules/next/dist/client/components/globals/intercept-console-error.js:28
[ 1976789ms] [LOG] [Fast Refresh] done in 1810ms @ webpack-internal:///(app-pages-browser)/./node_modules/next/dist/client/components/react-dev-overlay/app/hot-reloader-client.js:66
[ 1976817ms] [LOG] [Fast Refresh] done in 1838ms @ webpack-internal:///(app-pages-browser)/./node_modules/next/dist/client/components/react-dev-overlay/app/hot-reloader-client.js:66
[ 1977371ms] [LOG] [Fast Refresh] done in 2392ms @ webpack-internal:///(app-pages-browser)/./node_modules/next/dist/client/components/react-dev-overlay/app/hot-reloader-client.js:66
[ 1977516ms] [ERROR] ./src/components/sections/FloatingGallery.tsx
Error:   x Expected ',', got ';'
     ,-[C:\Users\Rahul\Downloads\data\new-design\src\components\sections\FloatingGallery.tsx:455:1]
 452 |         const eP = Math.min(1, Math.max(0, (progress - 0.12) / 0.15));
 453 |         eyebrow.style.opacity = String(eP);
 454 |         eyebrow.style.filter = `blur(${(10 * (1 - eP)).toFixed(1)}px)`;
 455 |       };
     :        ^
 456 | 
 457 |       // Drive via a single ScrollTrigger; pin the pin element.
 458 |       const st = ScrollTrigger.create({
     `----

Caused by:
    Syntax Error

Import trace for requested module:
./src/components/sections/FloatingGallery.tsx
./src/app/page.tsx @ webpack-internal:///(app-pages-browser)/./node_modules/next/dist/client/components/globals/intercept-console-error.js:28
[ 1977647ms] [ERROR] Failed to load resource: the server responded with a status of 500 (Internal Server Error) @ http://localhost:3000/?_rsc=r3yhw:0
[ 1977663ms] [ERROR] Failed to load resource: the server responded with a status of 500 (Internal Server Error) @ http://localhost:3000/?_rsc=r3yhw:0
[ 1977673ms] [ERROR] Failed to load resource: the server responded with a status of 500 (Internal Server Error) @ http://localhost:3000/?_rsc=r3yhw:0
[ 1977694ms] [ERROR] Failed to load resource: the server responded with a status of 500 (Internal Server Error) @ http://localhost:3000/:0
[ 1977999ms] [INFO] %cDownload the React DevTools for a better development experience: https://react.dev/link/react-devtools font-weight:bold @ webpack-internal:///./node_modules/react-dom/cjs/react-dom-client.development.js:24514
[ 1978027ms] ModuleBuildError: Module build failed (from ./node_modules/next/dist/build/webpack/loaders/next-swc-loader.js):
Error:   x Expected ',', got ';'
     ,-[C:\Users\Rahul\Downloads\data\new-design\src\components\sections\FloatingGallery.tsx:455:1]
 452 |         const eP = Math.min(1, Math.max(0, (progress - 0.12) / 0.15));
 453 |         eyebrow.style.opacity = String(eP);
 454 |         eyebrow.style.filter = `blur(${(10 * (1 - eP)).toFixed(1)}px)`;
 455 |       };
     :        ^
 456 | 
 457 |       // Drive via a single ScrollTrigger; pin the pin element.
 458 |       const st = ScrollTrigger.create({
     `----


Caused by:
    Syntax Error
    at processResult (file://C:\Users\Rahul\Downloads\data\new-design\node_modules\next\dist\compiled\webpack\bundle5.js:28:400616)
    at <unknown> (file://C:\Users\Rahul\Downloads\data\new-design\node_modules\next\dist\compiled\webpack\bundle5.js:28:402328)
    at <unknown> (file://C:\Users\Rahul\Downloads\data\new-design\node_modules\next\dist\compiled\loader-runner\LoaderRunner.js:1:8645)
    at <unknown> (file://C:\Users\Rahul\Downloads\data\new-design\node_modules\next\dist\compiled\loader-runner\LoaderRunner.js:1:5019)
    at r.callback (file://C:\Users\Rahul\Downloads\data\new-design\node_modules\next\dist\compiled\loader-runner\LoaderRunner.js:1:4039)
[ 1978027ms] [LOG] [HMR] connected @ webpack-internal:///./node_modules/next/dist/client/components/react-dev-overlay/pages/websocket.js:41
[ 1978028ms] [ERROR] ./src/components/sections/FloatingGallery.tsx
Error:   x Expected ',', got ';'
     ,-[C:\Users\Rahul\Downloads\data\new-design\src\components\sections\FloatingGallery.tsx:455:1]
 452 |         const eP = Math.min(1, Math.max(0, (progress - 0.12) / 0.15));
 453 |         eyebrow.style.opacity = String(eP);
 454 |         eyebrow.style.filter = `blur(${(10 * (1 - eP)).toFixed(1)}px)`;
 455 |       };
     :        ^
 456 | 
 457 |       // Drive via a single ScrollTrigger; pin the pin element.
 458 |       const st = ScrollTrigger.create({
     `----

Caused by:
    Syntax Error @ webpack-internal:///./node_modules/next/dist/client/components/react-dev-overlay/pages/client.js:84
[ 1978073ms] [ERROR] ./src/components/sections/FloatingGallery.tsx
Error:   x Expected ',', got ';'
     ,-[C:\Users\Rahul\Downloads\data\new-design\src\components\sections\FloatingGallery.tsx:455:1]
 452 |         const eP = Math.min(1, Math.max(0, (progress - 0.12) / 0.15));
 453 |         eyebrow.style.opacity = String(eP);
 454 |         eyebrow.style.filter = `blur(${(10 * (1 - eP)).toFixed(1)}px)`;
 455 |       };
     :        ^
 456 | 
 457 |       // Drive via a single ScrollTrigger; pin the pin element.
 458 |       const st = ScrollTrigger.create({
     `----

Caused by:
    Syntax Error @ webpack-internal:///./node_modules/next/dist/client/components/react-dev-overlay/pages/client.js:84
[ 1978094ms] [ERROR] ./src/components/sections/FloatingGallery.tsx
Error:   x Expected ',', got ';'
     ,-[C:\Users\Rahul\Downloads\data\new-design\src\components\sections\FloatingGallery.tsx:455:1]
 452 |         const eP = Math.min(1, Math.max(0, (progress - 0.12) / 0.15));
 453 |         eyebrow.style.opacity = String(eP);
 454 |         eyebrow.style.filter = `blur(${(10 * (1 - eP)).toFixed(1)}px)`;
 455 |       };
     :        ^
 456 | 
 457 |       // Drive via a single ScrollTrigger; pin the pin element.
 458 |       const st = ScrollTrigger.create({
     `----

Caused by:
    Syntax Error @ webpack-internal:///./node_modules/next/dist/client/components/react-dev-overlay/pages/client.js:84
[ 1978136ms] [ERROR] ./src/components/sections/FloatingGallery.tsx
Error:   x Expected ',', got ';'
     ,-[C:\Users\Rahul\Downloads\data\new-design\src\components\sections\FloatingGallery.tsx:455:1]
 452 |         const eP = Math.min(1, Math.max(0, (progress - 0.12) / 0.15));
 453 |         eyebrow.style.opacity = String(eP);
 454 |         eyebrow.style.filter = `blur(${(10 * (1 - eP)).toFixed(1)}px)`;
 455 |       };
     :        ^
 456 | 
 457 |       // Drive via a single ScrollTrigger; pin the pin element.
 458 |       const st = ScrollTrigger.create({
     `----

Caused by:
    Syntax Error @ webpack-internal:///./node_modules/next/dist/client/components/react-dev-overlay/pages/client.js:84
[ 2153363ms] [ERROR] Failed to load resource: the server responded with a status of 500 (Internal Server Error) @ http://localhost:3000/:0
[ 2153453ms] [INFO] %cDownload the React DevTools for a better development experience: https://react.dev/link/react-devtools font-weight:bold @ webpack-internal:///./node_modules/react-dom/cjs/react-dom-client.development.js:24514
[ 2153463ms] ModuleBuildError: Module build failed (from ./node_modules/next/dist/build/webpack/loaders/next-swc-loader.js):
Error:   x Expected ',', got ';'
     ,-[C:\Users\Rahul\Downloads\data\new-design\src\components\sections\FloatingGallery.tsx:455:1]
 452 |         const eP = Math.min(1, Math.max(0, (progress - 0.12) / 0.15));
 453 |         eyebrow.style.opacity = String(eP);
 454 |         eyebrow.style.filter = `blur(${(10 * (1 - eP)).toFixed(1)}px)`;
 455 |       };
     :        ^
 456 | 
 457 |       // Drive via a single ScrollTrigger; pin the pin element.
 458 |       const st = ScrollTrigger.create({
     `----


Caused by:
    Syntax Error
    at processResult (file://C:\Users\Rahul\Downloads\data\new-design\node_modules\next\dist\compiled\webpack\bundle5.js:28:400616)
    at <unknown> (file://C:\Users\Rahul\Downloads\data\new-design\node_modules\next\dist\compiled\webpack\bundle5.js:28:402328)
    at <unknown> (file://C:\Users\Rahul\Downloads\data\new-design\node_modules\next\dist\compiled\loader-runner\LoaderRunner.js:1:8645)
    at <unknown> (file://C:\Users\Rahul\Downloads\data\new-design\node_modules\next\dist\compiled\loader-runner\LoaderRunner.js:1:5019)
    at r.callback (file://C:\Users\Rahul\Downloads\data\new-design\node_modules\next\dist\compiled\loader-runner\LoaderRunner.js:1:4039)
[ 2153464ms] [LOG] [HMR] connected @ webpack-internal:///./node_modules/next/dist/client/components/react-dev-overlay/pages/websocket.js:41
[ 2153465ms] [ERROR] ./src/components/sections/FloatingGallery.tsx
Error:   x Expected ',', got ';'
     ,-[C:\Users\Rahul\Downloads\data\new-design\src\components\sections\FloatingGallery.tsx:455:1]
 452 |         const eP = Math.min(1, Math.max(0, (progress - 0.12) / 0.15));
 453 |         eyebrow.style.opacity = String(eP);
 454 |         eyebrow.style.filter = `blur(${(10 * (1 - eP)).toFixed(1)}px)`;
 455 |       };
     :        ^
 456 | 
 457 |       // Drive via a single ScrollTrigger; pin the pin element.
 458 |       const st = ScrollTrigger.create({
     `----

Caused by:
    Syntax Error @ webpack-internal:///./node_modules/next/dist/client/components/react-dev-overlay/pages/client.js:84
[ 2153469ms] [ERROR] Failed to load resource: the server responded with a status of 500 (Internal Server Error) @ http://localhost:3000/favicon.ico:0
[ 2154273ms] [ERROR] Failed to load resource: the server responded with a status of 500 (Internal Server Error) @ http://localhost:3000/:0
[ 2154362ms] [INFO] %cDownload the React DevTools for a better development experience: https://react.dev/link/react-devtools font-weight:bold @ webpack-internal:///./node_modules/react-dom/cjs/react-dom-client.development.js:24514
[ 2154369ms] ModuleBuildError: Module build failed (from ./node_modules/next/dist/build/webpack/loaders/next-swc-loader.js):
Error:   x Expected ',', got ';'
     ,-[C:\Users\Rahul\Downloads\data\new-design\src\components\sections\FloatingGallery.tsx:455:1]
 452 |         const eP = Math.min(1, Math.max(0, (progress - 0.12) / 0.15));
 453 |         eyebrow.style.opacity = String(eP);
 454 |         eyebrow.style.filter = `blur(${(10 * (1 - eP)).toFixed(1)}px)`;
 455 |       };
     :        ^
 456 | 
 457 |       // Drive via a single ScrollTrigger; pin the pin element.
 458 |       const st = ScrollTrigger.create({
     `----


Caused by:
    Syntax Error
    at processResult (file://C:\Users\Rahul\Downloads\data\new-design\node_modules\next\dist\compiled\webpack\bundle5.js:28:400616)
    at <unknown> (file://C:\Users\Rahul\Downloads\data\new-design\node_modules\next\dist\compiled\webpack\bundle5.js:28:402328)
    at <unknown> (file://C:\Users\Rahul\Downloads\data\new-design\node_modules\next\dist\compiled\loader-runner\LoaderRunner.js:1:8645)
    at <unknown> (file://C:\Users\Rahul\Downloads\data\new-design\node_modules\next\dist\compiled\loader-runner\LoaderRunner.js:1:5019)
    at r.callback (file://C:\Users\Rahul\Downloads\data\new-design\node_modules\next\dist\compiled\loader-runner\LoaderRunner.js:1:4039)
[ 2154369ms] [LOG] [HMR] connected @ webpack-internal:///./node_modules/next/dist/client/components/react-dev-overlay/pages/websocket.js:41
[ 2154370ms] [ERROR] ./src/components/sections/FloatingGallery.tsx
Error:   x Expected ',', got ';'
     ,-[C:\Users\Rahul\Downloads\data\new-design\src\components\sections\FloatingGallery.tsx:455:1]
 452 |         const eP = Math.min(1, Math.max(0, (progress - 0.12) / 0.15));
 453 |         eyebrow.style.opacity = String(eP);
 454 |         eyebrow.style.filter = `blur(${(10 * (1 - eP)).toFixed(1)}px)`;
 455 |       };
     :        ^
 456 | 
 457 |       // Drive via a single ScrollTrigger; pin the pin element.
 458 |       const st = ScrollTrigger.create({
     `----

Caused by:
    Syntax Error @ webpack-internal:///./node_modules/next/dist/client/components/react-dev-overlay/pages/client.js:84
[ 2154374ms] [ERROR] Failed to load resource: the server responded with a status of 500 (Internal Server Error) @ http://localhost:3000/favicon.ico:0
[ 2154498ms] [ERROR] Failed to load resource: the server responded with a status of 500 (Internal Server Error) @ http://localhost:3000/:0
[ 2154589ms] [INFO] %cDownload the React DevTools for a better development experience: https://react.dev/link/react-devtools font-weight:bold @ webpack-internal:///./node_modules/react-dom/cjs/react-dom-client.development.js:24514
[ 2154594ms] ModuleBuildError: Module build failed (from ./node_modules/next/dist/build/webpack/loaders/next-swc-loader.js):
Error:   x Expected ',', got ';'
     ,-[C:\Users\Rahul\Downloads\data\new-design\src\components\sections\FloatingGallery.tsx:455:1]
 452 |         const eP = Math.min(1, Math.max(0, (progress - 0.12) / 0.15));
 453 |         eyebrow.style.opacity = String(eP);
 454 |         eyebrow.style.filter = `blur(${(10 * (1 - eP)).toFixed(1)}px)`;
 455 |       };
     :        ^
 456 | 
 457 |       // Drive via a single ScrollTrigger; pin the pin element.
 458 |       const st = ScrollTrigger.create({
     `----


Caused by:
    Syntax Error
    at processResult (file://C:\Users\Rahul\Downloads\data\new-design\node_modules\next\dist\compiled\webpack\bundle5.js:28:400616)
    at <unknown> (file://C:\Users\Rahul\Downloads\data\new-design\node_modules\next\dist\compiled\webpack\bundle5.js:28:402328)
    at <unknown> (file://C:\Users\Rahul\Downloads\data\new-design\node_modules\next\dist\compiled\loader-runner\LoaderRunner.js:1:8645)
    at <unknown> (file://C:\Users\Rahul\Downloads\data\new-design\node_modules\next\dist\compiled\loader-runner\LoaderRunner.js:1:5019)
    at r.callback (file://C:\Users\Rahul\Downloads\data\new-design\node_modules\next\dist\compiled\loader-runner\LoaderRunner.js:1:4039)
[ 2154594ms] [LOG] [HMR] connected @ webpack-internal:///./node_modules/next/dist/client/components/react-dev-overlay/pages/websocket.js:41
[ 2154594ms] [ERROR] ./src/components/sections/FloatingGallery.tsx
Error:   x Expected ',', got ';'
     ,-[C:\Users\Rahul\Downloads\data\new-design\src\components\sections\FloatingGallery.tsx:455:1]
 452 |         const eP = Math.min(1, Math.max(0, (progress - 0.12) / 0.15));
 453 |         eyebrow.style.opacity = String(eP);
 454 |         eyebrow.style.filter = `blur(${(10 * (1 - eP)).toFixed(1)}px)`;
 455 |       };
     :        ^
 456 | 
 457 |       // Drive via a single ScrollTrigger; pin the pin element.
 458 |       const st = ScrollTrigger.create({
     `----

Caused by:
    Syntax Error @ webpack-internal:///./node_modules/next/dist/client/components/react-dev-overlay/pages/client.js:84
[ 2154598ms] [ERROR] Failed to load resource: the server responded with a status of 500 (Internal Server Error) @ http://localhost:3000/favicon.ico:0
[ 2243453ms] [LOG] [Fast Refresh] rebuilding @ webpack-internal:///./node_modules/next/dist/client/components/react-dev-overlay/pages/hot-reloader-client.js:221
[ 2243614ms] [ERROR] ./src/components/sections/FloatingGallery.tsx
Error:   x Expected ',', got 'const'
     ,-[C:\Users\Rahul\Downloads\data\new-design\src\components\sections\FloatingGallery.tsx:463:1]
 460 |         }
 461 | 
 462 |         // -- eyebrow (always visible while phrase is) --
 463 |         const eP = Math.min(1, Math.max(0, (progress - 0.12) / 0.15));
     :         ^^^^^
 464 |         eyebrow.style.opacity = String(eP);
 465 |         eyebrow.style.filter = `blur(${(10 * (1 - eP)).toFixed(1)}px)`;
 466 |       };
     `----

Caused by:
    Syntax Error

Import trace for requested module:
./src/components/sections/FloatingGallery.tsx
./src/app/page.tsx @ webpack-internal:///./node_modules/next/dist/client/components/react-dev-overlay/pages/client.js:84
[ 2243699ms] [ERROR] Failed to load resource: the server responded with a status of 500 (Internal Server Error) @ http://localhost:3000/_next/static/webpack/6ffdfbf0c0ab6797.webpack.hot-update.json:0
[ 2243700ms] [WARNING] [Fast Refresh] performing full reload

Fast Refresh will perform a full reload when you edit a file that's imported by modules outside of the React rendering tree.
You might have a file which exports a React component but also exports a value that is imported by a non-React component file.
Consider migrating the non-React component export to a separate file and importing it into both files.

It is also possible the parent component of the component you edited is a class component, which disables Fast Refresh.
Fast Refresh requires at least one parent function component in your React tree. @ webpack-internal:///./node_modules/next/dist/client/components/react-dev-overlay/pages/hot-reloader-client.js:350
[ 2243737ms] [ERROR] Failed to load resource: the server responded with a status of 500 (Internal Server Error) @ http://localhost:3000/:0
[ 2243904ms] [INFO] %cDownload the React DevTools for a better development experience: https://react.dev/link/react-devtools font-weight:bold @ webpack-internal:///./node_modules/react-dom/cjs/react-dom-client.development.js:24514
[ 2243922ms] ModuleBuildError: Module build failed (from ./node_modules/next/dist/build/webpack/loaders/next-swc-loader.js):
Error:   x Expected ',', got 'const'
     ,-[C:\Users\Rahul\Downloads\data\new-design\src\components\sections\FloatingGallery.tsx:463:1]
 460 |         }
 461 | 
 462 |         // -- eyebrow (always visible while phrase is) --
 463 |         const eP = Math.min(1, Math.max(0, (progress - 0.12) / 0.15));
     :         ^^^^^
 464 |         eyebrow.style.opacity = String(eP);
 465 |         eyebrow.style.filter = `blur(${(10 * (1 - eP)).toFixed(1)}px)`;
 466 |       };
     `----


Caused by:
    Syntax Error
    at processResult (file://C:\Users\Rahul\Downloads\data\new-design\node_modules\next\dist\compiled\webpack\bundle5.js:28:400616)
    at <unknown> (file://C:\Users\Rahul\Downloads\data\new-design\node_modules\next\dist\compiled\webpack\bundle5.js:28:402328)
    at <unknown> (file://C:\Users\Rahul\Downloads\data\new-design\node_modules\next\dist\compiled\loader-runner\LoaderRunner.js:1:8645)
    at <unknown> (file://C:\Users\Rahul\Downloads\data\new-design\node_modules\next\dist\compiled\loader-runner\LoaderRunner.js:1:5019)
    at r.callback (file://C:\Users\Rahul\Downloads\data\new-design\node_modules\next\dist\compiled\loader-runner\LoaderRunner.js:1:4039)
[ 2243921ms] [LOG] [HMR] connected @ webpack-internal:///./node_modules/next/dist/client/components/react-dev-overlay/pages/websocket.js:41
[ 2243923ms] [ERROR] ./src/components/sections/FloatingGallery.tsx
Error:   x Expected ',', got 'const'
     ,-[C:\Users\Rahul\Downloads\data\new-design\src\components\sections\FloatingGallery.tsx:463:1]
 460 |         }
 461 | 
 462 |         // -- eyebrow (always visible while phrase is) --
 463 |         const eP = Math.min(1, Math.max(0, (progress - 0.12) / 0.15));
     :         ^^^^^
 464 |         eyebrow.style.opacity = String(eP);
 465 |         eyebrow.style.filter = `blur(${(10 * (1 - eP)).toFixed(1)}px)`;
 466 |       };
     `----

Caused by:
    Syntax Error @ webpack-internal:///./node_modules/next/dist/client/components/react-dev-overlay/pages/client.js:84
[ 2243945ms] [LOG] [Fast Refresh] rebuilding @ webpack-internal:///./node_modules/next/dist/client/components/react-dev-overlay/pages/hot-reloader-client.js:221
[ 2244067ms] [ERROR] ./src/components/sections/FloatingGallery.tsx
Error:   x Expected ',', got 'const'
     ,-[C:\Users\Rahul\Downloads\data\new-design\src\components\sections\FloatingGallery.tsx:463:1]
 460 |         }
 461 | 
 462 |         // -- eyebrow (always visible while phrase is) --
 463 |         const eP = Math.min(1, Math.max(0, (progress - 0.12) / 0.15));
     :         ^^^^^
 464 |         eyebrow.style.opacity = String(eP);
 465 |         eyebrow.style.filter = `blur(${(10 * (1 - eP)).toFixed(1)}px)`;
 466 |       };
     `----

Caused by:
    Syntax Error

Import trace for requested module:
./src/components/sections/FloatingGallery.tsx
./src/app/page.tsx @ webpack-internal:///./node_modules/next/dist/client/components/react-dev-overlay/pages/client.js:84
[ 2244223ms] [ERROR] ./src/components/sections/FloatingGallery.tsx
Error:   x Expected ',', got 'const'
     ,-[C:\Users\Rahul\Downloads\data\new-design\src\components\sections\FloatingGallery.tsx:463:1]
 460 |         }
 461 | 
 462 |         // -- eyebrow (always visible while phrase is) --
 463 |         const eP = Math.min(1, Math.max(0, (progress - 0.12) / 0.15));
     :         ^^^^^
 464 |         eyebrow.style.opacity = String(eP);
 465 |         eyebrow.style.filter = `blur(${(10 * (1 - eP)).toFixed(1)}px)`;
 466 |       };
     `----

Caused by:
    Syntax Error

Import trace for requested module:
./src/components/sections/FloatingGallery.tsx
./src/app/page.tsx @ webpack-internal:///./node_modules/next/dist/client/components/react-dev-overlay/pages/client.js:84
[ 2244230ms] [ERROR] Failed to load resource: the server responded with a status of 500 (Internal Server Error) @ http://localhost:3000/_next/static/webpack/6ffdfbf0c0ab6797.webpack.hot-update.json:0
[ 2244230ms] [WARNING] [Fast Refresh] performing full reload

Fast Refresh will perform a full reload when you edit a file that's imported by modules outside of the React rendering tree.
You might have a file which exports a React component but also exports a value that is imported by a non-React component file.
Consider migrating the non-React component export to a separate file and importing it into both files.

It is also possible the parent component of the component you edited is a class component, which disables Fast Refresh.
Fast Refresh requires at least one parent function component in your React tree. @ webpack-internal:///./node_modules/next/dist/client/components/react-dev-overlay/pages/hot-reloader-client.js:350
[ 2244237ms] [ERROR] Failed to load resource: the server responded with a status of 500 (Internal Server Error) @ http://localhost:3000/favicon.ico:0
[ 2244262ms] [ERROR] Failed to load resource: the server responded with a status of 500 (Internal Server Error) @ http://localhost:3000/:0
[ 2244430ms] [INFO] %cDownload the React DevTools for a better development experience: https://react.dev/link/react-devtools font-weight:bold @ webpack-internal:///./node_modules/react-dom/cjs/react-dom-client.development.js:24514
[ 2244441ms] ModuleBuildError: Module build failed (from ./node_modules/next/dist/build/webpack/loaders/next-swc-loader.js):
Error:   x Expected ',', got 'const'
     ,-[C:\Users\Rahul\Downloads\data\new-design\src\components\sections\FloatingGallery.tsx:463:1]
 460 |         }
 461 | 
 462 |         // -- eyebrow (always visible while phrase is) --
 463 |         const eP = Math.min(1, Math.max(0, (progress - 0.12) / 0.15));
     :         ^^^^^
 464 |         eyebrow.style.opacity = String(eP);
 465 |         eyebrow.style.filter = `blur(${(10 * (1 - eP)).toFixed(1)}px)`;
 466 |       };
     `----


Caused by:
    Syntax Error
    at processResult (file://C:\Users\Rahul\Downloads\data\new-design\node_modules\next\dist\compiled\webpack\bundle5.js:28:400616)
    at <unknown> (file://C:\Users\Rahul\Downloads\data\new-design\node_modules\next\dist\compiled\webpack\bundle5.js:28:402328)
    at <unknown> (file://C:\Users\Rahul\Downloads\data\new-design\node_modules\next\dist\compiled\loader-runner\LoaderRunner.js:1:8645)
    at <unknown> (file://C:\Users\Rahul\Downloads\data\new-design\node_modules\next\dist\compiled\loader-runner\LoaderRunner.js:1:5019)
    at r.callback (file://C:\Users\Rahul\Downloads\data\new-design\node_modules\next\dist\compiled\loader-runner\LoaderRunner.js:1:4039)
[ 2244439ms] [LOG] [HMR] connected @ webpack-internal:///./node_modules/next/dist/client/components/react-dev-overlay/pages/websocket.js:41
[ 2244440ms] [ERROR] ./src/components/sections/FloatingGallery.tsx
Error:   x Expected ',', got 'const'
     ,-[C:\Users\Rahul\Downloads\data\new-design\src\components\sections\FloatingGallery.tsx:463:1]
 460 |         }
 461 | 
 462 |         // -- eyebrow (always visible while phrase is) --
 463 |         const eP = Math.min(1, Math.max(0, (progress - 0.12) / 0.15));
     :         ^^^^^
 464 |         eyebrow.style.opacity = String(eP);
 465 |         eyebrow.style.filter = `blur(${(10 * (1 - eP)).toFixed(1)}px)`;
 466 |       };
     `----

Caused by:
    Syntax Error @ webpack-internal:///./node_modules/next/dist/client/components/react-dev-overlay/pages/client.js:84
[ 2244447ms] [ERROR] Failed to load resource: the server responded with a status of 500 (Internal Server Error) @ http://localhost:3000/favicon.ico:0
[ 2244453ms] [ERROR] ./src/components/sections/FloatingGallery.tsx
Error:   x Expected ',', got 'const'
     ,-[C:\Users\Rahul\Downloads\data\new-design\src\components\sections\FloatingGallery.tsx:463:1]
 460 |         }
 461 | 
 462 |         // -- eyebrow (always visible while phrase is) --
 463 |         const eP = Math.min(1, Math.max(0, (progress - 0.12) / 0.15));
     :         ^^^^^
 464 |         eyebrow.style.opacity = String(eP);
 465 |         eyebrow.style.filter = `blur(${(10 * (1 - eP)).toFixed(1)}px)`;
 466 |       };
     `----

Caused by:
    Syntax Error @ webpack-internal:///./node_modules/next/dist/client/components/react-dev-overlay/pages/client.js:84
[ 2244467ms] [ERROR] ./src/components/sections/FloatingGallery.tsx
Error:   x Expected ',', got 'const'
     ,-[C:\Users\Rahul\Downloads\data\new-design\src\components\sections\FloatingGallery.tsx:463:1]
 460 |         }
 461 | 
 462 |         // -- eyebrow (always visible while phrase is) --
 463 |         const eP = Math.min(1, Math.max(0, (progress - 0.12) / 0.15));
     :         ^^^^^
 464 |         eyebrow.style.opacity = String(eP);
 465 |         eyebrow.style.filter = `blur(${(10 * (1 - eP)).toFixed(1)}px)`;
 466 |       };
     `----

Caused by:
    Syntax Error @ webpack-internal:///./node_modules/next/dist/client/components/react-dev-overlay/pages/client.js:84
[ 2244548ms] [ERROR] ./src/components/sections/FloatingGallery.tsx
Error:   x Expected ',', got 'const'
     ,-[C:\Users\Rahul\Downloads\data\new-design\src\components\sections\FloatingGallery.tsx:463:1]
 460 |         }
 461 | 
 462 |         // -- eyebrow (always visible while phrase is) --
 463 |         const eP = Math.min(1, Math.max(0, (progress - 0.12) / 0.15));
     :         ^^^^^
 464 |         eyebrow.style.opacity = String(eP);
 465 |         eyebrow.style.filter = `blur(${(10 * (1 - eP)).toFixed(1)}px)`;
 466 |       };
     `----

Caused by:
    Syntax Error @ webpack-internal:///./node_modules/next/dist/client/components/react-dev-overlay/pages/client.js:84
[ 2471254ms] [LOG] [Fast Refresh] rebuilding @ webpack-internal:///./node_modules/next/dist/client/components/react-dev-overlay/pages/hot-reloader-client.js:221
[ 2471378ms] [ERROR] ./src/components/sections/FloatingGallery.tsx
Error:   x Expected ',', got 'const'
     ,-[C:\Users\Rahul\Downloads\data\new-design\src\components\sections\FloatingGallery.tsx:456:1]
 453 |         }
 454 | 
 455 |         // -- eyebrow (always visible while phrase is) --
 456 |         const eP = Math.min(1, Math.max(0, (progress - 0.12) / 0.15));
     :         ^^^^^
 457 |         eyebrow.style.opacity = String(eP);
 458 |         eyebrow.style.filter = `blur(${(10 * (1 - eP)).toFixed(1)}px)`;
 459 |       };
     `----

Caused by:
    Syntax Error

Import trace for requested module:
./src/components/sections/FloatingGallery.tsx
./src/app/page.tsx @ webpack-internal:///./node_modules/next/dist/client/components/react-dev-overlay/pages/client.js:84
[ 2471594ms] [ERROR] ./src/components/sections/FloatingGallery.tsx
Error:   x Expected ',', got 'const'
     ,-[C:\Users\Rahul\Downloads\data\new-design\src\components\sections\FloatingGallery.tsx:456:1]
 453 |         }
 454 | 
 455 |         // -- eyebrow (always visible while phrase is) --
 456 |         const eP = Math.min(1, Math.max(0, (progress - 0.12) / 0.15));
     :         ^^^^^
 457 |         eyebrow.style.opacity = String(eP);
 458 |         eyebrow.style.filter = `blur(${(10 * (1 - eP)).toFixed(1)}px)`;
 459 |       };
     `----

Caused by:
    Syntax Error

Import trace for requested module:
./src/components/sections/FloatingGallery.tsx
./src/app/page.tsx @ webpack-internal:///./node_modules/next/dist/client/components/react-dev-overlay/pages/client.js:84
[ 2471602ms] [ERROR] Failed to load resource: the server responded with a status of 500 (Internal Server Error) @ http://localhost:3000/_next/static/webpack/6ffdfbf0c0ab6797.webpack.hot-update.json:0
[ 2471602ms] [WARNING] [Fast Refresh] performing full reload

Fast Refresh will perform a full reload when you edit a file that's imported by modules outside of the React rendering tree.
You might have a file which exports a React component but also exports a value that is imported by a non-React component file.
Consider migrating the non-React component export to a separate file and importing it into both files.

It is also possible the parent component of the component you edited is a class component, which disables Fast Refresh.
Fast Refresh requires at least one parent function component in your React tree. @ webpack-internal:///./node_modules/next/dist/client/components/react-dev-overlay/pages/hot-reloader-client.js:350
[ 2471618ms] [ERROR] Failed to load resource: the server responded with a status of 500 (Internal Server Error) @ http://localhost:3000/:0
[ 2471721ms] [INFO] %cDownload the React DevTools for a better development experience: https://react.dev/link/react-devtools font-weight:bold @ webpack-internal:///./node_modules/react-dom/cjs/react-dom-client.development.js:24514
[ 2471735ms] ModuleBuildError: Module build failed (from ./node_modules/next/dist/build/webpack/loaders/next-swc-loader.js):
Error:   x Expected ',', got 'const'
     ,-[C:\Users\Rahul\Downloads\data\new-design\src\components\sections\FloatingGallery.tsx:456:1]
 453 |         }
 454 | 
 455 |         // -- eyebrow (always visible while phrase is) --
 456 |         const eP = Math.min(1, Math.max(0, (progress - 0.12) / 0.15));
     :         ^^^^^
 457 |         eyebrow.style.opacity = String(eP);
 458 |         eyebrow.style.filter = `blur(${(10 * (1 - eP)).toFixed(1)}px)`;
 459 |       };
     `----


Caused by:
    Syntax Error
    at processResult (file://C:\Users\Rahul\Downloads\data\new-design\node_modules\next\dist\compiled\webpack\bundle5.js:28:400616)
    at <unknown> (file://C:\Users\Rahul\Downloads\data\new-design\node_modules\next\dist\compiled\webpack\bundle5.js:28:402328)
    at <unknown> (file://C:\Users\Rahul\Downloads\data\new-design\node_modules\next\dist\compiled\loader-runner\LoaderRunner.js:1:8645)
    at <unknown> (file://C:\Users\Rahul\Downloads\data\new-design\node_modules\next\dist\compiled\loader-runner\LoaderRunner.js:1:5019)
    at r.callback (file://C:\Users\Rahul\Downloads\data\new-design\node_modules\next\dist\compiled\loader-runner\LoaderRunner.js:1:4039)
[ 2471735ms] [LOG] [HMR] connected @ webpack-internal:///./node_modules/next/dist/client/components/react-dev-overlay/pages/websocket.js:41
[ 2471737ms] [ERROR] ./src/components/sections/FloatingGallery.tsx
Error:   x Expected ',', got 'const'
     ,-[C:\Users\Rahul\Downloads\data\new-design\src\components\sections\FloatingGallery.tsx:456:1]
 453 |         }
 454 | 
 455 |         // -- eyebrow (always visible while phrase is) --
 456 |         const eP = Math.min(1, Math.max(0, (progress - 0.12) / 0.15));
     :         ^^^^^
 457 |         eyebrow.style.opacity = String(eP);
 458 |         eyebrow.style.filter = `blur(${(10 * (1 - eP)).toFixed(1)}px)`;
 459 |       };
     `----

Caused by:
    Syntax Error @ webpack-internal:///./node_modules/next/dist/client/components/react-dev-overlay/pages/client.js:84
[ 2471753ms] [LOG] [Fast Refresh] rebuilding @ webpack-internal:///./node_modules/next/dist/client/components/react-dev-overlay/pages/hot-reloader-client.js:221
[ 2471821ms] [ERROR] ./src/components/sections/FloatingGallery.tsx
Error:   x Expected ',', got 'const'
     ,-[C:\Users\Rahul\Downloads\data\new-design\src\components\sections\FloatingGallery.tsx:456:1]
 453 |         }
 454 | 
 455 |         // -- eyebrow (always visible while phrase is) --
 456 |         const eP = Math.min(1, Math.max(0, (progress - 0.12) / 0.15));
     :         ^^^^^
 457 |         eyebrow.style.opacity = String(eP);
 458 |         eyebrow.style.filter = `blur(${(10 * (1 - eP)).toFixed(1)}px)`;
 459 |       };
     `----

Caused by:
    Syntax Error

Import trace for requested module:
./src/components/sections/FloatingGallery.tsx
./src/app/page.tsx @ webpack-internal:///./node_modules/next/dist/client/components/react-dev-overlay/pages/client.js:84
[ 2471933ms] [ERROR] ./src/components/sections/FloatingGallery.tsx
Error:   x Expected ',', got 'const'
     ,-[C:\Users\Rahul\Downloads\data\new-design\src\components\sections\FloatingGallery.tsx:456:1]
 453 |         }
 454 | 
 455 |         // -- eyebrow (always visible while phrase is) --
 456 |         const eP = Math.min(1, Math.max(0, (progress - 0.12) / 0.15));
     :         ^^^^^
 457 |         eyebrow.style.opacity = String(eP);
 458 |         eyebrow.style.filter = `blur(${(10 * (1 - eP)).toFixed(1)}px)`;
 459 |       };
     `----

Caused by:
    Syntax Error

Import trace for requested module:
./src/components/sections/FloatingGallery.tsx
./src/app/page.tsx @ webpack-internal:///./node_modules/next/dist/client/components/react-dev-overlay/pages/client.js:84
[ 2471939ms] [ERROR] Failed to load resource: the server responded with a status of 500 (Internal Server Error) @ http://localhost:3000/_next/static/webpack/6ffdfbf0c0ab6797.webpack.hot-update.json:0
[ 2471939ms] [WARNING] [Fast Refresh] performing full reload

Fast Refresh will perform a full reload when you edit a file that's imported by modules outside of the React rendering tree.
You might have a file which exports a React component but also exports a value that is imported by a non-React component file.
Consider migrating the non-React component export to a separate file and importing it into both files.

It is also possible the parent component of the component you edited is a class component, which disables Fast Refresh.
Fast Refresh requires at least one parent function component in your React tree. @ webpack-internal:///./node_modules/next/dist/client/components/react-dev-overlay/pages/hot-reloader-client.js:350
[ 2471940ms] [ERROR] Failed to load resource: the server responded with a status of 500 (Internal Server Error) @ http://localhost:3000/favicon.ico:0
[ 2471958ms] [ERROR] Failed to load resource: the server responded with a status of 500 (Internal Server Error) @ http://localhost:3000/:0
[ 2472060ms] [INFO] %cDownload the React DevTools for a better development experience: https://react.dev/link/react-devtools font-weight:bold @ webpack-internal:///./node_modules/react-dom/cjs/react-dom-client.development.js:24514
[ 2472071ms] ModuleBuildError: Module build failed (from ./node_modules/next/dist/build/webpack/loaders/next-swc-loader.js):
Error:   x Expected ',', got 'const'
     ,-[C:\Users\Rahul\Downloads\data\new-design\src\components\sections\FloatingGallery.tsx:456:1]
 453 |         }
 454 | 
 455 |         // -- eyebrow (always visible while phrase is) --
 456 |         const eP = Math.min(1, Math.max(0, (progress - 0.12) / 0.15));
     :         ^^^^^
 457 |         eyebrow.style.opacity = String(eP);
 458 |         eyebrow.style.filter = `blur(${(10 * (1 - eP)).toFixed(1)}px)`;
 459 |       };
     `----


Caused by:
    Syntax Error
    at processResult (file://C:\Users\Rahul\Downloads\data\new-design\node_modules\next\dist\compiled\webpack\bundle5.js:28:400616)
    at <unknown> (file://C:\Users\Rahul\Downloads\data\new-design\node_modules\next\dist\compiled\webpack\bundle5.js:28:402328)
    at <unknown> (file://C:\Users\Rahul\Downloads\data\new-design\node_modules\next\dist\compiled\loader-runner\LoaderRunner.js:1:8645)
    at <unknown> (file://C:\Users\Rahul\Downloads\data\new-design\node_modules\next\dist\compiled\loader-runner\LoaderRunner.js:1:5019)
    at r.callback (file://C:\Users\Rahul\Downloads\data\new-design\node_modules\next\dist\compiled\loader-runner\LoaderRunner.js:1:4039)
[ 2472071ms] [LOG] [HMR] connected @ webpack-internal:///./node_modules/next/dist/client/components/react-dev-overlay/pages/websocket.js:41
[ 2472071ms] [ERROR] ./src/components/sections/FloatingGallery.tsx
Error:   x Expected ',', got 'const'
     ,-[C:\Users\Rahul\Downloads\data\new-design\src\components\sections\FloatingGallery.tsx:456:1]
 453 |         }
 454 | 
 455 |         // -- eyebrow (always visible while phrase is) --
 456 |         const eP = Math.min(1, Math.max(0, (progress - 0.12) / 0.15));
     :         ^^^^^
 457 |         eyebrow.style.opacity = String(eP);
 458 |         eyebrow.style.filter = `blur(${(10 * (1 - eP)).toFixed(1)}px)`;
 459 |       };
     `----

Caused by:
    Syntax Error @ webpack-internal:///./node_modules/next/dist/client/components/react-dev-overlay/pages/client.js:84
[ 2472076ms] [ERROR] Failed to load resource: the server responded with a status of 500 (Internal Server Error) @ http://localhost:3000/favicon.ico:0
[ 2472083ms] [ERROR] ./src/components/sections/FloatingGallery.tsx
Error:   x Expected ',', got 'const'
     ,-[C:\Users\Rahul\Downloads\data\new-design\src\components\sections\FloatingGallery.tsx:456:1]
 453 |         }
 454 | 
 455 |         // -- eyebrow (always visible while phrase is) --
 456 |         const eP = Math.min(1, Math.max(0, (progress - 0.12) / 0.15));
     :         ^^^^^
 457 |         eyebrow.style.opacity = String(eP);
 458 |         eyebrow.style.filter = `blur(${(10 * (1 - eP)).toFixed(1)}px)`;
 459 |       };
     `----

Caused by:
    Syntax Error @ webpack-internal:///./node_modules/next/dist/client/components/react-dev-overlay/pages/client.js:84
[ 2472103ms] [ERROR] ./src/components/sections/FloatingGallery.tsx
Error:   x Expected ',', got 'const'
     ,-[C:\Users\Rahul\Downloads\data\new-design\src\components\sections\FloatingGallery.tsx:456:1]
 453 |         }
 454 | 
 455 |         // -- eyebrow (always visible while phrase is) --
 456 |         const eP = Math.min(1, Math.max(0, (progress - 0.12) / 0.15));
     :         ^^^^^
 457 |         eyebrow.style.opacity = String(eP);
 458 |         eyebrow.style.filter = `blur(${(10 * (1 - eP)).toFixed(1)}px)`;
 459 |       };
     `----

Caused by:
    Syntax Error @ webpack-internal:///./node_modules/next/dist/client/components/react-dev-overlay/pages/client.js:84
[ 2511910ms] [LOG] [Fast Refresh] rebuilding @ webpack-internal:///./node_modules/next/dist/client/components/react-dev-overlay/pages/hot-reloader-client.js:221
[ 2511926ms] [ERROR] Failed to load resource: the server responded with a status of 500 (Internal Server Error) @ http://localhost:3000/_next/static/webpack/6ffdfbf0c0ab6797.webpack.hot-update.json:0
[ 2511926ms] [WARNING] [Fast Refresh] performing full reload

Fast Refresh will perform a full reload when you edit a file that's imported by modules outside of the React rendering tree.
You might have a file which exports a React component but also exports a value that is imported by a non-React component file.
Consider migrating the non-React component export to a separate file and importing it into both files.

It is also possible the parent component of the component you edited is a class component, which disables Fast Refresh.
Fast Refresh requires at least one parent function component in your React tree. @ webpack-internal:///./node_modules/next/dist/client/components/react-dev-overlay/pages/hot-reloader-client.js:350
[ 2512590ms] [LOG] [Fast Refresh] rebuilding @ webpack-internal:///./node_modules/next/dist/client/components/react-dev-overlay/pages/hot-reloader-client.js:221
[ 2513266ms] [INFO] %cDownload the React DevTools for a better development experience: https://react.dev/link/react-devtools font-weight:bold @ webpack-internal:///(app-pages-browser)/./node_modules/next/dist/compiled/react-dom/cjs/react-dom-client.development.js:24514
[ 2513395ms] [LOG] SectionRef: JSHandle@node @ webpack-internal:///(app-pages-browser)/./src/components/sections/FloatingGallery.tsx:230
[ 2513436ms] [WARNING] Image with src "/logo/logo.webp" has either width or height modified, but not the other. If you use CSS to change the size of your image, also include the styles 'width: "auto"' or 'height: "auto"' to maintain the aspect ratio. @ webpack-internal:///(app-pages-browser)/./node_modules/next/dist/shared/lib/utils/warn-once.js:15
[ 2516448ms] [WARNING] The resource http://localhost:3000/_next/image?url=%2Fbest%20shots%2FProduct%20image%2Fproduct-molton-brown.webp&w=3840&q=75 was preloaded using link preload but not used within a few seconds from the window's load event. Please make sure it has an appropriate `as` value and it is preloaded intentionally. @ http://localhost:3000/:0
[ 2516448ms] [WARNING] The resource http://localhost:3000/_next/image?url=%2Flogo%2Flogo.webp&w=384&q=75 was preloaded using link preload but not used within a few seconds from the window's load event. Please make sure it has an appropriate `as` value and it is preloaded intentionally. @ http://localhost:3000/:0
[ 2521438ms] [WARNING] The resource http://localhost:3000/_next/image?url=%2Fbest%20shots%2FProduct%20image%2Fproduct-molton-brown.webp&w=3840&q=75 was preloaded using link preload but not used within a few seconds from the window's load event. Please make sure it has an appropriate `as` value and it is preloaded intentionally. @ http://localhost:3000/:0
[ 2521438ms] [WARNING] The resource http://localhost:3000/_next/image?url=%2Flogo%2Flogo.webp&w=384&q=75 was preloaded using link preload but not used within a few seconds from the window's load event. Please make sure it has an appropriate `as` value and it is preloaded intentionally. @ http://localhost:3000/:0
[ 2531273ms] [WARNING] The resource http://localhost:3000/_next/image?url=%2Fbest%20shots%2FProduct%20image%2Fproduct-molton-brown.webp&w=3840&q=75 was preloaded using link preload but not used within a few seconds from the window's load event. Please make sure it has an appropriate `as` value and it is preloaded intentionally. @ http://localhost:3000/:0
[ 2531273ms] [WARNING] The resource http://localhost:3000/_next/image?url=%2Flogo%2Flogo.webp&w=384&q=75 was preloaded using link preload but not used within a few seconds from the window's load event. Please make sure it has an appropriate `as` value and it is preloaded intentionally. @ http://localhost:3000/:0
[ 2536486ms] [WARNING] The resource http://localhost:3000/_next/image?url=%2Fbest%20shots%2FProduct%20image%2Fproduct-molton-brown.webp&w=3840&q=75 was preloaded using link preload but not used within a few seconds from the window's load event. Please make sure it has an appropriate `as` value and it is preloaded intentionally. @ http://localhost:3000/:0
[ 2536486ms] [WARNING] The resource http://localhost:3000/_next/image?url=%2Flogo%2Flogo.webp&w=384&q=75 was preloaded using link preload but not used within a few seconds from the window's load event. Please make sure it has an appropriate `as` value and it is preloaded intentionally. @ http://localhost:3000/:0
[ 2546363ms] [WARNING] The resource http://localhost:3000/_next/image?url=%2Fbest%20shots%2FProduct%20image%2Fproduct-molton-brown.webp&w=3840&q=75 was preloaded using link preload but not used within a few seconds from the window's load event. Please make sure it has an appropriate `as` value and it is preloaded intentionally. @ http://localhost:3000/:0
[ 2546363ms] [WARNING] The resource http://localhost:3000/_next/image?url=%2Flogo%2Flogo.webp&w=384&q=75 was preloaded using link preload but not used within a few seconds from the window's load event. Please make sure it has an appropriate `as` value and it is preloaded intentionally. @ http://localhost:3000/:0
[ 2551681ms] [WARNING] The resource http://localhost:3000/_next/image?url=%2Fbest%20shots%2FProduct%20image%2Fproduct-molton-brown.webp&w=3840&q=75 was preloaded using link preload but not used within a few seconds from the window's load event. Please make sure it has an appropriate `as` value and it is preloaded intentionally. @ http://localhost:3000/:0
[ 2551681ms] [WARNING] The resource http://localhost:3000/_next/image?url=%2Flogo%2Flogo.webp&w=384&q=75 was preloaded using link preload but not used within a few seconds from the window's load event. Please make sure it has an appropriate `as` value and it is preloaded intentionally. @ http://localhost:3000/:0
[ 2561448ms] [WARNING] The resource http://localhost:3000/_next/image?url=%2Fbest%20shots%2FProduct%20image%2Fproduct-molton-brown.webp&w=3840&q=75 was preloaded using link preload but not used within a few seconds from the window's load event. Please make sure it has an appropriate `as` value and it is preloaded intentionally. @ http://localhost:3000/:0
[ 2561448ms] [WARNING] The resource http://localhost:3000/_next/image?url=%2Flogo%2Flogo.webp&w=384&q=75 was preloaded using link preload but not used within a few seconds from the window's load event. Please make sure it has an appropriate `as` value and it is preloaded intentionally. @ http://localhost:3000/:0
[ 2566652ms] [WARNING] The resource http://localhost:3000/_next/image?url=%2Fbest%20shots%2FProduct%20image%2Fproduct-molton-brown.webp&w=3840&q=75 was preloaded using link preload but not used within a few seconds from the window's load event. Please make sure it has an appropriate `as` value and it is preloaded intentionally. @ http://localhost:3000/:0
[ 2566652ms] [WARNING] The resource http://localhost:3000/_next/image?url=%2Flogo%2Flogo.webp&w=384&q=75 was preloaded using link preload but not used within a few seconds from the window's load event. Please make sure it has an appropriate `as` value and it is preloaded intentionally. @ http://localhost:3000/:0
[ 2576528ms] [WARNING] The resource http://localhost:3000/_next/image?url=%2Fbest%20shots%2FProduct%20image%2Fproduct-molton-brown.webp&w=3840&q=75 was preloaded using link preload but not used within a few seconds from the window's load event. Please make sure it has an appropriate `as` value and it is preloaded intentionally. @ http://localhost:3000/:0
[ 2576528ms] [WARNING] The resource http://localhost:3000/_next/image?url=%2Flogo%2Flogo.webp&w=384&q=75 was preloaded using link preload but not used within a few seconds from the window's load event. Please make sure it has an appropriate `as` value and it is preloaded intentionally. @ http://localhost:3000/:0
[ 2581876ms] [WARNING] The resource http://localhost:3000/_next/image?url=%2Fbest%20shots%2FProduct%20image%2Fproduct-molton-brown.webp&w=3840&q=75 was preloaded using link preload but not used within a few seconds from the window's load event. Please make sure it has an appropriate `as` value and it is preloaded intentionally. @ http://localhost:3000/:0
[ 2581876ms] [WARNING] The resource http://localhost:3000/_next/image?url=%2Flogo%2Flogo.webp&w=384&q=75 was preloaded using link preload but not used within a few seconds from the window's load event. Please make sure it has an appropriate `as` value and it is preloaded intentionally. @ http://localhost:3000/:0
[ 2591631ms] [WARNING] The resource http://localhost:3000/_next/image?url=%2Fbest%20shots%2FProduct%20image%2Fproduct-molton-brown.webp&w=3840&q=75 was preloaded using link preload but not used within a few seconds from the window's load event. Please make sure it has an appropriate `as` value and it is preloaded intentionally. @ http://localhost:3000/:0
[ 2591631ms] [WARNING] The resource http://localhost:3000/_next/image?url=%2Flogo%2Flogo.webp&w=384&q=75 was preloaded using link preload but not used within a few seconds from the window's load event. Please make sure it has an appropriate `as` value and it is preloaded intentionally. @ http://localhost:3000/:0
[ 2596880ms] [WARNING] The resource http://localhost:3000/_next/image?url=%2Fbest%20shots%2FProduct%20image%2Fproduct-molton-brown.webp&w=3840&q=75 was preloaded using link preload but not used within a few seconds from the window's load event. Please make sure it has an appropriate `as` value and it is preloaded intentionally. @ http://localhost:3000/:0
[ 2596880ms] [WARNING] The resource http://localhost:3000/_next/image?url=%2Flogo%2Flogo.webp&w=384&q=75 was preloaded using link preload but not used within a few seconds from the window's load event. Please make sure it has an appropriate `as` value and it is preloaded intentionally. @ http://localhost:3000/:0
[ 2606716ms] [WARNING] The resource http://localhost:3000/_next/image?url=%2Fbest%20shots%2FProduct%20image%2Fproduct-molton-brown.webp&w=3840&q=75 was preloaded using link preload but not used within a few seconds from the window's load event. Please make sure it has an appropriate `as` value and it is preloaded intentionally. @ http://localhost:3000/:0
[ 2606716ms] [WARNING] The resource http://localhost:3000/_next/image?url=%2Flogo%2Flogo.webp&w=384&q=75 was preloaded using link preload but not used within a few seconds from the window's load event. Please make sure it has an appropriate `as` value and it is preloaded intentionally. @ http://localhost:3000/:0
[ 2611964ms] [WARNING] The resource http://localhost:3000/_next/image?url=%2Fbest%20shots%2FProduct%20image%2Fproduct-molton-brown.webp&w=3840&q=75 was preloaded using link preload but not used within a few seconds from the window's load event. Please make sure it has an appropriate `as` value and it is preloaded intentionally. @ http://localhost:3000/:0
[ 2611964ms] [WARNING] The resource http://localhost:3000/_next/image?url=%2Flogo%2Flogo.webp&w=384&q=75 was preloaded using link preload but not used within a few seconds from the window's load event. Please make sure it has an appropriate `as` value and it is preloaded intentionally. @ http://localhost:3000/:0
[ 2621790ms] [WARNING] The resource http://localhost:3000/_next/image?url=%2Fbest%20shots%2FProduct%20image%2Fproduct-molton-brown.webp&w=3840&q=75 was preloaded using link preload but not used within a few seconds from the window's load event. Please make sure it has an appropriate `as` value and it is preloaded intentionally. @ http://localhost:3000/:0
[ 2621790ms] [WARNING] The resource http://localhost:3000/_next/image?url=%2Flogo%2Flogo.webp&w=384&q=75 was preloaded using link preload but not used within a few seconds from the window's load event. Please make sure it has an appropriate `as` value and it is preloaded intentionally. @ http://localhost:3000/:0
[ 2627032ms] [WARNING] The resource http://localhost:3000/_next/image?url=%2Fbest%20shots%2FProduct%20image%2Fproduct-molton-brown.webp&w=3840&q=75 was preloaded using link preload but not used within a few seconds from the window's load event. Please make sure it has an appropriate `as` value and it is preloaded intentionally. @ http://localhost:3000/:0
[ 2627032ms] [WARNING] The resource http://localhost:3000/_next/image?url=%2Flogo%2Flogo.webp&w=384&q=75 was preloaded using link preload but not used within a few seconds from the window's load event. Please make sure it has an appropriate `as` value and it is preloaded intentionally. @ http://localhost:3000/:0
[ 2636874ms] [WARNING] The resource http://localhost:3000/_next/image?url=%2Fbest%20shots%2FProduct%20image%2Fproduct-molton-brown.webp&w=3840&q=75 was preloaded using link preload but not used within a few seconds from the window's load event. Please make sure it has an appropriate `as` value and it is preloaded intentionally. @ http://localhost:3000/:0
[ 2636874ms] [WARNING] The resource http://localhost:3000/_next/image?url=%2Flogo%2Flogo.webp&w=384&q=75 was preloaded using link preload but not used within a few seconds from the window's load event. Please make sure it has an appropriate `as` value and it is preloaded intentionally. @ http://localhost:3000/:0
[ 2642095ms] [WARNING] The resource http://localhost:3000/_next/image?url=%2Fbest%20shots%2FProduct%20image%2Fproduct-molton-brown.webp&w=3840&q=75 was preloaded using link preload but not used within a few seconds from the window's load event. Please make sure it has an appropriate `as` value and it is preloaded intentionally. @ http://localhost:3000/:0
[ 2642095ms] [WARNING] The resource http://localhost:3000/_next/image?url=%2Flogo%2Flogo.webp&w=384&q=75 was preloaded using link preload but not used within a few seconds from the window's load event. Please make sure it has an appropriate `as` value and it is preloaded intentionally. @ http://localhost:3000/:0
[ 2651942ms] [WARNING] The resource http://localhost:3000/_next/image?url=%2Fbest%20shots%2FProduct%20image%2Fproduct-molton-brown.webp&w=3840&q=75 was preloaded using link preload but not used within a few seconds from the window's load event. Please make sure it has an appropriate `as` value and it is preloaded intentionally. @ http://localhost:3000/:0
[ 2651942ms] [WARNING] The resource http://localhost:3000/_next/image?url=%2Flogo%2Flogo.webp&w=384&q=75 was preloaded using link preload but not used within a few seconds from the window's load event. Please make sure it has an appropriate `as` value and it is preloaded intentionally. @ http://localhost:3000/:0
[ 2657184ms] [WARNING] The resource http://localhost:3000/_next/image?url=%2Fbest%20shots%2FProduct%20image%2Fproduct-molton-brown.webp&w=3840&q=75 was preloaded using link preload but not used within a few seconds from the window's load event. Please make sure it has an appropriate `as` value and it is preloaded intentionally. @ http://localhost:3000/:0
[ 2657184ms] [WARNING] The resource http://localhost:3000/_next/image?url=%2Flogo%2Flogo.webp&w=384&q=75 was preloaded using link preload but not used within a few seconds from the window's load event. Please make sure it has an appropriate `as` value and it is preloaded intentionally. @ http://localhost:3000/:0
[ 2667017ms] [WARNING] The resource http://localhost:3000/_next/image?url=%2Fbest%20shots%2FProduct%20image%2Fproduct-molton-brown.webp&w=3840&q=75 was preloaded using link preload but not used within a few seconds from the window's load event. Please make sure it has an appropriate `as` value and it is preloaded intentionally. @ http://localhost:3000/:0
[ 2667018ms] [WARNING] The resource http://localhost:3000/_next/image?url=%2Flogo%2Flogo.webp&w=384&q=75 was preloaded using link preload but not used within a few seconds from the window's load event. Please make sure it has an appropriate `as` value and it is preloaded intentionally. @ http://localhost:3000/:0
[ 2672265ms] [WARNING] The resource http://localhost:3000/_next/image?url=%2Fbest%20shots%2FProduct%20image%2Fproduct-molton-brown.webp&w=3840&q=75 was preloaded using link preload but not used within a few seconds from the window's load event. Please make sure it has an appropriate `as` value and it is preloaded intentionally. @ http://localhost:3000/:0
[ 2672265ms] [WARNING] The resource http://localhost:3000/_next/image?url=%2Flogo%2Flogo.webp&w=384&q=75 was preloaded using link preload but not used within a few seconds from the window's load event. Please make sure it has an appropriate `as` value and it is preloaded intentionally. @ http://localhost:3000/:0
[ 2682095ms] [WARNING] The resource http://localhost:3000/_next/image?url=%2Fbest%20shots%2FProduct%20image%2Fproduct-molton-brown.webp&w=3840&q=75 was preloaded using link preload but not used within a few seconds from the window's load event. Please make sure it has an appropriate `as` value and it is preloaded intentionally. @ http://localhost:3000/:0
[ 2682095ms] [WARNING] The resource http://localhost:3000/_next/image?url=%2Flogo%2Flogo.webp&w=384&q=75 was preloaded using link preload but not used within a few seconds from the window's load event. Please make sure it has an appropriate `as` value and it is preloaded intentionally. @ http://localhost:3000/:0
[ 2687331ms] [WARNING] The resource http://localhost:3000/_next/image?url=%2Fbest%20shots%2FProduct%20image%2Fproduct-molton-brown.webp&w=3840&q=75 was preloaded using link preload but not used within a few seconds from the window's load event. Please make sure it has an appropriate `as` value and it is preloaded intentionally. @ http://localhost:3000/:0
[ 2687331ms] [WARNING] The resource http://localhost:3000/_next/image?url=%2Flogo%2Flogo.webp&w=384&q=75 was preloaded using link preload but not used within a few seconds from the window's load event. Please make sure it has an appropriate `as` value and it is preloaded intentionally. @ http://localhost:3000/:0
[ 2697168ms] [WARNING] The resource http://localhost:3000/_next/image?url=%2Fbest%20shots%2FProduct%20image%2Fproduct-molton-brown.webp&w=3840&q=75 was preloaded using link preload but not used within a few seconds from the window's load event. Please make sure it has an appropriate `as` value and it is preloaded intentionally. @ http://localhost:3000/:0
[ 2697168ms] [WARNING] The resource http://localhost:3000/_next/image?url=%2Flogo%2Flogo.webp&w=384&q=75 was preloaded using link preload but not used within a few seconds from the window's load event. Please make sure it has an appropriate `as` value and it is preloaded intentionally. @ http://localhost:3000/:0
[ 2702378ms] [WARNING] The resource http://localhost:3000/_next/image?url=%2Fbest%20shots%2FProduct%20image%2Fproduct-molton-brown.webp&w=3840&q=75 was preloaded using link preload but not used within a few seconds from the window's load event. Please make sure it has an appropriate `as` value and it is preloaded intentionally. @ http://localhost:3000/:0
[ 2702378ms] [WARNING] The resource http://localhost:3000/_next/image?url=%2Flogo%2Flogo.webp&w=384&q=75 was preloaded using link preload but not used within a few seconds from the window's load event. Please make sure it has an appropriate `as` value and it is preloaded intentionally. @ http://localhost:3000/:0
[ 2712235ms] [WARNING] The resource http://localhost:3000/_next/image?url=%2Fbest%20shots%2FProduct%20image%2Fproduct-molton-brown.webp&w=3840&q=75 was preloaded using link preload but not used within a few seconds from the window's load event. Please make sure it has an appropriate `as` value and it is preloaded intentionally. @ http://localhost:3000/:0
[ 2712235ms] [WARNING] The resource http://localhost:3000/_next/image?url=%2Flogo%2Flogo.webp&w=384&q=75 was preloaded using link preload but not used within a few seconds from the window's load event. Please make sure it has an appropriate `as` value and it is preloaded intentionally. @ http://localhost:3000/:0
[ 2717534ms] [WARNING] The resource http://localhost:3000/_next/image?url=%2Fbest%20shots%2FProduct%20image%2Fproduct-molton-brown.webp&w=3840&q=75 was preloaded using link preload but not used within a few seconds from the window's load event. Please make sure it has an appropriate `as` value and it is preloaded intentionally. @ http://localhost:3000/:0
[ 2717534ms] [WARNING] The resource http://localhost:3000/_next/image?url=%2Flogo%2Flogo.webp&w=384&q=75 was preloaded using link preload but not used within a few seconds from the window's load event. Please make sure it has an appropriate `as` value and it is preloaded intentionally. @ http://localhost:3000/:0
[ 2727304ms] [WARNING] The resource http://localhost:3000/_next/image?url=%2Fbest%20shots%2FProduct%20image%2Fproduct-molton-brown.webp&w=3840&q=75 was preloaded using link preload but not used within a few seconds from the window's load event. Please make sure it has an appropriate `as` value and it is preloaded intentionally. @ http://localhost:3000/:0
[ 2727304ms] [WARNING] The resource http://localhost:3000/_next/image?url=%2Flogo%2Flogo.webp&w=384&q=75 was preloaded using link preload but not used within a few seconds from the window's load event. Please make sure it has an appropriate `as` value and it is preloaded intentionally. @ http://localhost:3000/:0
[ 2732619ms] [WARNING] The resource http://localhost:3000/_next/image?url=%2Fbest%20shots%2FProduct%20image%2Fproduct-molton-brown.webp&w=3840&q=75 was preloaded using link preload but not used within a few seconds from the window's load event. Please make sure it has an appropriate `as` value and it is preloaded intentionally. @ http://localhost:3000/:0
[ 2732619ms] [WARNING] The resource http://localhost:3000/_next/image?url=%2Flogo%2Flogo.webp&w=384&q=75 was preloaded using link preload but not used within a few seconds from the window's load event. Please make sure it has an appropriate `as` value and it is preloaded intentionally. @ http://localhost:3000/:0
[ 2742386ms] [WARNING] The resource http://localhost:3000/_next/image?url=%2Fbest%20shots%2FProduct%20image%2Fproduct-molton-brown.webp&w=3840&q=75 was preloaded using link preload but not used within a few seconds from the window's load event. Please make sure it has an appropriate `as` value and it is preloaded intentionally. @ http://localhost:3000/:0
[ 2742386ms] [WARNING] The resource http://localhost:3000/_next/image?url=%2Flogo%2Flogo.webp&w=384&q=75 was preloaded using link preload but not used within a few seconds from the window's load event. Please make sure it has an appropriate `as` value and it is preloaded intentionally. @ http://localhost:3000/:0
[ 2747603ms] [WARNING] The resource http://localhost:3000/_next/image?url=%2Fbest%20shots%2FProduct%20image%2Fproduct-molton-brown.webp&w=3840&q=75 was preloaded using link preload but not used within a few seconds from the window's load event. Please make sure it has an appropriate `as` value and it is preloaded intentionally. @ http://localhost:3000/:0
[ 2747603ms] [WARNING] The resource http://localhost:3000/_next/image?url=%2Flogo%2Flogo.webp&w=384&q=75 was preloaded using link preload but not used within a few seconds from the window's load event. Please make sure it has an appropriate `as` value and it is preloaded intentionally. @ http://localhost:3000/:0
[ 2757453ms] [WARNING] The resource http://localhost:3000/_next/image?url=%2Fbest%20shots%2FProduct%20image%2Fproduct-molton-brown.webp&w=3840&q=75 was preloaded using link preload but not used within a few seconds from the window's load event. Please make sure it has an appropriate `as` value and it is preloaded intentionally. @ http://localhost:3000/:0
[ 2757453ms] [WARNING] The resource http://localhost:3000/_next/image?url=%2Flogo%2Flogo.webp&w=384&q=75 was preloaded using link preload but not used within a few seconds from the window's load event. Please make sure it has an appropriate `as` value and it is preloaded intentionally. @ http://localhost:3000/:0
[ 2762687ms] [WARNING] The resource http://localhost:3000/_next/image?url=%2Fbest%20shots%2FProduct%20image%2Fproduct-molton-brown.webp&w=3840&q=75 was preloaded using link preload but not used within a few seconds from the window's load event. Please make sure it has an appropriate `as` value and it is preloaded intentionally. @ http://localhost:3000/:0
[ 2762687ms] [WARNING] The resource http://localhost:3000/_next/image?url=%2Flogo%2Flogo.webp&w=384&q=75 was preloaded using link preload but not used within a few seconds from the window's load event. Please make sure it has an appropriate `as` value and it is preloaded intentionally. @ http://localhost:3000/:0
[ 2772520ms] [WARNING] The resource http://localhost:3000/_next/image?url=%2Fbest%20shots%2FProduct%20image%2Fproduct-molton-brown.webp&w=3840&q=75 was preloaded using link preload but not used within a few seconds from the window's load event. Please make sure it has an appropriate `as` value and it is preloaded intentionally. @ http://localhost:3000/:0
[ 2772520ms] [WARNING] The resource http://localhost:3000/_next/image?url=%2Flogo%2Flogo.webp&w=384&q=75 was preloaded using link preload but not used within a few seconds from the window's load event. Please make sure it has an appropriate `as` value and it is preloaded intentionally. @ http://localhost:3000/:0
[ 2777752ms] [WARNING] The resource http://localhost:3000/_next/image?url=%2Fbest%20shots%2FProduct%20image%2Fproduct-molton-brown.webp&w=3840&q=75 was preloaded using link preload but not used within a few seconds from the window's load event. Please make sure it has an appropriate `as` value and it is preloaded intentionally. @ http://localhost:3000/:0
[ 2777752ms] [WARNING] The resource http://localhost:3000/_next/image?url=%2Flogo%2Flogo.webp&w=384&q=75 was preloaded using link preload but not used within a few seconds from the window's load event. Please make sure it has an appropriate `as` value and it is preloaded intentionally. @ http://localhost:3000/:0
[ 2787603ms] [WARNING] The resource http://localhost:3000/_next/image?url=%2Fbest%20shots%2FProduct%20image%2Fproduct-molton-brown.webp&w=3840&q=75 was preloaded using link preload but not used within a few seconds from the window's load event. Please make sure it has an appropriate `as` value and it is preloaded intentionally. @ http://localhost:3000/:0
[ 2787604ms] [WARNING] The resource http://localhost:3000/_next/image?url=%2Flogo%2Flogo.webp&w=384&q=75 was preloaded using link preload but not used within a few seconds from the window's load event. Please make sure it has an appropriate `as` value and it is preloaded intentionally. @ http://localhost:3000/:0
[ 2792822ms] [WARNING] The resource http://localhost:3000/_next/image?url=%2Fbest%20shots%2FProduct%20image%2Fproduct-molton-brown.webp&w=3840&q=75 was preloaded using link preload but not used within a few seconds from the window's load event. Please make sure it has an appropriate `as` value and it is preloaded intentionally. @ http://localhost:3000/:0
[ 2792822ms] [WARNING] The resource http://localhost:3000/_next/image?url=%2Flogo%2Flogo.webp&w=384&q=75 was preloaded using link preload but not used within a few seconds from the window's load event. Please make sure it has an appropriate `as` value and it is preloaded intentionally. @ http://localhost:3000/:0
[ 2802679ms] [WARNING] The resource http://localhost:3000/_next/image?url=%2Fbest%20shots%2FProduct%20image%2Fproduct-molton-brown.webp&w=3840&q=75 was preloaded using link preload but not used within a few seconds from the window's load event. Please make sure it has an appropriate `as` value and it is preloaded intentionally. @ http://localhost:3000/:0
[ 2802680ms] [WARNING] The resource http://localhost:3000/_next/image?url=%2Flogo%2Flogo.webp&w=384&q=75 was preloaded using link preload but not used within a few seconds from the window's load event. Please make sure it has an appropriate `as` value and it is preloaded intentionally. @ http://localhost:3000/:0
[ 2807904ms] [WARNING] The resource http://localhost:3000/_next/image?url=%2Fbest%20shots%2FProduct%20image%2Fproduct-molton-brown.webp&w=3840&q=75 was preloaded using link preload but not used within a few seconds from the window's load event. Please make sure it has an appropriate `as` value and it is preloaded intentionally. @ http://localhost:3000/:0
[ 2807904ms] [WARNING] The resource http://localhost:3000/_next/image?url=%2Flogo%2Flogo.webp&w=384&q=75 was preloaded using link preload but not used within a few seconds from the window's load event. Please make sure it has an appropriate `as` value and it is preloaded intentionally. @ http://localhost:3000/:0
[ 2817754ms] [WARNING] The resource http://localhost:3000/_next/image?url=%2Fbest%20shots%2FProduct%20image%2Fproduct-molton-brown.webp&w=3840&q=75 was preloaded using link preload but not used within a few seconds from the window's load event. Please make sure it has an appropriate `as` value and it is preloaded intentionally. @ http://localhost:3000/:0
[ 2817754ms] [WARNING] The resource http://localhost:3000/_next/image?url=%2Flogo%2Flogo.webp&w=384&q=75 was preloaded using link preload but not used within a few seconds from the window's load event. Please make sure it has an appropriate `as` value and it is preloaded intentionally. @ http://localhost:3000/:0
[ 2823014ms] [WARNING] The resource http://localhost:3000/_next/image?url=%2Fbest%20shots%2FProduct%20image%2Fproduct-molton-brown.webp&w=3840&q=75 was preloaded using link preload but not used within a few seconds from the window's load event. Please make sure it has an appropriate `as` value and it is preloaded intentionally. @ http://localhost:3000/:0
[ 2823014ms] [WARNING] The resource http://localhost:3000/_next/image?url=%2Flogo%2Flogo.webp&w=384&q=75 was preloaded using link preload but not used within a few seconds from the window's load event. Please make sure it has an appropriate `as` value and it is preloaded intentionally. @ http://localhost:3000/:0
[ 2832818ms] [WARNING] The resource http://localhost:3000/_next/image?url=%2Fbest%20shots%2FProduct%20image%2Fproduct-molton-brown.webp&w=3840&q=75 was preloaded using link preload but not used within a few seconds from the window's load event. Please make sure it has an appropriate `as` value and it is preloaded intentionally. @ http://localhost:3000/:0
[ 2832818ms] [WARNING] The resource http://localhost:3000/_next/image?url=%2Flogo%2Flogo.webp&w=384&q=75 was preloaded using link preload but not used within a few seconds from the window's load event. Please make sure it has an appropriate `as` value and it is preloaded intentionally. @ http://localhost:3000/:0
[ 2838155ms] [WARNING] The resource http://localhost:3000/_next/image?url=%2Fbest%20shots%2FProduct%20image%2Fproduct-molton-brown.webp&w=3840&q=75 was preloaded using link preload but not used within a few seconds from the window's load event. Please make sure it has an appropriate `as` value and it is preloaded intentionally. @ http://localhost:3000/:0
[ 2838155ms] [WARNING] The resource http://localhost:3000/_next/image?url=%2Flogo%2Flogo.webp&w=384&q=75 was preloaded using link preload but not used within a few seconds from the window's load event. Please make sure it has an appropriate `as` value and it is preloaded intentionally. @ http://localhost:3000/:0
[ 2847905ms] [WARNING] The resource http://localhost:3000/_next/image?url=%2Fbest%20shots%2FProduct%20image%2Fproduct-molton-brown.webp&w=3840&q=75 was preloaded using link preload but not used within a few seconds from the window's load event. Please make sure it has an appropriate `as` value and it is preloaded intentionally. @ http://localhost:3000/:0
[ 2847905ms] [WARNING] The resource http://localhost:3000/_next/image?url=%2Flogo%2Flogo.webp&w=384&q=75 was preloaded using link preload but not used within a few seconds from the window's load event. Please make sure it has an appropriate `as` value and it is preloaded intentionally. @ http://localhost:3000/:0
[ 2853139ms] [WARNING] The resource http://localhost:3000/_next/image?url=%2Fbest%20shots%2FProduct%20image%2Fproduct-molton-brown.webp&w=3840&q=75 was preloaded using link preload but not used within a few seconds from the window's load event. Please make sure it has an appropriate `as` value and it is preloaded intentionally. @ http://localhost:3000/:0
[ 2853139ms] [WARNING] The resource http://localhost:3000/_next/image?url=%2Flogo%2Flogo.webp&w=384&q=75 was preloaded using link preload but not used within a few seconds from the window's load event. Please make sure it has an appropriate `as` value and it is preloaded intentionally. @ http://localhost:3000/:0
[ 2862972ms] [WARNING] The resource http://localhost:3000/_next/image?url=%2Fbest%20shots%2FProduct%20image%2Fproduct-molton-brown.webp&w=3840&q=75 was preloaded using link preload but not used within a few seconds from the window's load event. Please make sure it has an appropriate `as` value and it is preloaded intentionally. @ http://localhost:3000/:0
[ 2862972ms] [WARNING] The resource http://localhost:3000/_next/image?url=%2Flogo%2Flogo.webp&w=384&q=75 was preloaded using link preload but not used within a few seconds from the window's load event. Please make sure it has an appropriate `as` value and it is preloaded intentionally. @ http://localhost:3000/:0
[ 2868221ms] [WARNING] The resource http://localhost:3000/_next/image?url=%2Fbest%20shots%2FProduct%20image%2Fproduct-molton-brown.webp&w=3840&q=75 was preloaded using link preload but not used within a few seconds from the window's load event. Please make sure it has an appropriate `as` value and it is preloaded intentionally. @ http://localhost:3000/:0
[ 2868221ms] [WARNING] The resource http://localhost:3000/_next/image?url=%2Flogo%2Flogo.webp&w=384&q=75 was preloaded using link preload but not used within a few seconds from the window's load event. Please make sure it has an appropriate `as` value and it is preloaded intentionally. @ http://localhost:3000/:0
[ 2878053ms] [WARNING] The resource http://localhost:3000/_next/image?url=%2Fbest%20shots%2FProduct%20image%2Fproduct-molton-brown.webp&w=3840&q=75 was preloaded using link preload but not used within a few seconds from the window's load event. Please make sure it has an appropriate `as` value and it is preloaded intentionally. @ http://localhost:3000/:0
[ 2878054ms] [WARNING] The resource http://localhost:3000/_next/image?url=%2Flogo%2Flogo.webp&w=384&q=75 was preloaded using link preload but not used within a few seconds from the window's load event. Please make sure it has an appropriate `as` value and it is preloaded intentionally. @ http://localhost:3000/:0
[ 2883383ms] [WARNING] The resource http://localhost:3000/_next/image?url=%2Fbest%20shots%2FProduct%20image%2Fproduct-molton-brown.webp&w=3840&q=75 was preloaded using link preload but not used within a few seconds from the window's load event. Please make sure it has an appropriate `as` value and it is preloaded intentionally. @ http://localhost:3000/:0
[ 2883383ms] [WARNING] The resource http://localhost:3000/_next/image?url=%2Flogo%2Flogo.webp&w=384&q=75 was preloaded using link preload but not used within a few seconds from the window's load event. Please make sure it has an appropriate `as` value and it is preloaded intentionally. @ http://localhost:3000/:0
[ 2893130ms] [WARNING] The resource http://localhost:3000/_next/image?url=%2Fbest%20shots%2FProduct%20image%2Fproduct-molton-brown.webp&w=3840&q=75 was preloaded using link preload but not used within a few seconds from the window's load event. Please make sure it has an appropriate `as` value and it is preloaded intentionally. @ http://localhost:3000/:0
[ 2893131ms] [WARNING] The resource http://localhost:3000/_next/image?url=%2Flogo%2Flogo.webp&w=384&q=75 was preloaded using link preload but not used within a few seconds from the window's load event. Please make sure it has an appropriate `as` value and it is preloaded intentionally. @ http://localhost:3000/:0
[ 2898434ms] [WARNING] The resource http://localhost:3000/_next/image?url=%2Fbest%20shots%2FProduct%20image%2Fproduct-molton-brown.webp&w=3840&q=75 was preloaded using link preload but not used within a few seconds from the window's load event. Please make sure it has an appropriate `as` value and it is preloaded intentionally. @ http://localhost:3000/:0
[ 2898434ms] [WARNING] The resource http://localhost:3000/_next/image?url=%2Flogo%2Flogo.webp&w=384&q=75 was preloaded using link preload but not used within a few seconds from the window's load event. Please make sure it has an appropriate `as` value and it is preloaded intentionally. @ http://localhost:3000/:0
[ 2908206ms] [WARNING] The resource http://localhost:3000/_next/image?url=%2Fbest%20shots%2FProduct%20image%2Fproduct-molton-brown.webp&w=3840&q=75 was preloaded using link preload but not used within a few seconds from the window's load event. Please make sure it has an appropriate `as` value and it is preloaded intentionally. @ http://localhost:3000/:0
[ 2908206ms] [WARNING] The resource http://localhost:3000/_next/image?url=%2Flogo%2Flogo.webp&w=384&q=75 was preloaded using link preload but not used within a few seconds from the window's load event. Please make sure it has an appropriate `as` value and it is preloaded intentionally. @ http://localhost:3000/:0
[ 2913440ms] [WARNING] The resource http://localhost:3000/_next/image?url=%2Fbest%20shots%2FProduct%20image%2Fproduct-molton-brown.webp&w=3840&q=75 was preloaded using link preload but not used within a few seconds from the window's load event. Please make sure it has an appropriate `as` value and it is preloaded intentionally. @ http://localhost:3000/:0
[ 2913440ms] [WARNING] The resource http://localhost:3000/_next/image?url=%2Flogo%2Flogo.webp&w=384&q=75 was preloaded using link preload but not used within a few seconds from the window's load event. Please make sure it has an appropriate `as` value and it is preloaded intentionally. @ http://localhost:3000/:0
[ 2923279ms] [WARNING] The resource http://localhost:3000/_next/image?url=%2Fbest%20shots%2FProduct%20image%2Fproduct-molton-brown.webp&w=3840&q=75 was preloaded using link preload but not used within a few seconds from the window's load event. Please make sure it has an appropriate `as` value and it is preloaded intentionally. @ http://localhost:3000/:0
[ 2923279ms] [WARNING] The resource http://localhost:3000/_next/image?url=%2Flogo%2Flogo.webp&w=384&q=75 was preloaded using link preload but not used within a few seconds from the window's load event. Please make sure it has an appropriate `as` value and it is preloaded intentionally. @ http://localhost:3000/:0
[ 2928621ms] [WARNING] The resource http://localhost:3000/_next/image?url=%2Fbest%20shots%2FProduct%20image%2Fproduct-molton-brown.webp&w=3840&q=75 was preloaded using link preload but not used within a few seconds from the window's load event. Please make sure it has an appropriate `as` value and it is preloaded intentionally. @ http://localhost:3000/:0
[ 2928621ms] [WARNING] The resource http://localhost:3000/_next/image?url=%2Flogo%2Flogo.webp&w=384&q=75 was preloaded using link preload but not used within a few seconds from the window's load event. Please make sure it has an appropriate `as` value and it is preloaded intentionally. @ http://localhost:3000/:0
[ 2938357ms] [WARNING] The resource http://localhost:3000/_next/image?url=%2Fbest%20shots%2FProduct%20image%2Fproduct-molton-brown.webp&w=3840&q=75 was preloaded using link preload but not used within a few seconds from the window's load event. Please make sure it has an appropriate `as` value and it is preloaded intentionally. @ http://localhost:3000/:0
[ 2938357ms] [WARNING] The resource http://localhost:3000/_next/image?url=%2Flogo%2Flogo.webp&w=384&q=75 was preloaded using link preload but not used within a few seconds from the window's load event. Please make sure it has an appropriate `as` value and it is preloaded intentionally. @ http://localhost:3000/:0
[ 2943591ms] [WARNING] The resource http://localhost:3000/_next/image?url=%2Fbest%20shots%2FProduct%20image%2Fproduct-molton-brown.webp&w=3840&q=75 was preloaded using link preload but not used within a few seconds from the window's load event. Please make sure it has an appropriate `as` value and it is preloaded intentionally. @ http://localhost:3000/:0
[ 2943591ms] [WARNING] The resource http://localhost:3000/_next/image?url=%2Flogo%2Flogo.webp&w=384&q=75 was preloaded using link preload but not used within a few seconds from the window's load event. Please make sure it has an appropriate `as` value and it is preloaded intentionally. @ http://localhost:3000/:0
